000206C0	Ice Age 2 - The Meltdown (USA)
006A6AFA	Donkey Kong 2 (USA)
00C906A3	Digimon - Battle Spirit 2 (Europe) (En,Fr,De,Es,It)
01413DB1	Disney Sports - Football (USA)
0145F3F4	Spider-Man 2 (USA, Europe)
0187988F	Freestyle Scooter (Europe)
01A0FCA8	Tales of Phantasia (USA, Australia)
01AFB2F7	Oggo Boggo (World) (GBA Jam 2024)
01B4D95E	Mega Man & Bass (Europe)
01C1707F	Dragon Ball Z - Buu's Fury (USA)
021A5755	Lilo & Stitch 2 - Haemsterviel Havoc (USA)
021CDA8E	Britney's Dance Beat (Europe) (En,Fr)
024A1914	Tweety and the Magic Gems (Europe)
025A9998	Rayman - Hoodlum's Revenge (USA) (En,Fr,Es)
027BC70D	Sonic The Hedgehog - Genesis (USA)
02CF5E5C	Beyblade V-Force - Ultimate Blader Jam (Europe) (En,Fr,De,Es,It)
02D12544	Chicken Shoot 2 (Europe) (En,Fr,De,Es,It)
02D20287	V-Rally 3 (Europe) (En,Fr,De,Es,It)
02D62CE9	Polarium Advance (USA)
02E0CCA4	3 Games in One! - Breakout + Centipede + Warlords (USA)
02E35663	Little Mermaid, The - Magic in Two Kingdoms (USA, Europe) (En,Fr,De,Es,It)
02F51696	Mr. Driller 2 (USA)
03294511	Medabots AX - Metabee Ver. (USA)
033229A7	SpongeBob SquarePants and Friends - Battle for Volcano Island (Europe) (En,Fr,De,Es,It,Nl)
034D2D4B	Crash Bandicoot - The Huge Adventure (USA)
036E30B0	World Tennis Stars (USA)
03898E7F	GT Advance 3 - Pro Concept Racing (Europe)
03925772	Crash Nitro Kart (Europe) (En,Fr,De,Es,It,Nl)
03BBC0C9	Mucha Lucha! - Mascaritas of the Lost Code (USA) (En,Fr,Es)
04146DD6	Puppy Luv - Spa and Resort (USA)
0477F153	Ballistic - Ecks vs. Sever (USA)
04836C4D	ChuChu Rocket! (Japan) (En,Ja,Fr,De,Es) (Virtual Console)
04A40017	4 Games on One Game Pak (Racing) (USA) (En,Fr,De,Es,It)
050E2164	Castlevania (Europe) (Castlevania Advance Collection)
051F3D0D	Speedball 2 (Europe) (En,Fr,De,Es,It)
052708D7	Harry Potter and the Goblet of Fire (USA, Europe) (En,Fr,De,Es,It,Nl,Da)
052C9997	Final Fight One (USA)
057FB1B6	ChuChu Rocket! (USA) (En,Ja,Fr,De,Es)
05E327D1	Gap-Man (World)
05F4D0AA	Yoshi's Universal Gravitation (Europe) (En,Fr,De,Es,It)
06079C42	Kong - The 8th Wonder of the World (USA) (En,Fr,Es)
063045AA	Super Street Fighter II Turbo - Revival (USA)
06570282	Duke Nukem Advance (USA)
0666F37A	Space Channel 5 - Ulala's Cosmic Attack (USA)
066A2705	Cartoon Network Speedway (USA)
069607D0	Celeste Classic 2 (World)
06992F1D	Totally Spies! (Europe) (En,Fr,De,Es,It,Nl)
06F0F43C	2 Games in 1 - SpongeBob SquarePants - SuperSponge + SpongeBob SquarePants - Battle for Bikini Bottom (Europe)
07090F67	Justice League - Chronicles (USA)
071C3F2B	Famicom Mini 02 - Donkey Kong (Japan) (En)
07595773	Minicraft (World) (v1.1)
07A32299	Turok - Evolution (Europe) (En,Fr,De,Es,It)
07B06994	Shining Force - Resurrection of the Dark Dragon (Europe) (En,Fr,De,Es,It)
07B824B1	Pocket Professor - Kwik Notes - Volume One (USA)
07F15152	World Championship Poker (USA)
0867DC29	bit Generations - Digidrive (Japan) (En)
08794743	Sonic Pinball Party (USA) (En,Ja,Fr,De,Es,It)
08A20DC9	Mai Nurse (World) (v1.02)
08A4FDC4	Boxing Fever (USA, Europe)
08B89540	Bratz - Babyz (Europe) (En,Es,It)
0901BE49	Puyo Pop (USA) (En,Ja)
091230C6	Midnight Club - Street Racing (Europe) (En,Fr,De,Es,It)
092B3DCE	Woody Woodpecker in Crazy Castle 5 (Europe) (En,Fr,De)
09310FEC	SEGA Smash Pack (Europe)
096F98B6	Incredibles, The - Rise of the Underminer (Europe) (En,Fr,De,Es,It,Nl,Pt)
097E8628	SimCity 2000 (USA) (Rev 1)
09980880	Metal Slug Advance (USA)
09B777EA	Feline (World) (GBA Jam 2021)
09C7C895	Lord of the Rings IV, The - The Fellowship of the Ring (USA)
09D723E2	Pipe Spin (World) (GBA Jam 2021)
09D8ED5E	Power Rangers - Ninja Storm (Europe) (En,Fr,De)
09E0C559	Yu-Gi-Oh! - Reshef of Destruction (USA)
09E7472C	Shrek - Hassle at the Castle (USA) (En,Fr,De,Es,It,Nl)
09F02F6A	Wing Commander - Prophecy (Europe) (En,Fr,De,Es,It)
09FC4D53	Bomberman Max 2 - Blue Advance (Europe) (En,Fr,De)
09FDD665	X-Bladez - Inline Skater (USA)
0A09C517	Pinball of the Dead, The (USA)
0A0FAEF4	Motocross Maniacs Advance (USA) (En,Es)
0A331E11	GT Advance 3 - Pro Concept Racing (USA)
0A517352	Game & Watch Gallery 4 (USA) (Virtual Console)
0A8031F0	Super Monkey Ball Jr. (USA)
0A907F58	2 Game Pack! - Matchbox Missions - Emergency Response & Air, Land and Sea Rescue (Europe) (En,Fr,De,Es,It)
0A9C9968	Top Gear GT Championship (USA)
0ADF57C5	Surf's Up (USA) (En,Fr,Es)
0B2961CE	Eggo Mania (Europe) (En,Fr,De,Es,It,Nl)
0B6CA48A	Classic NES Series - Zelda II - The Adventure of Link (USA, Europe)
0B725A08	Mazes of Fate (USA) (En,Fr,De,Es,It)
0B79A67B	Madden NFL 2005 (USA)
0B978DFA	Incredible Hulk, The (USA)
0BB2D391	Capcom Classics Mini Mix (USA)
0BE4410A	Mega Man - Battle Network 3 - White Version (USA)
0BEAA2F4	2 Games in 1 - Columns Crown + ChuChu Rocket! (Europe) (En+En,Ja,Fr,De,Es)
0BF1DC56	MX 2002 Featuring Ricky Carmichael (USA, Europe)
0BFED765	Powerpuff Girls, The - Him and Seek (Europe) (En,Fr,De,Es)
0C043BA6	Prince of Persia - The Sands of Time (USA) (En,Fr,Es)
0C04A2F9	Juka and the Monophonic Menace (USA) (En,Fr,Es)
0C35D0FC	Kim Possible (Europe) (En,Fr,De,Es)
0C3AA538	Garfield - The Search for Pooky (Europe) (En,Fr,De,Es,It) (Rev 2)
0CB136C2	Megaman - Battle Network 4 - Red Sun (Europe)
0D3B922B	Prehistorik Man (USA, Europe) (En,Fr,De,Es,It,Nl)
0D483AA6	Tak and the Power of Juju (Europe) (En,Fr,De)
0D58BA07	Stuntman (USA) (En,Fr,Es)
0D5B3101	Stepper (World) (v1.9)
0D694CA4	Alienators - Evolution Continues (USA, Europe)
0D9043A4	High Heat Major League Baseball 2003 (Japan) (En)
0DB22E8C	Double Game! - Quad Desert Fury & Monster Trucks (Europe)
0DD2F94D	Mario Kart - Super Circuit (Europe) (Virtual Console)
0E2ACA9E	Dogz 2 (USA)
0E2AF604	2 Game Pack! - Uno + Skip-Bo (USA)
0E38108B	Tiger Woods PGA Tour 2004 (USA, Europe)
0ED5DF4B	Flushed Away (USA)
0ED5F375	Scrabble Scramble! (Europe)
0EE82569	Backyard Sports - Baseball 2007 (USA)
0F105694	Space Channel 5 - Ulala's Cosmic Attack (Europe)
0F1D06A0	Crash Bandicoot 2 - N-Tranced (Europe) (En,Fr,De,Es,It,Nl)
0F960E70	King of Fighters EX, The - NeoBlood (USA) (Rev 1)
0FCB1A0C	Pac-Man Collection (Japan) (En) (Virtual Console)
0FE153C5	Waimanu - Grinding Blocks Adventure (World) (NEO Coding Compo 2013)
0FFFB458	Cross Town Heroes (USA)
10179D72	Ice Age (Europe) (En,Fr,De,Es,It)
1034D672	Smashing Drive (Europe) (En,Fr,De,Es,It)
104B4CAA	Spyro 2 - Season of Flame (Europe) (En,Fr,De,Es,It)
1052A0EA	IK+ (Europe)
107639A8	Cars (USA, Europe)
107DE6B7	2004Mbit Competition (World)
107F69E0	Apotris (World) (v4.0.2)
108C3535	Ty the Tasmanian Tiger 2 - Bush Rescue (USA, Europe) (En,Fr,De)
10C05C7B	Disney Sports - Skateboarding (Europe) (En,Fr,De,Es,It)
10E554AE	Shaman King - Master of Spirits (USA)
10ECE4CB	E.T. - The Extra-Terrestrial (Europe) (En,Fr,De,Es,It,Nl)
11044EB3	Toadally Awesome (World) (GBA Jam 2021) (Unlocked)
11156D88	Tom and Jerry in Infurnal Escape (USA)
111D6997	2 Games in 1 - SpongeBob SquarePants - Revenge of the Flying Dutchman + SpongeBob SquarePants - SuperSponge (Europe)
111EB61A	Three-in-One Pack - Sorry! + Aggravation + Scrabble Junior (USA)
1127DC09	2 Games in 1 - Sonic Advance + Sonic Pinball Party (Europe) (En,Ja,Fr,De,Es+En,Ja,Fr,De,Es,It)
11417FC1	Donkey Kong Country 2 (USA)
116194F2	Barbie - The Princess and the Pauper (Europe) (En,Fr,De,Es,It,Nl)
117183CC	Uranus Zero - Sun Tear (World) (En,Fr)
1172D0A7	Powerpuff Girls, The - Mojo Jojo A-Go-Go (Europe) (En,Fr,De,Es,It,Nl)
11A9B76E	Castleween (Europe) (En,Fr,De,Es,It)
1201243A	Super Puzzle Fighter II (USA)
121AB9C3	LEGO Bionicle (Europe) (En,Fr,De,Es,It,Nl,Sv,Da)
124F27C0	Dogz (USA)
12A0442C	Teen Titans (USA) (En,Fr)
12AA524C	Fire Pro Wrestling (USA, Europe)
12E7AB52	Mega Man - Battle Network 4 - Red Sun (USA) (Virtual Console)
12F7A968	Donkey Kong Country (USA)
13183967	Megaman - Battle Network 6 - Cybeast Falzar (Europe)
13247954	Jackie Chan Adventures - Legend of the Dark Hand (USA, Europe)
13695669	Rocket Power - Beach Bandits (USA, Europe)
137B0F9A	Monster Force (Europe) (En,Fr,De,Es,It)
138439F4	Manic Miner (Europe) (En,Fr,De,Es,It)
1384ECEA	Danny Phantom - The Ultimate Enemy (USA)
139E95BD	Lady Sia (USA) (En,Fr,De,Es,It,Nl)
13ADBF3B	Dr. Seuss' The Cat in the Hat (USA)
13C2249E	Cat in the Hat, The (USA)
13CE32E8	Meine Tierarztpraxis (Germany) (En,De)
13E2A64F	Polly Pocket! - Super Splash Island (Europe) (En,Fr,De,Es,It) (DSI)
13F10A1E	Spyro - Attack of the Rhynocs (USA)
141FB1CC	Yu-Gi-Oh! - The Sacred Cards (USA)
1428FE1C	F-14 Tomcat (USA, Europe)
148B5072	Monster House (USA) (En,Fr)
14A28D68	Activision Anthology (USA)
14C1AB7C	Castlevania - Circle of the Moon (USA) (Castlevania Advance Collection)
14C23257	Ice Nine (USA, Europe) (En,Fr,De,Es,It)
14DB186B	Monster! Bass Fishing (Europe)
14FEA5C0	Trollz - Hair Affair! (Europe) (En,Fr,Es)
150BDD9E	Kong - The Animated Series (USA) (En,Fr,De,Es,It,Nl)
155587BC	Grim Adventures of Billy & Mandy, The (USA)
1585B57B	Pac-Man Collection (Europe) (Virtual Console)
15BB7278	Madagascar - Operation Penguin (Europe)
15BDF0AD	Teenage Mutant Ninja Turtles (Europe) (En,Fr,De,Es,It)
15C24091	Three-in-One Pack - Risk + Battleship + Clue (USA) (Rev 1)
15E60FB1	Gravity (World)
15F2DD16	Rock 'N Roll Racing (USA)
15F8F9D5	King of Fighters EX 2, The - Howling Blood (USA)
162A46B8	Metroid Fusion (USA) (Virtual Console)
164A75AC	Ignition Collection - Volume 1 (Europe)
166391D1	Sum of All Fears, The (USA) (En,Fr,De,Es,It)
16C3CAC3	Terminator 3 - Rise of the Machines (Europe) (En,Fr,De,Es,It)
16E5D0F2	Nintendo MP3 Player (Europe) (En,Fr,De,Es,It)
170BB11A	Madden NFL 2004 (USA)
170CC574	Mario & Luigi - Superstar Saga (Europe) (En,Fr,De,Es,It)
1736B957	Harvest Moon - More Friends of Mineral Town (USA)
1762A578	Pink Panther - Pinkadelic Pursuit (USA)
176A42E5	Teenage Mutant Ninja Turtles Double Pack (USA) (En,Fr,De,Es,It)
17988E9B	Yu-Gi-Oh! - Day of the Duelist - World Championship Tournament 2005 (Europe) (En,Ja,Fr,De,Es,It)
17C48263	Franklin the Turtle (Europe) (En,Fr,De,It,Sv,No,Da,Fi)
17CD149A	Muppets, The - On with the Show! (USA, Europe) (En,Fr,De,Es,It,Nl)
17D7636A	Super Street Fighter II Turbo - Revival (USA) (Virtual Console)
17E66B52	King of Fighters EX, The - NeoBlood (Europe)
1802C624	2 in 1 Game Pack - Shrek 2 & Shark Tale (Europe) (En,Fr,De,Es,It,Sv+En,Fr,De,Es,It)
180D1491	Mobile Suit Gundam SEED - Battle Assault (USA)
1821DA49	BeatBeast (World) (GBA Jam 2024)
1822F291	Trials of Chaos (World) (GBA Jam 2024)
183A2207	2 in 1 - Asterix & Obelix - Bash Them All! + Asterix & Obelix XXL (Europe) (En,Fr,De,Es,It,Nl)
18670538	2-in-1 Fun Pack - Shrek 2 + Madagascar - Operation Penguin (USA)
189DA289	Cars - Mater-National Championship (USA) (En,Fr)
18CE5322	Action Replay GBX (Europe) (En,Fr,De,It)
18F2166D	Misfortune Advance (World)
190B1653	SpongeBob's Atlantis SquarePantis (USA)
194D5F6C	Incredibles, The (USA, Europe)
19FCC78E	Uno - Free Fall (USA)
1A080C10	Hello Kitty - Happy Party Pals (Europe) (En,Fr,De,Es)
1A13DF6B	Texas Hold 'em Poker (Europe) (Rev 1)
1A16C13D	Megaman - Battle Network (Europe) (Virtual Console)
1A2F7EE6	Franklin the Turtle (Europe) (En,Fr,De,It,Sv,No,Da,Fi) (Rev 1)
1A56EFBD	Kim Possible - Revenge of Monkey Fist (USA)
1A6AEA5E	Smuggler's Run (USA)
1A7FB4FA	Megaman - Battle Network (Europe)
1ABBC24F	FIFA Soccer 2004 (USA, Europe) (En,Fr,De,Es,It)
1ADB373D	Catwoman (USA, Europe) (En,Fr,De,Es,It,Nl)
1AE38AC0	Scurge - Hive (USA) (En,Fr,Es)
1AE3EB16	SEGA Rally Championship (USA)
1AF07AC8	Kirby - Nightmare in Dream Land (USA) (Virtual Console)
1B39CDAB	Final Fantasy I & II - Dawn of Souls (USA)
1B463C9E	Uranus Zero EV (World) (En,Fr) (v1.1)
1B6956D0	2 Games in 1 - Power Rangers - Ninja Storm + Power Rangers - Time Force (Europe) (En,Fr,De+En)
1B6B8F88	Need for Speed - Porsche Unleashed (Europe) (En,Fr,De,Es,It)
1B7A3819	Tom and Jerry - The Magic Ring (Europe) (En,Fr,De,Es,It)
1B81CC00	Legend of Spyro, The - A New Beginning (USA)
1B8713C7	Fire Emblem (USA) (Virtual Console)
1BAB58BD	DemiKids - Dark Version (USA)
1BECF9D3	Yu-Gi-Oh! Duel Monsters International - Worldwide Edition (Japan) (En,Ja,Fr,De,Es,It) (Rev 1)
1C008D32	Lost Vikings, The (Europe) (En,Fr,De,Es)
1C1846C2	Pippa Funnell - Stable Adventure (Europe) (En,Fr)
1C4D3FDF	Pinball Tycoon (USA)
1C82463D	Yu-Gi-Oh! Duel Monsters Expert 3 EX (Japan) (En,Ja,Fr,De,Es,It) (Early Days Collection)
1CC059A4	Castlevania - Circle of the Moon (USA)
1CC36766	Demon Driver - Time to Burn Rubber! (Europe)
1CCFBE29	Codename Hacker (World) (En,Fr)
1CE344CA	Duel Masters - Sempai Legends (USA)
1D31DC6B	Super Dodge Ball Advance (USA)
1D33DD2C	Suite Life of Zack & Cody, The - Tipton Caper (USA) (En,Fr)
1D347971	Mega Man - Battle Network (USA)
1D5D0CB6	Mega Man - Battle Network (USA) (Virtual Console)
1D6950A3	WinX Club (USA)
1D695B1B	Monster Rancher Advance 2 (USA)
1D910A62	Mario Party Advance (USA) (Virtual Console)
1D96366C	Let's Ride! - Dreamer (USA)
1DBF4D3D	Petz Vet (USA)
1DFE38C2	Chicken Shoot 2 (USA)
1DFFB414	Jurl (World) (v1.0c)
1E107999	Elf - The Movie (Europe) (En,Fr,De,Es,It)
1E23BAD4	Famicom Mini 10 - Star Soldier (Japan) (En)
1E2E8937	Astro Boy - Omega Factor (Europe) (En,Ja,Fr,De,Es,It)
1E4C6D6A	Super Mario Advance (USA, Europe)
1E4D4813	Shrek - Reekin' Havoc (Europe) (En,Fr,De,Es,It,Nl)
1E7048D2	Jurassic Park III - Island Attack (USA)
1E86F5B0	Chicken Little (USA, Europe) (En,Fr,De,Es,It,Nl)
1EAC1F48	Summon Night - Swordcraft Story 2 (USA)
1EB0F64D	Drawing a Leviathan (World)
1EBDDDED	Alice Sisters (World) (En,Ja,Fr)
1EF2ACF3	Super Ghouls'n Ghosts (USA, Europe)
1F023DBE	2 Games in 1 - Scooby-Doo + Scooby-Doo 2 - Monsters Unleashed (USA)
1F036CBA	Megaman - Battle Network 3 - Blue Version (Europe)
1F12D048	Killer 3D Pool (USA)
1F1C08FB	Pokemon - Emerald Version (USA, Europe)
1F2708D5	Paard & Pony - Mijn Manege (Netherlands) (En,Nl)
1F36892F	Sonic Advance 3 (Japan) (En,Ja,Fr,De,Es,It) (Virtual Console)
1F5149BC	Tony Hawk's Underground (USA, Europe)
1F62D660	Spyro Adventure (Europe) (En,Fr,De,Es,It,Nl)
1F92814E	Pac-Man World (Europe) (En,Fr,De,Es,It)
1F9D002E	Dora the Explorer Double Pack (USA)
1FA131E8	Grand Theft Auto (USA)
1FE34E43	WarioWare, Inc. - Minigame Mania (Europe) (En,Fr,De,Es,It) (Virtual Console)
20025842	Mario Kart - Super Circuit (Europe)
201E3412	Shaman King - Master of Spirits 2 (USA)
20287753	3 Game Pack! - Mouse Trap + Simon + Operation (USA)
204142E1	Dragon Ball Z - The Legacy of Goku II (USA)
204B4EB7	Mario Golf - Advance Tour (USA) (Virtual Console)
20684433	Dragon Ball Z - The Legacy of Goku II (Europe) (En,Fr,De,Es,It)
206933F5	Santa Clause 3, The - The Escape Clause (USA)
208D77EC	Yu Yu Hakusho - Ghostfiles - Spirit Detective (Europe) (En,Fr,De,Es,It)
20929EC1	2 Game Pack! - Hot Wheels - Stunt Track Challenge + Hot Wheels - World Race (USA, Europe)
209958E5	Starsky & Hutch (Europe) (En,Fr,De,Es,It)
20EF3F64	Kirby - Nightmare in Dream Land (USA)
2120695C	Mega Man - Battle Network 4 - Red Sun (USA)
21C84334	Monster House (Europe) (En,Fr,De,Es)
21E5A010	Bratz (USA) (En,Fr,Es)
21EF5165	Double Pack - Sonic Advance & ChuChu Rocket! (Japan) (En,Ja,Fr,De,Es)
2216FBD6	Dogz (Europe) (En,Fr,De,It)
22489C7C	2 Games in 1 - Sonic Advance + ChuChu Rocket! (Europe) (En,Ja,Fr,De,Es)
227A5430	Mijn Dierenpraktijk (Netherlands) (En,Nl)
227D2581	Yu-Gi-Oh! - The Sacred Cards (Europe) (En,Fr,De,Es,It) (v1.1) (Early Days Collection)
22D993C6	Scooby-Doo (USA)
22E12D0E	Super Mario Advance 4 - Super Mario Bros. 3 (USA) (Rev 1) (Switch Online)
22E65767	Franklin's Great Adventures (Europe) (En,Fr,De,Es,It,Nl,Pt,Da)
22F19169	Cinderella - Magical Dreams (USA) (En,Fr,De,Es,It)
23188CB3	Fairly OddParents!, The - Shadow Showdown (Europe)
23297579	SpongeBob SquarePants - Lights, Camera, Pants! (USA)
235628C3	SpongeBob SquarePants - Battle for Bikini Bottom (USA)
23575BF2	Tom Clancy's Rainbow Six - Rogue Spear (USA) (En,Fr,De,Es,It)
2380B93A	Lord of the Rings, The - The Fellowship of the Ring (Europe) (En,Fr,De,Es,It)
2390ACA6	Smashing Drive (USA)
23B92CF7	Virtual Kasparov (Europe) (En,Fr,De,Es,It)
23D0A981	Megaman - Battle Network 3 - White Version (Europe)
23E4082C	Classic NES Series - Castlevania (USA)
23E8A494	Bratz - Babyz (USA)
240282E6	Bomberman Tournament (USA, Europe)
24046BF2	Megaman - Battle Chip Challenge (Europe) (Virtual Console)
2412C5EB	Maniac Racers Advance (Europe) (En,Fr,De,Es,It)
24244415	Zone of the Enders - The Fist of Mars (USA)
2487B85B	Advance Guardian Heroes (Europe) (En,Fr)
25015475	Animal Snap - Rescue Them 2 by 2 (Europe)
25123D97	Super Bubble Pop (Europe) (En,Fr,De,Es,It,Nl,Pt,Sv)
2517EF1E	YakOnTaks (World)
2521A98C	Herbie - Fully Loaded (Europe) (En,Fr,De)
2547F3A1	Unfabulous (USA)
25B0E933	Chessmaster (USA)
25C29EFB	Megaman - Battle Network 6 - Cybeast Gregar (Europe)
25C394D1	Mario vs. Donkey Kong (USA, Australia)
25E8E2CD	Alex Rider - Stormbreaker (Europe) (En,Fr,De,Es)
25E8E649	Thunder Alley (USA)
25F43491	X-Men - Reign of Apocalypse (USA, Europe)
262BDA80	bit Generations - Boundish (Japan) (En)
26351555	Dungeons & Dragons - Eye of the Beholder (Europe) (En,Fr,De,Es,It)
264F7A95	Ultimate Arcade Games (USA)
2653401A	Fire Emblem - The Sacred Stones (Europe) (En,Fr,De,Es,It) (Virtual Console)
26BE44FD	Mega Man - Battle Chip Challenge (USA)
26D62D32	Rocket Power - Zero Gravity Zone (USA)
26FD0FC9	Advance Wars (USA) (Rev 1)
27055186	With the Last Moonbeam (World) (v1.0.1)
2706B300	Disney's Game + TV Episode - Lizzie McGuire 2 - Lizzie Diaries (USA) (En,Fr)
2706DFF2	Premier Manager 2004-2005 (Europe) (En,Fr,De,It)
2723236B	Crazy Frog Racer (Europe) (En,Fr,De,Nl)
27411EF5	Cocoto - Platform Jumper (Europe) (En,Fr,De,Es,It)
277D2C89	Strike Force Hydra (Europe)
2784F3F2	Mega Man Zero 3 (USA)
2796F04D	Super Panda (USA)
27A52EA7	Yu-Gi-Oh! - The Eternal Duelist Soul (USA) (Early Days Collection)
27B95C01	Frogger's Adventures 2 - The Lost Wand (USA) (En,Es)
27E7FD09	Chessmaster (Europe)
27F2BC67	Final Fantasy IV Advance (Europe) (En,Fr,De,Es,It)
280587F2	2 Games in 1! - Dragon Ball Z - Buu's Fury + Dragon Ball GT - Transformation (USA)
28108D5E	notenogram (World) (v1.1)
28163523	Dogz 2 (Europe)
2819BDF5	Pferd & Pony - Mein Gestuet (Germany) (En,De)
28724CA5	Backyard Sports - Basketball 2007 (USA)
28985872	Elite AGB (World) (v1.4.1)
28BAA30E	Castlevania - Aria of Sorrow (USA) (Virtual Console)
28E6BD52	Tennis Masters Series 2003 (Europe) (En,Fr,De,Es,It,Pt)
28F0A921	ESPN Great Outdoor Games - Bass Tournament (Europe)
2931D6A8	Yggdra Union - We'll Never Fight Alone (Europe)
2956A0DA	Tringo (USA)
296E1092	Max Payne (USA)
297B9854	Space Invaders EX (Japan) (En)
297D664B	Zipline Zapper (World) (GBA Jam 2024)
297DCB65	Yu-Gi-Oh! - Destiny Board Traveler (USA) (Early Days Collection)
2994DE1D	Dead to Rights (Europe) (En,Fr,De,Es,It)
29A14B59	Megaman Zero 2 (Europe)
29D23835	Barbie and the Magic of Pegasus (USA)
29DFFF34	WinX Club - Quest for the Codex (USA)
29F83314	Rayman 3 (Europe) (En,Fr,De,Es,It,Nl,Sv,No,Da,Fi)
2A10F7E4	Lilo & Stitch (Europe) (En,Fr,De,Es,It,Nl)
2A3E1A8D	Prince of Persia - The Sands of Time & Lara Croft Tomb Raider - The Prophecy (Europe) (En,Fr,De,Es,It,Nl+En,Fr,De,Es,It)
2A524221	Fire Emblem (USA, Australia)
2A882EA6	American Tail, An - Fievel's Gold Rush (USA) (En,Es)
2ACBDB64	Robots (Europe) (En,Fr,De,Es,It)
2AEE0380	Super Robot Taisen - Original Generation 2 (USA)
2AF2DA4E	Gematrix (World) (GBA Jam 2024)
2AF65E94	3 Games in One! - Breakout + Centipede + Warlords (Europe) (En,Fr,De,Es,It)
2AFD6FF9	Punch King - Arcade Boxing (World) (Evercade)
2B077058	Duke Nukem Advance (World) (En,Fr,De,It) (Evercade)
2B207D1F	Kill Switch (USA)
2B3A2AB2	xXx (USA, Europe)
2B3FCC74	Charlie and the Chocolate Factory (Europe) (En,Fr,Es,Nl)
2B4843FE	Super Dropzone - Intergalactic Rescue Mission (USA)
2B666FED	Hey Arnold! - The Movie (Europe) (En,Fr,De)
2B7E3CCB	Gumby vs. the Astrobots (USA)
2B8B3964	Looney Tunes - Back in Action (USA, Europe) (En,Fr,De,Es,It)
2B92EB8E	King of Fighters EX, The - NeoBlood (USA)
2BE4F2BC	Hardcore Pool (Europe) (En,De,Es,It)
2BF26A56	Superman - Countdown to Apokolips (Europe) (En,Fr,De,Es,It)
2C119783	Scurge - Hive (Europe) (En,Fr,De,Es,It)
2C3862C3	Barbie Superpack - Secret Agent + Groovy Games (Europe) (En,Fr,De,Es,It)
2C38BAE2	Crash Superpack - Crash Bandicoot 2 - N-Tranced + Crash Nitro Kart (USA)
2C57E588	2 Games in 1 - Sonic Battle + ChuChu Rocket! (Europe) (En,Ja,Fr,De,Es,It+En,Ja,Fr,De,Es)
2C79C2DE	Super Mario Advance 3 - Yoshi's Island (Europe) (En,Fr,De,Es,It) (Virtual Console)
2C79E3D1	ESPN X-Games Skateboarding (Europe) (En,Fr,De,Es,It)
2C8C1B5A	ChuChu Rocket! (Japan) (En,Ja,Fr,De,Es)
2C8EB8A1	Totally Spies! 2 - Undercover (USA) (En,Fr)
2CCD4915	Blades of Thunder (USA)
2CEDBB31	Pitfall - The Mayan Adventure (USA, Europe)
2CEE050F	Dora the Explorer - Super Star Adventures! (USA)
2D806290	Incredibles, The - Rise of the Underminer (USA, Europe)
2DA5C91E	Tweety and the Magic Gems (USA)
2DB31825	Konami Collector's Series - Arcade Advanced (USA)
2DB83271	Tom and Jerry in Infurnal Escape (Europe) (En,Fr,De,Es,It)
2DD8CBD7	Around the World in 80 Days (Europe) (En,Fr,De,Es,It,Nl)
2DEF3656	Lord of the Rings, The - The Third Age (USA, Europe) (En,Fr,De,Es,It)
2DF9D7F0	Pirates of the Caribbean - The Curse of the Black Pearl (Europe) (En,Fr,De,Es,It)
2E16184A	Crash Bandicoot 2 - N-Tranced (USA)
2E271C13	Defender (USA)
2E5EDA0D	2 Games in 1 - Finding Nemo + Finding Nemo - The Continuing Adventures (Europe) (Fr,Nl+Fr,De,Nl)
2E725460	Sportsmans Pack 2 in 1 - Cabela's Big Game Hunter + Rapala Pro Fishing (USA)
2EB60177	Gem Smashers (USA)
2EB72B95	Hot Potato! (Europe) (En,Fr,De)
2EB9EEE6	Frogger's Adventures - Temple of the Frog (USA) (En,Fr,De,Es,It)
2EF801C0	Bratz - The Movie (USA)
2F098A42	Namco Museum - 50th Anniversary (Europe) (En,Fr,De,Es,It)
2F1316D2	Disney Sports - Soccer (USA)
2F2389D2	Spyro - Season of Ice (USA)
2F843CBB	Titei Senki Advance (World)
2FA6DB95	Spirits & Spells (USA)
2FB4B14D	Super Bust-A-Move (USA) (En,Fr,Es)
2FB5B819	Gekido Advance - Kintaro's Revenge (Europe) (En,Fr,De,Es,It)
2FDBE7A8	Moto Racer Advance (USA) (En,Fr,De,Es,It)
2FFF9BA9	Duel Masters - Sempai Legends (Europe) (En,Fr,De,Es,It)
300F5D25	Ultimate Card Games (USA) (Rev 1)
302B8B3D	Harry Potter and the Order of the Phoenix (USA, Europe) (En,Fr,De,Es,It,Nl,Da)
302E75F3	Zoids - Legacy (USA)
307F7D77	Castle Master (World)
308BA69C	Tom Clancy's Splinter Cell (USA) (En,Fr,Es)
30D051FE	Mega Man Zero 2 (USA) (Virtual Console)
30D6C979	SpongeBob SquarePants - Revenge of the Flying Dutchman (USA, Europe)
31081996	James Pond - Codename Robocod (Europe) (En,Fr,De,Es,It,Nl,Pt)
310EB2FE	Mijn Dierenpension (Netherlands) (En,Nl)
31265C5D	Shantae Advance - Risky Revolution (World) (Limited Run Games)
313F4FFC	Crazy Chase (Europe) (En,Fr,De)
31500381	Monster Trucks Mayhem (Europe) (En,Fr,De,Es,It)
315360D0	Uno 52 (Europe) (En,Fr,De,Es,It)
31554C22	Pokemon - FireRed Version (USA, Europe) (Rev 10) (Switch)
315A9114	Ed, Edd n Eddy - Jawbreakers! (USA) (Rev 1)
317326B0	Surf's Up (Europe) (En,Fr,Es)
3178488F	Shadow - A Parable (World) (Audio)
318F1504	Powerpig (World) (NEO Coding Compo 2013)
31C4F03B	IK+ (USA)
31F85DBE	Kelly Slater's Pro Surfer (USA, Europe)
3212C09B	Broken Circle (World) (En,It)
3213FC2D	Megaman - Battle Network 3 - Blue Version (Europe) (Virtual Console)
3246A8BD	Tiny Toon Adventures - Buster's Bad Dream (Europe) (En,Fr,De,Es,It)
325A6596	Robotech - The Macross Saga (USA, Europe) (En,Fr,De,Es,It,Nl)
32604C95	Famicom Mini 04 - Excitebike (Japan) (En)
327834C9	Monsters, Inc. (USA, Europe)
3278CE51	Broken Sword - The Shadow of the Templars (USA) (En,Fr,De,Es,It)
32BD1486	Snood (Europe) (En,Fr,De,Es,It)
32C6DF3F	Tarzan - Return to the Jungle (USA, Europe)
330A0975	Columns Crown (Europe)
3346891F	Anguna - Warriors of Virtue (World) (v0.95)
335C5855	Fire Emblem (Europe) (En,Fr,De) (Virtual Console)
339F35B8	Baseball Advance (USA)
33AFDBE8	Beyblade G-Revolution (USA)
33F73199	Disney Sports - Football (Soccer) (Europe) (En,Fr,De,Es,It)
34189E74	Iridion 3D (USA, Europe)
34220044	NEONnoir (World)
342816DB	Harry Potter and the Chamber of Secrets (USA, Europe) (En,Fr,De,Es,It,Nl,Pt,Sv,No,Da)
342DE1D6	Brother Bear (USA)
34355326	2 Games in 1 - Disney Princess + Brother Bear (Europe) (En+En,Fr,De,Es,It,Nl,Sv,Da)
3444A7AE	Blood Drive (World) (GBA Jam Week)
3484F139	Amazing Virtual Sea-Monkeys, The (USA)
34BE6923	X-Men - The Official Game (Europe) (En,Fr,Es,It)
34E118E5	Tiger Rescue (World)
34E4F8C5	Stuart Little 2 (Europe) (Rev 1)
34F2EF47	Yoshi Sample (Japan) (En) (Tech Demo)
3524F206	Medabots - Metabee (Europe) (Virtual Console)
3535B2BF	2-in-1 Fun Pack - Shrek 2 + Madagascar - Operation Penguin (Europe)
35536183	Castlevania - Aria of Sorrow (USA)
36159D63	Van Helsing (USA)
3622DA11	SpongeBob SquarePants Movie, The (USA)
36717B52	2 Games in One! - Gauntlet + Rampart (Europe) (En,Fr,De,Es,It)
367927ED	Antz - Extreme Racing (Europe) (En,Fr,De,Es,It,Nl)
37141F32	Super Mario Advance 4 - Super Mario Bros. 3 (Europe) (En,Fr,De,Es,It)
3722BDFA	Gradius Advance (Europe)
37387B19	King Kong - The Official Game of the Movie (Europe) (En,Fr,De,Es,It,Nl)
374FD6F9	Madden NFL 06 (USA)
3787C93C	Meet the Robinsons (USA)
37B0B53D	Tony Hawk's Downhill Jam (USA)
37B20866	Harlem Globetrotters - World Tour (Europe) (En,Fr,De,Es,It)
37DCBB0D	Hot Wheels - Burnin' Rubber (USA)
37DE9A3D	Camp Lazlo - Leaky Lake Games (Europe)
37E120E7	Spyro 2 - Season of Flame (USA)
37E7EE7D	Minicraft (World) (v1.2)
37FFD837	Disney Sports - Skateboarding (USA)
3806F4AE	Metal Slug Advance (Europe)
383CF600	Global Star - Sudoku Fever (Europe) (En,Fr,De,Es,It)
387EB638	Garfield - The Search for Pooky (Europe) (En,Fr,De,It) (Rev 1)
38934732	Tiger Woods PGA Tour Golf (Europe) (En,Fr,De,Es,It)
38DA81FE	Namco Museum - 50th Anniversary (USA)
391C0497	Top Gear GT Championship (Europe)
39479369	Pinball Advance (Europe) (En,Fr,De,Es,It)
394F2126	Madagascar (Europe)
39782C26	Flintstones, The - Big Trouble in Bedrock (Europe) (En,Fr,De,Es,It)
39A31B68	Invincible Iron Man, The (USA, Europe)
39B5E771	Yu-Gi-Oh! - Worldwide Edition - Stairway to the Destined Duel (USA) (En,Ja,Fr,De,Es,It)
39D68733	2-in-1 Fun Pack - Shrek 2 + Madagascar (USA)
3A1E789A	Castlevania - Harmony of Dissonance (USA) (Castlevania Advance Collection)
3A23EFD7	Broken Sword - The Shadow of the Templars (Europe) (En,Fr,De,Es,It)
3A44FCD5	Aggressive Inline (USA)
3A4F8E4D	Double Game! - Cartoon Network Block Party & Cartoon Network Speedway (Europe)
3A8E31AF	Backyard Hockey (USA)
3AB66D36	Metroid - Zero Mission (Europe) (En,Fr,De,Es,It) (Virtual Console)
3ABC30BD	2 in 1 Game Pack - Spider-Man + Spider-Man 2 (USA) (En,Fr,De+En,Fr,De,Es)
3AC16D5C	Ring Dash (World)
3AE0AFC8	Smuggler's Run (Europe) (En,Fr,De,Es,It)
3AF1063B	Sky Dancers - They Magically Fly! (Europe) (En,Fr,De,Es,It)
3B035681	Super Mario Ball (Europe)
3B04673B	Premier Manager 2005-2006 (Europe) (En,Fr,De,It)
3B09694B	Flintstones, The - Big Trouble in Bedrock (USA)
3B098667	Finding Nemo (USA, Europe)
3B15E886	Super Mario Ball (Europe) (Virtual Console)
3B1CF966	2 Games in 1 - The Lion King + Disney Princess (Europe) (En,Fr,De,Es,It,Nl,Sv,Da+En)
3B7A7477	Kirby - Nightmare in Dream Land (Europe) (En,Fr,De,Es,It)
3B86FDC4	Defender - For All Mankind (Europe) (En,Fr,De,Es,It)
3B8A00FE	Yu-Gi-Oh! GX - Duel Academy (USA)
3B8FFDF4	SEGA Arcade Gallery (USA)
3B936E97	notenogram (World) (GBA Jam 2022)
3BEB5446	Island Xtreme Stunts (USA, Europe) (En,Fr,De,Es,It,Nl,Sv,Da)
3BF38352	Tron 2.0 - Killer App (Europe)
3C225943	Ten Pin Alley 2 (USA)
3C247C14	Tim Burton's The Nightmare Before Christmas - The Pumpkin King (USA, Europe) (En,Fr,De,Es,It)
3C31501C	Butano Fighter (World)
3C42E84C	Yu-Gi-Oh! - World Championship Tournament 2004 (Europe) (En,Ja,Fr,De,Es,It)
3C5AC0C5	ESPN Winter X-Games Snowboarding 2002 (Japan) (En)
3D389A12	Scooby-Doo! - Mystery Mayhem (USA) (En,Fr)
3D56EAD6	Minority Report - Everybody Runs (USA, Europe)
3D803E41	Super Mario Advance 3 - Yoshi's Island (USA) (Virtual Console)
3DB7A213	Action Replay GBX (Europe) (En,Fr,De,It) (v3.1)
3DDF07A1	Crash Bandicoot Purple - Ripto's Rampage (USA) (Rev 1)
3E0ED609	Trollz - Hair Affair! (Europe)
3E1711C7	Ratatouille (Australia, Greece) (En)
3E1B693A	Spider-Man 3 (USA)
3E276294	Yu-Gi-Oh! - Day of the Duelist - World Championship Tournament 2005 (Europe) (En,Ja,Fr,De,Es,It) (Early Days Collection)
3E34AAB7	Star Wars - Episode III - Revenge of the Sith (USA) (En,Fr,Es)
3E4CB21C	Punch King - Arcade Boxing (Europe) (En,Fr,Es)
3E5EC871	LEGO Bionicle (USA) (En,Fr)
3E70BF4D	Pac-Man Pinball Advance (Europe) (En,Fr,De,Es,It)
3E8012BF	Dexter's Laboratory - Deesaster Strikes! (Europe) (En,Fr,De,Es,It)
3EA860C2	Summon Night - Swordcraft Story (USA)
3EDBA390	Monster! Bass Fishing (USA)
3F127891	Varooom 3D (World) (GBA Jam 2021)
3F19E156	Star Wars - Jedi Power Battles (USA)
3F20A970	Street Jam Basketball (USA, Europe)
3F513CBF	LEGO Island 2 - The Brickster's Revenge (USA) (En,Fr)
3F7108EC	Ayu Ayu Panic Advance (World) (v1.02)
3FB2ABDA	Yu-Gi-Oh! GX - Duel Academy (Europe)
3FC75439	Action Replay MAX (Europe)
3FC91D4F	GBA Movie Player - 2nd Version (World) (V2.00)
3FC99714	Ice Age (USA) (En,Fr,Es)
3FE09C34	Bionicle - Maze of Shadows (USA)
3FFD621A	Puyo Puyo Fever (Japan) (En,Ja,Fr,De,Es,It)
4038E282	Shining Soul II (USA)
406265B8	Spider-Man (USA, Europe)
406AA0C6	Inspector Gadget - Advance Mission (Europe) (En,Fr,De,Es,It,Nl)
4080AAC1	2 Game Pack! - Matchbox Missions - Emergency Response + Air, Land and Sea Rescue (USA)
409E8252	Simpsons, The - Road Rage (USA, Europe)
40A48276	Super Mario Advance 3 - Yoshi's Island (USA)
40B383F6	Aladdin (USA) (En,Fr,De,Es)
40C2894E	Camp Lazlo - Leaky Lake Games (USA)
40DA6C26	2 Games in One! - Marble Madness + Klax (Europe) (En,Fr,De,Es,It)
414EA9F4	Uno - Free Fall (Europe) (En,Fr,De,Es,It)
4171C811	Cubix - Robots for Everyone - Clash 'N Bash (USA)
4189E07F	Grand Theft Auto (Europe) (En,Fr,De,Es,It)
41A4729F	Mario Golf - Advance Tour (Europe) (Virtual Console)
41A92220	X2 - Wolverine's Revenge (USA, Europe)
41A9B849	Daredevil (Europe) (En,Fr,Es,It)
41BB7F8A	R-Type III - The Third Lightning (Europe) (En,Fr,De,Es,It)
41CE1EED	Dogz 2 (Europe) (En,Fr,De,It)
41D277FE	Donkey Kong Country (Europe) (En,Fr,De,Es,It)
41D4137F	Rugrats - Castle Capers (World) (Retro Rewind Collection)
41EA5B0B	Anguna - Warriors of Virtue (World) (v0.95) (Itch.io)
41F55560	Shrek - Swamp Kart Speedway (USA) (En,Fr,De,Es,It,Nl) (Rev 1)
4202A9CD	Archer Maclean's 3D Pool (USA)
420A81B7	Codename - Kids Next Door - Operation S.O.D.A. (USA)
42346D49	Green Memories (World) (v1.5.0) (Flash64)
4235FAC3	Lara Croft Tomb Raider - The Prophecy (Europe) (En,Fr,De,Es,It)
424F71E5	GBA Personal Organizer (USA)
42CFA4B5	Monster Rancher Advance (USA)
43017D47	Superman - Countdown to Apokolips (USA)
4304BD2D	Action Replay (Europe) (En,Fr,De,It) (v3.3)
431DFEA8	Peter Pan - Return to Neverland (USA) (Rev 1)
431E55AC	Sonic Advance (Japan) (En,Ja) (Rev 1) (Virtual Console)
4329D8FE	Polarium Advance (Europe) (En,Fr,De,Es,It) (Virtual Console)
4375F1D6	Sonic Advance 3 (Japan) (En,Ja,Fr,De,Es,It)
437E95B9	Rayman - 10th Anniversary (Europe) (En,Fr,De,Es,It,Nl,Sv,No,Da,Fi)
439A92EB	King Kong - The Official Game of the Movie (Europe) (En,Sv,No,Da,Fi)
43B5F167	Sonic Pinball Party (Japan) (En,Ja,Fr,De,Es,It)
43D9B9F1	Monster Jam - Maximum Destruction (USA)
43F5E157	Ace Combat Advance (USA, Europe)
440F2F06	Blender Bros. (World)
4431021A	BoulderCrash GBA (World)
443198D8	Britney's Dance Beat (USA)
4435917E	Sonic Pinball Party (Europe) (En,Ja,Fr,De,Es,It)
44548B33	Simpsons, The - Road Rage (Europe) (En,Fr,De,Es,It)
44E1761A	2 Games in One! - Paperboy + Rampage (Europe) (En,Fr,De,Es,It)
44E603A2	Stepper (World) (v1.8)
44EA10FA	Powder (World) (v1.18)
4505A638	Atari Anniversary Advance (USA)
459600A9	Super Street Fighter II Turbo - Revival (Europe) (Rev 1)
45BB6F4E	Action Replay GBX (Europe) (En,Fr,De,It) (Alt)
45BC9C37	Finding Nemo - The Continuing Adventures (Europe) (En,Es,It,Sv,Da)
45DE1669	Mission Impossible - Operation Surma (Europe) (En,Fr,De,Es,It)
4603205A	Salt Lake 2002 (USA) (En,Fr,De,Es,It,Nl)
460E073F	Yu-Gi-Oh! - Reshef of Destruction (Europe) (En,Fr,De,Es,It)
461B4590	Super Street Fighter II Turbo - Revival (Europe)
4628C1B8	Tekken Advance (Europe)
46736F58	Dr. Muto (Europe) (En,Fr,De,Es,It)
46C66F40	Mario Party Advance (Europe) (En,Fr,De,Es,It) (Virtual Console)
46D31560	Galacard Advance (World)
4733693C	Disney Sports - Snowboarding (USA)
4764D029	Hot Wheels - Burnin' Rubber (Europe) (En,Fr)
4776F86E	World Championship Poker (Europe) (En,Fr,De,Es,It)
47B49060	Wade Hixton's Counter Punch (USA, Europe)
48109F8D	Mike Tyson Boxing (USA) (En,Fr,De,Es,It)
48428C2A	Kim Possible (Europe) (En,Fr,De,Es) (Rev 1)
48539B4B	Back Track (USA, Europe)
486041A4	Harry Potter - Quidditch World Cup (USA, Europe) (En,Fr,De,Es,It,Nl,Da)
4864B878	Shaman King - Master of Spirits (Europe) (En,Fr,De)
48758316	Megaman - Battle Network 4 - Blue Moon (Europe)
4878BBEA	ESPN Final Round Golf (Europe)
48E5A70E	Ed, Edd n Eddy - Jawbreakers! (USA)
48FA3B75	Stepper (World) (v1.7)
49041BC8	Wings (USA)
494492DC	Baldur's Gate - Dark Alliance (Europe) (En,Fr,De,Es,It)
497E3279	NES Classics - Castlevania (Europe)
49A88E52	Racing Gears Advance (Europe) (En,Fr,De,Es,It)
49DDA5E6	Sonic Advance 3 (USA) (En,Ja,Fr,De,Es,It)
49DDF652	Pokemon - LeafGreen Version (USA, Europe) (Rev 10) (Switch)
49E012A8	Santa Claus Saves the Earth (Europe)
4A23B8D6	ZooCube (Europe) (En,Fr,De,Es,It)
4A2B9E0B	Disney Princess (USA, Europe)
4A49272B	Beyblade V-Force - Ultimate Blader Jam (USA)
4A72170A	Monster Trucks (USA, Europe)
4A74E038	Shaman King - Master of Spirits 2 (Europe) (En,Fr,De)
4A805ED1	Fire Emblem (Europe) (En,Fr,De)
4A834FC2	Tetris Worlds (Europe) (En,Es,It)
4A8D2C39	Final Fantasy Tactics Advance (Europe) (En,Fr,De,Es,It) (Virtual Console)
4A975F48	Tony Hawk's Downhill Jam (Europe) (En,Fr,De,Es,It)
4AB65478	Samurai Deeper Kyo (USA)
4AC770B6	Tiny Toon Adventures - Wacky Stackers (Europe) (En,Fr,De,Es,It)
4AD90EC1	Tak - The Great Juju Challenge (Europe) (En,Fr,De,Nl)
4AEBD704	Crazy Taxi - Catch a Ride (Europe) (En,Fr,De,Es,It)
4B22E081	Chicken Shoot (USA)
4B3E0531	Mech Platoon (Europe) (En,Fr,De,Es,It)
4B4E8BC7	ATV - Quad Power Racing (Europe) (En,Fr,De,Es,It) (Rev 1)
4B5F1CDD	F-Zero - Maximum Velocity (USA, Europe) (Virtual Console)
4B67247C	Crash Advance IV (USA)
4BA7F7CB	2 Games in 1 - SpongeBob SquarePants - Battle for Bikini Bottom + Jimmy Neutron Boy Genius (Europe) (En,Fr,De+En,Fr,De,Es)
4BAA947C	Tristam Island (World) (v9) (Digital)
4BF6E9E8	Stadium Games (USA)
4C086A5E	Donald Duck Advance (Europe) (En,Fr,De,Es,It)
4C09614E	Drill Dozer (Europe) (En,Fr,De,Es,It) (Virtual Console)
4C29C9C8	Back to Stone (USA) (En,Fr)
4C2B7349	2 Games in One! - Dr. Mario + Puzzle League (USA)
4C53BA49	Urban Yeti! (USA, Europe)
4C682CC3	Peter Pan - Return to Neverland (Europe) (En,Fr,De,Es,It,Nl) (Rev 1)
4C7375F4	Davis Cup (Europe) (En,Fr,De,Es,It)
4C7EBE42	Iridion 3D (World) (Steam, GOG)
4C8F6FDC	Open Season (Europe) (En,Fr,De,Es,It,Sv,No,Da,Fi)
4CA4F528	Super Dodge Ball Advance (Europe)
4CAFCCBD	Peter Pan - Return to Neverland (USA)
4D099541	Flappy Bird (World)
4D22B35E	Powerpuff Girls, The - Him and Seek (USA)
4D540384	Bookworm (USA)
4D8F49F9	Galidor - Defenders of the Outer Dimension (USA) (En,Fr,De,Es,It,Nl,Sv,Da)
4D9C671B	Phantasy Star Collection (Europe)
4DB517C1	Bomberman Max 2 - Red Advance (USA)
4DD90762	Top Gear Rally (USA)
4E2C47BC	Wild Thornberrys Movie, The (USA, Europe)
4E8A650C	Barbie Diaries, The - High School Mystery (Europe)
4E90884D	Charlie and the Chocolate Factory (USA) (En,Fr,Es,Nl)
4EB19B87	Backyard Skateboarding (USA)
4EDAC27A	Turok - Evolution (USA)
4EE84F31	ZenF (World) (v1.1)
4F07C618	Kirby & The Amazing Mirror (Europe) (En,Fr,De,Es,It)
4F18F57E	Creatures (Europe) (En,Es,It)
4F196612	Spy Hunter (Europe) (En,Ja,Fr,De,Es)
4F1ADF75	NHL Hitz 2003 (USA)
4F1B0157	Digimon Racing (Europe) (En,Fr,De,Es,It)
4F39C174	Harry Potter Collection (Europe) (En,Fr,De,Es,It,Nl,Pt,Sv,No,Da)
4F3E7427	Xploder Advance (Europe) (Alt)
4F468670	Kill Switch (Europe) (En,Fr,De,Es,It)
4F6D7E49	MotoGP (Japan) (En)
4F9ACA4F	Finding Nemo - The Continuing Adventures (USA, Europe)
4FB6958D	Riviera - The Promised Land (USA)
4FBC3F62	3 Games in One - Darts + Roll-a-Ball + Shuffle Bowl (Europe)
4FFA611D	With the Last Moonbeam (World)
500CA178	WarioWare, Inc. - Minigame Mania (Europe) (En,Fr,De,Es,It)
506780D1	Danny Phantom - The Ultimate Enemy (Europe) (En,De,Es)
50927F3E	Medabots - Metabee (Europe)
50AB4544	2006 FIFA World Cup - Germany 2006 (USA, Europe) (En,Fr,De,Es,It)
50AB9BB6	Nicktoons Racing (USA)
51061EFF	Jurassic Park III - Park Builder (Europe) (En,Fr,De,Es,It)
5111DF55	Beyblade G-Revolution (Europe) (En,De,Es,It)
513804FF	Sonic Advance 2 (Japan) (En,Ja,Fr,De,Es,It)
516CE770	Revenge of the Smurfs, The (Europe) (En,Fr,De,Es,It,Nl)
5195429F	March of the Penguins (USA)
51A42F19	Global Star - Sudoku Fever (USA)
51B0A94B	Open Season (Europe) (En,Fr,Es,Nl)
51BEEED7	Darius R (Japan) (En)
51CE91D6	SpongeBob SquarePants - Creature from the Krusty Krab (USA)
51D6CEB0	2 Games in 1 - Moto GP + GT Advance 3 - Pro Concept Racing (Europe) (En,Fr,De,Es,It+En)
51E7522C	KAO the Kangaroo (Europe) (En,Fr,De,Es,It,Nl)
51EF4700	Digimon - Ruby and Sapphire (USA)
5206880A	Super Mario Advance 2 - Super Mario World (USA, Australia)
521B3091	Castlevania - Harmony of Dissonance (Europe)
5223F5AA	Worms Blast (Europe) (En,Fr,De,Es,It)
5236473D	Dogz - Fashion (Europe)
5247772C	Megaman - Battle Network 5 - Team Colonel (Europe) (Virtual Console)
5251F2BF	Super Mario Advance (USA, Europe) (Virtual Console)
528BCA02	Dora the Explorer - Super Star Adventures! (Europe) (En,Fr,Nl)
52919538	Piglet's Big Game (USA)
52957C3A	Manolo & Benito (World)
5297693A	Next Generation Tennis (Europe) (En,Fr,De,Es,It,Pt)
52A33375	Rugrats - Go Wild (USA, Europe)
52C1826C	Dead to Rights (USA)
52D8D101	Avatar - The Last Airbender - The Burning Earth (USA)
52DAC8C6	Airball (World) (v1.3)
52DC386B	Ant Bully, The (Europe) (En,Fr,De,Es,It)
52E0AA95	Duel Masters - Kaijudo Showdown (Europe) (En,Fr,De,Es,It)
52FE8A62	Avatar - The Legend of Aang (Europe) (En,Fr,De,Nl)
52FF42D4	Shrek 2 (USA, Europe)
5318DF13	2 Games in 1 - Scooby-Doo! - Mystery Mayhem + Scooby-Doo and the Cyber Chase (USA) (En,Fr,De+En)
53384966	Strawberry Shortcake - Sweet Dreams (USA)
53437BD0	Mooncat's Trio (World) (v1.2)
5348A655	Scooby-Doo! - Mystery Mayhem (Europe) (En,Fr,De)
534A0F4D	uCity Advance (World) (v1.0.2)
536669C1	Digimon Rury (USA)
5370AE1F	Robots (USA)
53A8EE86	Pocky & Rocky with Becky (USA)
53D1A142	Rock 'N Roll Racing (Europe)
53D4F7C5	Rick Dangerous (World)
53F4CAC1	Goldrunner (World)
540B6CC1	Punch King - Arcade Boxing (USA)
5412A24D	Bionicle (Europe) (En,Fr,De,Da)
542AA4AC	Lilo & Stitch (USA)
5466C757	Hardcore Pinball (USA, Europe)
5485EEFA	Land Before Time, The - Into the Mysterious Beyond (Europe) (En,Fr,De,Es,It,Nl,Pt,Da)
5495CBE1	That's So Raven 2 - Supernatural Style (USA) (En,Fr)
549BF1C5	Shifting Gears - Road Trip (USA)
54C31AFB	Power Rangers - Wild Force (USA, Europe)
54DF36DA	Mighty Beanz - Pocket Puzzles (USA)
54FF2E56	Anguna - Warriors of Virtue (World) (v0.93) (Alt)
554DEDC4	Pokemon - Sapphire Version (USA, Europe)
556F40FA	Lara Croft Tomb Raider - The Prophecy (USA) (En,Fr,De,Es,It)
55AE4312	Apotris (World) (v3.4.5)
55BF350B	Mummy, The (USA) (En,Fr,De,Es,It)
55C25C4A	Worms Blast (World) (En,Fr,De,Es,It) (Evercade)
55E503C1	Shining Soul II (Europe) (En,Fr,De,Es,It)
55FE8579	Crushed Baseball (USA)
5617E407	Dokapon - Monster Hunter (USA)
563AA3A0	Shining Force - Resurrection of the Dark Dragon (USA)
5645E56C	Final Fantasy Tactics Advance (USA)
5661E71A	Barbie and the Magic of Pegasus (Europe) (En,Fr,De,Es,It,Nl)
566CF164	Postman Pat and the Greendale Rocket (Europe) (En,No,Da)
56B9E9E1	Golden Nugget Casino (USA, Europe)
56BA6858	Men in Black - The Series (Europe)
56C83C16	007 - NightFire (USA, Europe) (En,Fr,De)
56D38756	Ford Racing 3 (USA)
5730C85A	Back to Stone (Europe) (En,Fr)
574907F4	Big Mutha Truckers (USA)
5749FDC9	Chicken Shoot (Europe) (En,Fr,De,Es,It)
5789F441	Battle B-Daman - Fire Spirits! (USA)
57930C6A	Iridion II (Europe) (En,Fr,De)
579BA507	Crouching Tiger, Hidden Dragon (USA) (En,Fr,Es)
5802CAFD	2 Games in 1 - SpongeBob SquarePants - Battle for Bikini Bottom + Nicktoons - Freeze Frame Frenzy (USA)
58043308	Ice Age 2 - The Meltdown (Europe) (En,Fr,De,Es,It,Nl)
5813810F	2 in 1 - V-Rally 3 + Stuntman (Europe) (En,Fr,De,Es,It)
58199232	Serious Sam Advance (Europe) (En,Fr,De)
584DB6A6	Yu-Gi-Oh! - 7 Trials to Glory - World Championship Tournament 2005 (USA) (En,Ja,Fr,De,Es,It)
58575F65	Muppet Pinball Mayhem (USA)
586C4345	Chip Advance (World) (En,Fr) (v2.1)
589810A5	Men in Black - The Series (USA)
58A972DF	AirForce Delta II (Japan) (En,Ja,Fr,De)
58C641B3	Doom (USA, Europe)
58E86266	Super Robot Taisen - Original Generation (USA)
594FBB7C	Aladdin (Europe) (En,Fr,De,Es)
5964DF89	Final Fantasy Tactics Advance (USA) (Virtual Console)
59781C54	Contra Advance - The Alien Wars EX (USA)
59C52F98	Star Wars - The New Droid Army (USA)
59D72CB9	High Heat Major League Baseball 2003 (USA)
59DFAB9E	Hey Arnold! - The Movie (USA)
59E2635F	Zidane - Football Generation 2002 (Europe) (En,Fr,De,Es,It)
59F208FC	Medabots - Metabee (USA)
59FC1EF6	Mega Man - Battle Chip Challenge (USA) (Virtual Console)
5A09AAE6	Advance Wars 2 - Black Hole Rising (Europe) (En,Fr,De,Es,It)
5A164321	Legend of Zelda, The - A Link to the Past & Four Swords (Europe) (En,Fr,De,Es,It)
5A23094D	Magical Quest 3 Starring Mickey & Donald (USA) (En,Fr,De)
5A2B01F1	Lord of the Rings, The - The Fellowship of the Ring (USA) (Rev 1)
5A3DFB37	Lara Croft Tomb Raider - Legend (USA) (En,Fr,De,Es,It)
5A507F49	Shamu's Deep Sea Adventures (Europe)
5A5EF8E3	Lord of the Rings, The - The Return of the King (USA)
5A64B473	Kien (World) (Incube8 Games)
5A66CAFA	Strawberry Shortcake - Summertime Adventure - Special Edition (USA)
5A8D5736	Tom and Jerry Tales (Europe) (En,Fr,De,Es,It)
5AA30D90	Luggage Retrieval Officer (World)
5ACB7A95	Hot Potato! (USA)
5AD0E571	Advance Wars 2 - Black Hole Rising (USA)
5AD72359	Action Replay GBX (Europe)
5ADF72E6	Prince of Persia - The Sands of Time (USA) (En,Fr,Es) (Rev 1)
5AEEA1DE	Strike Force Hydra (USA)
5B098A68	Winnie the Pooh's Rumbly Tumbly Adventure (USA) (En,Fr,Es)
5B2B4452	Horsez (USA)
5B4631F9	Megaman - Battle Chip Challenge (Europe)
5BE69B8D	Metal Warrior 4 - Agents of Metal (World) (v1.1)
5BF83456	Sonic Advance 3 (Europe) (En,Ja,Fr,De,Es,It)
5C11DC26	Pitfall - The Lost Expedition (USA)
5C1FB22D	Sips (World) (GBA WinterJam 2023)
5C2E97BA	SEGA Smash Pack (USA)
5C61A844	Metroid - Zero Mission (USA, Australia)
5C704CBE	Barbie Diaries, The - High School Mystery (USA)
5CB036C7	2 in 1 Game Pack - Shrek 2 + Shark Tale (USA)
5D051081	Hamtaro - Rainbow Rescue (Europe) (En,Fr,De,Es,It)
5D31A1F9	Scrabble Blast! (USA)
5D4D88C5	Ultimate Beach Soccer (USA)
5D52BE1E	Pinball Tycoon (Europe)
5D54ECE5	Caesars Palace Advance - Millennium Gold Edition (USA, Europe)
5D69858B	Deimos Defender (World)
5D9D52DE	SpongeBob SquarePants Movie, The (Europe) (En,Fr,De,Es,It,Nl)
5DA05880	2 Games in One! - Marble Madness + Klax (USA)
5DFCC5E5	Ready 2 Rumble Boxing - Round 2 (USA)
5E72899A	Gremlins - Stripe vs Gizmo (USA)
5E88C34B	Mega Man - Battle Network 2 (USA, Europe) (Virtual Console)
5E8B2644	Kong - King of Atlantis (USA)
5EA3F3B5	Space Invaders (USA, Europe)
5EC8EA61	Super Bubble Pop (USA)
5EC91001	Deflektor (World) (v1.1)
5EE9D6C5	Robot Wars - Extreme Destruction (Europe) (En,Fr,De,Es,It,Nl)
5F1E5A48	Medabots AX - Metabee Ver. (Europe) (En,Fr,De,Es,It)
5F255362	2 Games in One! - Gauntlet + Rampart (USA)
5F3A7BB7	Over the Hedge (USA)
5F443B14	Contra Advance - The Alien Wars EX (Europe)
5F512223	Sonic Advance (Japan) (En,Ja)
5F9B4211	Elite - The New Kind (World) (v1.7.1)
5FE092C6	Mary-Kate and Ashley - Sweet 16 - Licensed to Drive (USA, Europe)
606A1C4D	Golden Sun - The Lost Age (USA, Europe)
606BFDD9	Contra Advance - The Alien Wars EX (USA) (Virtual Console)
607DDC6B	Noddy - A Day in Toyland (Europe) (En,Fr,Es,It,Nl,Pt,Da)
60BFCC8E	BattleBots - Beyond the BattleBox (Europe) (En,Fr,De)
60CD3207	Doom II (Europe)
60E2DB03	All-Star Baseball 2004 Featuring Derek Jeter (USA)
610913E0	Secret Agent Barbie - Royal Jewels Mission (USA)
6111ED1E	Care Bears - The Care Quest (Europe) (En,Fr,De,Es,It,Nl,Pt,Da)
611535DC	Castlevania (Europe)
611CC620	SpongeBob SquarePants and Friends Unite! (Europe) (En,Fr,De,Es,Nl)
611E7BBD	Yu-Gi-Oh! - Destiny Board Traveler (USA)
6144EC15	Denki Blocks! (Europe) (En,Fr,De,Es,It)
616088DF	Sports Illustrated for Kids - Baseball (USA)
61641576	Pokemon - Ruby Version (USA, Europe) (Rev 1)
62066FC9	Super Puzzle Fighter II (USA) (Rev 1)
6217469F	Pferd & Pony - Lass Uns Reiten 2 (Germany) (En,De)
6220A4B8	Brother Bear (Europe)
6232839B	Sonic Advance (Europe) (En,Ja,Fr,De,Es)
6242FFB2	Columns Crown (USA)
628355B5	FILA Decathlon (Europe) (En,Fr,De,Es,It,Sv)
628A8E32	3 Game Pack! - Candy Land + Chutes and Ladders + Original Memory Game (USA)
62A678AB	Stuntman (Europe) (En,Fr,De,Es,It)
62CA5620	Polar Express, The (USA, Europe) (En,Fr,De,Es,It)
62D9E3D0	Wing Commander - Prophecy (USA)
62E435DE	Flushed Away (Europe) (En,Fr,De,Es,It)
6310BA16	Spider-Man - Battle for New York (USA)
63592451	Lion King, The (Europe) (En,Fr,De,Es,It,Nl,Sv,Da)
639E9D3B	Super Mario Advance 3 - Yoshi's Island (Europe) (En,Fr,De,Es,It)
63A4422E	Drake & Josh (USA) (En,Fr)
63AA930A	Onimusha Tactics (Europe)
63BB643F	2-in-1 Fun Pack - Shrek 2 + Madagascar (Europe)
63BD3463	Dogz - Fashion (USA)
63CA5050	Super Dodge Ball Advance (USA) (Rev 1)
63DF4D36	Legend of Spyro, The - A New Beginning (Europe) (En,Fr,De,Es,It,Nl)
63F49BA9	Shrek - Reekin' Havoc (USA) (En,Fr,De,Es,It,Nl)
63F70FD8	Sonic Advance (USA) (En,Ja)
63FE3DFE	Karnaaj Rally (USA, Europe)
6470252F	Snood 2 - On Vacation (Europe) (En,Fr,De,Es,It)
649F7BB2	Greg Hastings' Tournament Paintball Max'd (USA)
64B1E921	Dave Mirra Freestyle BMX 2 (USA)
64B93824	Madden NFL 2003 (USA)
64C802F9	Winter Sports (Europe) (En,Fr,De,Es,It)
64EC07E7	Dragon Ball Z - Taiketsu (USA)
64EDB487	Ed, Edd n Eddy - The Mis-Edventures (USA) (En,Fr)
650FDFDB	Dora the Explorer - Super Spies (USA)
6534185E	Google Dino Advance (World) (v1.0.1)
654DF50E	Dokapon - Monster Hunter! (Europe) (En,Fr,De)
654F7916	Altered Beast - Guardian of the Realms (Europe) (En,Fr,De,Es,It)
65A8D986	Rick Dangerous 2 (World)
65AC74CC	Army Men - Turf Wars (USA)
66265AD9	Shaun Palmer's Pro Snowboarder (USA, Europe)
66341F3B	Megaman - Battle Network 2 (Europe)
6649D2CE	Tactics Ogre - The Knight of Lodis (USA)
6657DA99	Contra Advance - The Alien Wars EX (Europe) (Virtual Console)
6694F94D	WWE - Survivor Series (USA, Europe)
66FB29E9	Advance Wars (Europe) (En,Fr,De,Es)
671957AF	Fantastic 4 - Flame On (Europe) (En,Fr,Es,It)
6721794B	3 Games in 1 - Rugrats - I Gotta Go Party + SpongeBob SquarePants - SuperSponge + Tak and the Power of Juju (Europe) (En+En+En,Fr,De)
6751A4EF	Zapper - One Wicked Cricket! (USA)
67756000	Adventures of Jimmy Neutron Boy Genius, The - Jet Fusion (USA, Europe)
677854AF	Star Wars - The New Droid Army (Europe) (En,Fr,De,Es)
67AB8688	Green Memories (World) (v1.4.7)
67D2E5B8	Bomberman Max 2 - Red Advance (Europe) (En,Fr,De)
67D3361F	Agoria - Ode to Fate (World)
67D9A2A6	Classic NES Series - Excitebike (USA, Europe)
68206301	Creatures (Europe) (En,Fr,De)
68215047	Superman Returns - Fortress of Solitude (USA, Europe) (En,Fr,De,Es,It)
6821C1F3	Yu-Gi-Oh! - Reshef of Destruction (Europe) (En,Fr,De,Es,It) (Early Days Collection)
684EB887	Let's Ride! - Sunshine Stables (USA)
6863CE1A	Tom Clancy's Rainbow Six - Rogue Spear (Europe) (En,Fr,De,Es,It)
68836DF9	Salt Lake 2002 (Europe) (En,Fr,De,Es,It,Nl)
68B21289	SD Gundam Force (USA)
68D3023A	Robopon 2 - Cross Version (USA)
68D63D5F	Games Explosion! (USA)
68FEFF40	Elf Bowling 1 & 2 (USA)
69492530	Klonoa - Empire of Dreams (Europe)
69687F2B	Ring Dash (World) (v1.0c)
6968959A	Defender of the Crown (Europe)
698377D2	American Dragon - Jake Long - Rise of the Huntsclan (USA, Europe) (En,Fr,De,Es,It)
69B6F229	Yu-Gi-Oh! - World Championship Tournament 2004 (USA) (En,Ja,Fr,De,Es,It)
69D760BB	Board Game Classics (USA)
69E89581	Dave Mirra Freestyle BMX 2 (Europe) (En,Fr,De,Es,It)
69EE551C	Driver 2 Advance (Europe) (En,Fr,De,Es,It)
69F1117D	Magical Quest 2 Starring Mickey & Minnie (USA) (En,Fr,De)
6A5BD4F0	Mario & Luigi - Superstar Saga (Europe) (En,Fr,De,Es,It) (Virtual Console)
6A808027	Lea - Passion Veterinaire (France) (En,Fr)
6A8BE56F	Konami Collector's Series - Arcade Classics (Europe) (En,Fr,De,Es,It)
6AD6E952	Rock'em Sock'em Robots (Europe) (En,Fr,De,Es,It)
6B3961FB	Dog Trainer (Europe) (DS Cheat Cartridge)
6BB63774	Disney's Party (USA, Europe) (En,Fr,De,Es,It)
6BBC5F4D	Gekido Advance - Kintaro's Revenge (USA)
6BE8D68C	Spider-Man 3 (Europe)
6BF168E6	Dexter's Laboratory - Deesaster Strikes! (USA) (En,Fr,De,Es,It) (Rev 1)
6BFD2915	Super Bust-A-Move (Europe) (En,Fr,De,Es,It)
6C135820	Dragon Ball - Advanced Adventure (Europe) (En,Fr,De,Es,It)
6C66CFBE	Driv3r (USA)
6C6C65A3	Sonic Advance 2 (Japan) (En,Ja,Fr,De,Es,It) (Virtual Console)
6C75479C	Metroid Fusion (USA)
6CB47552	2 Games in 1 - Monsters, Inc. + Finding Nemo (Europe)
6CD93829	Medabots AX - Rokusho Ver. (USA) (Virtual Console)
6D174E28	Army Men - Operation Green (USA) (En,Fr,De,Es,It)
6D49CABF	Classic NES Series - The Legend of Zelda (USA, Europe)
6D8EF48A	2 in 1 Game Pack - Tony Hawk's Underground + Kelly Slater's Pro Surfer (USA, Europe)
6D961F82	Mega Man - Battle Network 2 (USA)
6DBBC17C	XS Moto (USA)
6DCE8A26	Battle B-Daman (USA)
6DCFB879	Yu-Gi-Oh! Duel Monsters International 2 (Japan) (En,Ja)
6DFA0F50	Medal of Honor - Underground (USA)
6E03FD6A	Ms. Pac-Man - Maze Madness (Europe) (En,Fr,De,Es,It)
6E0A8585	Scorpion King, The - Sword of Osiris (USA)
6E0D29FC	Wings (Europe)
6E135B4D	Spider-Man - Mysterio's Menace (USA, Europe)
6E140BFA	Mega Man & Bass (Europe) (Virtual Console)
6E2D7EFF	Glucoboy (Australia)
6E378BF3	Planet of the Apes (Europe) (En,Fr,De,Es,It,Nl)
6E4030A1	Banjo-Pilot (USA)
6E5880ED	Puyo Pop Fever (Europe) (En,Fr,De,Es,It)
6E5C16F4	Pac-Man Collection (USA)
6EA3F4E4	High Heat Major League Baseball 2002 (USA, Europe)
6EB7C688	Stuart Little 2 (USA, Europe)
6EC76BCE	Koala Brothers - Outback Adventures (USA) (En,Fr,De,Es,It,Nl,Pt,Da)
6ECF40A0	Paws & Claws - Best Friends - Dogs & Cats (USA)
6F019A88	Sushi the Cat (World)
6F098DA3	Breath of Fire II (USA)
6F0D43B0	CHEESYchords (World) (v1.1)
6F28B009	Crash of the Titans (USA) (En,Fr)
6F749A70	Yu-Gi-Oh! - 7 Trials to Glory - World Championship Tournament 2005 (USA) (En,Ja,Fr,De,Es,It) (Early Days Collection)
6F88E088	2 Games in 1 - Golden Nugget Casino + Texas Hold 'em Poker (USA)
6F8BFDBC	Frogger's Journey - The Forgotten Relic (USA)
6F931445	Kid's Cards (USA)
6FBBBEEC	Bloxorz (World) (v1.1)
6FD773CD	Fairly OddParents!, The - Clash with the Anti-World (USA)
702B46C6	Green Memories (World) (v1.4.4)
70359B35	Power Rangers - Time Force (USA, Europe)
70475D7F	Onimusha Tactics (USA)
70520C5C	Colin McRae Rally 2.0 (Europe) (En,Fr,De)
708A6168	Donkey Kong Country 3 (Europe) (En,Fr,De,Es,It)
709B5289	Medabots AX - Metabee Ver. (USA) (Virtual Console)
70A6D2C1	Mario Pinball Land (USA, Australia)
70A8A141	Cabela's Big Game Hunter (USA)
70DB3F96	Guilty Gear X - Advance Edition (USA)
70DED768	Lizzie McGuire - On the Go! (USA)
714A0D3A	Star Wars Trilogy - Apprentice of the Force (USA) (En,Fr,Es)
716DC010	Jet Set Radio (Europe)
718A6C3B	V.I.P. (Europe) (En,Fr,De,Es,It,Nl)
7197117E	Final Fantasy V Advance (Europe) (En,Fr,De,Es,It)
71C505C8	Kim Possible 2 - Drakken's Demise (Europe) (En,Fr,De,Es)
71D52C61	2 Games in 1 - SpongeBob SquarePants - SuperSponge + SpongeBob SquarePants - Battle for Bikini Bottom (Europe) (En+En,Fr,De)
72434345	Freekstyle (USA)
726BB764	Golden Sun - The Lost Age (USA, Europe) (Virtual Console)
72894E1B	Sound of Thunder, A (USA) (En,Fr,De,Es,It)
72A55741	Black Belt Challenge (Europe)
72B4CF20	Medal of Honor - Underground (Europe) (En,Fr,Es,It) (Zoo Digital)
72BA6B8C	Lemony Snicket's A Series of Unfortunate Events (USA, Europe)
72D5F428	2 Games in 1 - Finding Nemo + Finding Nemo - The Continuing Adventures (Europe) (En+En,Es,It,Sv,Da)
72DCB4F4	Disney Sports - Motocross (Europe) (En,Fr,De,Es,It)
7304DCA4	Animal Snap - Rescue Them 2 by 2 (USA)
7305AC30	Sonic Battle (Japan) (En,Ja)
730A5DD6	Rushed Hack Job, A (World) (GBA Jam 2022)
7336B1FA	Kirby - Nightmare in Dream Land (Europe) (En,Fr,De,Es,It) (Virtual Console)
733751B3	SimCity 2000 (USA)
73411578	GT Advance 2 - Rally Racing (Europe)
73444273	2 Games in 1 - Finding Nemo + Finding Nemo - The Continuing Adventures (Europe) (Es,It+En,Es,It,Sv,Da)
73787A16	Sabre Wulf (USA)
737C286F	Harlem Globetrotters - World Tour (USA)
739B7EC4	Mega Man - Battle Network 4 - Blue Moon (USA) (Virtual Console)
73EF3A35	Soccer Mania (USA, Europe) (En,Fr,De,Es,It,Nl,Sv,Da)
748189B5	Boktai 2 - Solar Boy Django (Europe) (En,Fr,De,Es,It)
748AD738	European Super League (Europe) (En,Fr,De,Es,It)
749339B2	Barbie Software - Groovy Games (Europe) (En,Fr,De,Es,It)
7496555C	Earthworm Jim 2 (USA)
74B5D069	Shining Soul (Europe) (En,Fr,De,Es,It)
74BE9148	Butt-Ugly Martians - B.K.M. Battles (USA)
74CDB37A	Dynasty Warriors Advance (Europe) (En,Fr,De,Es,It)
74E787DC	Hot Wheels - All Out (Europe) (En,Fr,De,Es,It)
7503F71B	Madagascar (USA)
751EF0D2	Rayman - Raving Rabbids (USA) (En,Fr,Es)
75491E30	Masters of the Universe - He-Man - Power of Grayskull (USA)
75703943	2 Disney Games - Lilo & Stitch 2 + Peter Pan - Return to Neverland (Europe) (En,Fr,De,Es+En,Fr,De,Es,It,Nl)
757A4EFB	It's Mr. Pants (USA, Europe)
7580FBD6	SpongeBob SquarePants - Creature from the Krusty Krab (Europe) (En,Fr,De,Es,It,Nl,Sv,Da)
758A46E9	Mega Man - Battle Network 4 - Blue Moon (USA)
7590EBFA	Lord of the Rings, The - The Return of the King (USA, Europe) (En,Fr,De,Es,It)
7597E8C1	Sea Trader - Rise of Taipan (USA)
75A92925	Sheep (Europe) (En,Fr,De,Es,It)
75C35F7C	Nicktoons Unite! (USA)
76035741	Garfield - The Search for Pooky (USA) (En,Fr,De,Es,It)
7623E41A	Pro Beach Soccer (Europe) (En,Fr,De,Es,It,Pt)
764FAFB5	Double Dragon Advance (USA)
7652CD25	Nancy Drew - Message in a Haunted Mansion (USA)
766C7F9A	Klonoa 2 - Dream Champ Tournament (USA) (Virtual Console)
769FDE96	Mech Platoon (USA)
772D97FB	Kingdom Hearts - Chain of Memories (Europe) (En,Fr,De,Es,It)
773E73C7	ATV - Thunder Ridge Riders (USA)
77B7FCCE	Disney Sports - Snowboarding (Europe) (En,Fr,De,Es,It)
77D50EC6	Tron 2.0 - Killer App (USA)
77E2D5F0	Nebulus (World) (v1.2)
781AAB58	F-Zero - GP Legend (USA)
783AC0C7	Batman - Vengeance (Europe) (En,Fr,De,Es,It,Nl)
785D8B8C	WarioWare, Inc. - Mega Microgame$! (USA)
78AD82FF	Meine Tierpension (Germany) (En,De)
78B4B5C7	Mortal Kombat Advance (Europe)
78B59AAC	Texas Hold 'em Poker (USA)
78B81BBC	Green Memories (World) (v1.2.0)
78DD4EDC	Mega Man - Battle Network 5 - Team Colonel (USA) (Virtual Console)
78E5A643	Word Safari - The Friendship Totems (USA)
79452182	Mega Man - Battle Network 6 - Cybeast Gregar (USA)
794B2602	Treasure Planet (Europe) (En,Fr,De,Es,It,Nl) (Rev 1)
798593A5	Shaman King - Legacy of the Spirits - Soaring Hawk (USA)
79D7F4BC	Reign of Fire (Europe) (En,Fr,De,Es,It)
79F45ED8	Megaman - Battle Network 5 - Team Protoman (Europe)
79FE9284	2 Games in One! - Paperboy + Rampage (USA)
7A1019E6	Yu-Gi-Oh! Duel Monsters Expert 2006 (Japan) (En,Ja,Fr,De,Es,It)
7A1DC458	LEGO Racers 2 (Europe) (En,Fr,De,Es,It,Nl,Sv,Da)
7A24AB0C	Final Fantasy V Advance (USA)
7A3EF446	Extreme Skate Adventure (USA) (Rev 1)
7A7B060F	Kong - The Animated Series (Europe) (En,Fr,De,Es,It,Nl)
7AB1EC04	Yu-Gi-Oh! Duel Monsters Expert 3 (Japan) (En,Ja,Fr,De,Es,It)
7ABD7E9A	ESPN X-Games Skateboarding (Japan) (En)
7AE83ACF	Bygone Snow (World)
7B089F4A	Tony Hawk's American Sk8land (USA)
7B113397	Monopoly (Europe) (En,Fr,De,Es)
7B311C5C	Dora the Explorer - Dora's World Adventure! (USA)
7B31D4DA	High School Musical - Livin' the Dream (USA)
7B3C4F90	Crash & Spyro Super Pack Volume 2 (Europe) (En,Fr,De,Es,It,Nl)
7B68D93E	Shark Tale (USA, Europe)
7B729804	Tetris Worlds (USA)
7BD01B31	Dinotopia - The Timestone Pirates (USA, Europe) (En,Fr,De,Es,It,Nl)
7BDAB2CF	Scooby-Doo 2 - Monsters Unleashed (Europe) (En,Fr,De,Es,It)
7C200ED5	MazezaM (World) (NEO Coding Compo 2013)
7C43545E	Godzilla - Domination! (Europe) (En,Fr,De,Es,It)
7C6D9EF3	Barbie Horse Adventures (Europe) (En,Fr,De,Es,It,Nl)
7C74487C	Kirby & The Amazing Mirror (Europe) (En,Fr,De,Es,It) (Virtual Console)
7C9854C6	Final Fantasy I & II - Dawn of Souls (Europe) (En,Fr,De,Es,It)
7CA7AA12	Barbie in the 12 Dancing Princesses (Europe) (En,Fr,De,Es,It)
7CCC79B4	Backyard Football (USA)
7CD86B02	Gunstar Super Heroes (USA)
7CFF011A	Butt-Ugly Martians - B.K.M. Battles (Europe) (En,Fr,De,Es,It)
7D2CF2A1	One Piece (USA)
7D7306DF	Dragon Ball - Advanced Adventure (USA)
7D8C00D3	Anguna - Warriors of Virtue (World) (Evercade)
7D902B62	Max Payne Advance (Europe) (En,Fr,De)
7DC40EDA	CT Special Forces 3 - Bioterror (Europe) (En,Fr,De,Es,It,Nl)
7DC8E08E	Tom and Jerry - The Magic Ring (USA) (En,Fr,De,Es,It)
7DD20F33	F1 2002 (USA, Europe)
7E00422C	Incredible Hulk, The (Europe) (En,Fr,De,Es,It)
7E198522	Chronicles of Narnia, The - The Lion, the Witch and the Wardrobe (USA, Europe) (En,Fr,De,Es,It,Nl,Sv,Da)
7E4DB1CC	David Beckham Soccer (USA) (En,Es)
7E5BC83D	Megaman - Battle Network 5 - Team Protoman (Europe) (Virtual Console)
7E8C875C	Green Memories (World) (v1.4.8)
7E90CEA2	Game & Watch Gallery 4 (USA)
7E9283F2	Lizzie McGuire (Europe) (En,Fr,De,Es)
7EA28A99	Yu-Gi-Oh! Double Pack (Europe) (En,Fr,De,Es,It)
7EB2F6D6	International Superstar Soccer Advance (Europe)
7EC3485E	Metal Warrior 4 - Agents of Metal (World) (v1.3)
7ECB7529	Shamu's Deep Sea Adventures (USA)
7ECD29CE	Tom Clancy's Splinter Cell (Europe) (En,Fr,De,Es,It,Nl)
7EDB6E6E	Rick Dangerous (World) (NEO Coding Compo 2013)
7EE24793	Mega Man Zero 4 (USA)
7EF359ED	Spyro Superpack - Spyro - Season of Ice + Spyro 2 - Season of Flame (USA)
7EFEE7F7	Sonic Advance 2 (USA) (En,Ja,Fr,De,Es,It)
7F1EAC75	Sword of Mana (USA, Australia)
7F21D693	Mr Nutz (Europe) (En,Fr,De,Es,It)
7F36D6F0	Battle Picross (World)
7F8CB0AF	WTA Tour Tennis (USA)
7FBF8E98	Franklin's Great Adventures (USA) (En,Fr,Es)
7FEC3419	Strawberry Shortcake - Summertime Adventure (USA)
7FF0A5CF	Final Fight One (Europe) (Virtual Console)
7FFB6699	CHEESYchords (World) (GBA Jam 2024)
802FC7C1	Teenage Mutant Ninja Turtles 2 - Battle Nexus (USA)
804E5DE2	Duel Masters - Kaijudo Showdown (USA)
80B707C2	Street Fighter Alpha 3 (USA)
80EC6CF0	Disney Sports - Basketball (USA)
8103428D	Gradius Galaxies (USA)
8104E85A	Megaman - Battle Network 6 - Cybeast Falzar (Europe) (Virtual Console)
8111261C	Rescue Heroes - Billy Blazes! (USA)
812DC57A	Tony Hawk's Pro Skater 2 (USA, Europe)
812EF3A9	bit Generations - Dialhex (Japan) (En)
81397AC0	Arctic Tale (USA)
814A7D33	Pac-Man World 2 (USA)
8152384D	Uranus (World)
815B722F	Virtual Kasparov (USA) (En,Fr,De,Es,It)
818F4E4B	Namco Museum (Japan) (En)
81F58837	FIFA Soccer 2003 (USA, Europe) (En,Fr,De,Es,It)
821838BC	Spider-Man 2 (Europe) (En,Fr,De,Es)
8232F58A	SSX 3 (USA, Europe)
828020E9	Need for Speed - Underground (USA, Europe) (En,Fr,De,It)
82B4D89C	Davis Cup (USA) (En,Fr,De,Es,It)
82C21322	2 Games in 1 - SpongeBob SquarePants - Battle for Bikini Bottom + The Fairly OddParents! - Breakin' da Rules (USA)
82D431A4	2048 (World) (GBA Jam 2024)
82F9C596	Ratatouille (Europe) (En,It,Sv,No,Da)
82FD50CB	Ninja Cop (Europe) (Limited Run Games)
83297D13	Ecks vs. Sever II - Ballistic (Europe) (En,Fr,De,Es,It)
833D052A	Frost Princess (World) (GBA Winter Jam 2021)
83417478	SD Gundam Force (Japan) (En)
83BC2D2C	Agent Hugo - Roborumble (Europe) (En,Fr,De,Es,It,Nl,Pt,Sv,No,Da,Fi)
83C90106	Batman Begins (USA, Europe) (En,Fr,De,Es,It,Nl)
8400759C	Advance Wars (Europe) (En,Fr,De,Es) (Virtual Console)
840D11C1	Animaniacs - Lights, Camera, Action! (Europe) (En,Fr,De,Es,It)
84440066	Legends of Wrestling II (USA, Europe)
848F9D42	Spy Muppets - License to Croak (USA) (En,Fr,De,Es,It,Nl)
84ADB2C3	Essence of War, The - Glory Days (Europe) (En,Fr,De,Es,It)
84B5666C	Yggdra Union - We'll Never Fight Alone (USA)
84EE4776	Pokemon - FireRed Version (USA, Europe) (Rev 1)
851127D4	2 Great Games! - Pac-Man World + Ms. Pac-Man - Maze Madness (USA)
851A44CB	Mario Power Tennis (Europe) (En,Fr,De,Es,It) (Virtual Console)
8577A000	2 Games in 1 - Sonic Pinball Party + Columns Crown (Europe) (En,Ja,Fr,De,Es,It+En)
857FB1EF	Minna de Puyo Puyo (Japan) (En,Ja)
85957A24	Sonic Advance (Japan) (En,Ja) (Rev 1)
85C837AF	Game & Watch Gallery Advance (Europe)
863CBF31	CT Special Forces - Back to Hell (Europe) (En,Fr,De,Es,It,Nl)
8658BB4F	Charlotte's Web (Europe) (En,Fr,De,Es,It)
8686436E	River City Ransom EX (USA)
86A861F1	Ecks vs Sever (USA) (En,Fr,De,Es,It)
86AD4007	Top Gear Rally (Europe) (En,Fr,De,Es,It)
86C4F772	Another World (World) (En,Fr) (v2.1)
86ED2599	Advance Rally (Japan) (En)
8753A1C5	Zapper (Europe) (En,Fr,De,Es,It)
87A4D12C	Justice League Heroes - The Flash (USA)
87C25055	Arthur and the Invisibles (USA) (En,Fr,Es)
87E15F5B	NASCAR Heat 2002 (USA)
87E8656E	Megaman Zero 3 (Europe) (Virtual Console)
87F8599C	Sims 2, The - Pets (Europe) (En,Fr,De,Es,It,Nl)
881C8416	Tak - The Great Juju Challenge (USA, Europe)
8825294A	Metroid - Zero Mission (USA) (Virtual Console)
8834AF99	Road Rash - Jailbreak (USA)
885266A2	Lunar Legend (USA)
8859B808	Pink Panther - Pinkadelic Pursuit (Europe) (En,Fr,De,Es,It)
886121A8	Britney's Dance Beat (Europe)
8873BD29	Frogger Advance - The Great Quest (Europe) (En,Fr,De,Es,It)
88AAE191	Yu-Gi-Oh! - World Championship Tournament 2004 (Europe) (En,Ja,Fr,De,Es,It) (Early Days Collection)
88C1B562	Castlevania - Harmony of Dissonance (USA)
88CC876C	Extreme Ghostbusters - Code Ecto-1 (Europe) (En,Fr,De,Es,It,Pt)
88DAB27F	Super Mario Advance 4 - Super Mario Bros. 3 (USA, Australia) (Rev 1)
88E64A8A	Sword of Mana (Europe)
88EC163B	Yu-Gi-Oh! Duel Monsters International 2 (Japan) (En,Ja) (Early Days Collection)
88FE3F31	Knights' Kingdom (USA)
89103893	TMNT - Teenage Mutant Ninja Turtles (Europe) (En,Fr,De,Es,It)
8919D82C	Atomic Betty (USA, Europe)
89509891	Sonic Advance 2 (Europe) (En,Ja,Fr,De,Es,It)
897B2893	Zooo - Action Puzzle Game (Europe) (En,Fr,De,Es,It)
8A0831BD	Ultimate Card Games (USA, Europe)
8AABD86A	Rugrats - Castle Capers (USA, Europe)
8AB607C0	ChuChu Rocket! (Europe) (En,Ja,Fr,De,Es)
8ABA5AB8	Rayman Advance (USA) (En,Fr,De,Es,It)
8AC558CE	Peter Pan - The Motion Picture Event (USA)
8ACD3AFC	Frogger's Adventures 2 - The Lost Wand (Europe) (En,Fr,De,Es,It)
8AEB0A4B	Kirby Slide + (World)
8AF23450	Dragon Tales - Dragon Adventures (USA)
8AF3F3AD	Mary-Kate and Ashley - Girls Night Out (USA, Europe)
8B0079CB	Scooby-Doo and the Cyber Chase (Europe) (En,Fr,De)
8B02B2B1	Star X (USA) (En,Fr,De,Es,It,Nl)
8B082CCE	E.T. - The Extra-Terrestrial (USA)
8B14F9EC	Treasure Planet (USA)
8B1BC7DF	Sims 2, The (USA, Europe) (En,Fr,De,Es,It,Nl)
8B27CD67	e-Reader (USA)
8B3330BB	Urbz, The - Sims in the City (USA, Europe) (En,Fr,De,Es,It,Nl)
8B523FF7	3 Game Pack! - Ker Plunk! + Toss Across + Tip It (USA)
8B5E0A27	Yu-Gi-Oh! - Dungeon Dice Monsters (USA) (En,Es)
8BA179B8	Agassi Tennis Generation (USA)
8BB73D8A	Wario Land 4 (USA, Europe) (Virtual Console)
8BC90ADB	Sitting Ducks (USA) (En,Fr,De,Es,It,Nl)
8BD224C5	Atlantis - The Lost Empire (USA, Europe)
8BD23A7F	Klonoa 2 - Dream Champ Tournament (USA)
8BDD13AD	Let's Ride! - Friends Forever (USA)
8BFB4CFE	Tang Tang (Europe) (En,Fr,De,Es,It,Fi)
8C3B3702	World of Zoink (World) (GBA Jam 2024)
8C411ACC	GT Advance - Championship Racing (USA, Europe)
8C541D13	Gunstar Future Heroes (Europe) (En,Ja,Fr,De,Es,It)
8C748DCB	NFL Blitz 2002 (USA)
8C9A56C4	Mooncat's Trio (World) (v1.1)
8CB0AA77	Tony Hawk's Pro Skater 4 (USA, Europe)
8CB19DA0	Moto Racer Advance (Europe) (En,Fr,De,Es,It)
8CB58997	Lost Vikings, The (USA)
8D3B116E	WWF - Road to WrestleMania (USA, Europe)
8D423E8D	Super Street Fighter II Turbo - Revival (Europe) (Rev 1) (Virtual Console)
8D5034D7	Muppet Pinball Mayhem (Europe)
8D51A101	Ant Bully, The (USA) (En,Fr)
8D5FFBCA	BattleBots - Design & Destroy (USA)
8D780224	Legend of Spyro, The - The Eternal Night (USA) (En,Fr)
8D84ACFC	Super Mario Advance 4 - Super Mario Bros. 3 (Europe) (En,Fr,De,Es,It) (Rev 1)
8D8F26A5	Dave Mirra Freestyle BMX 3 (USA, Europe)
8E0A9112	Sonic 3 - Fighter Sonic (USA)
8E190698	That's So Raven (USA)
8E20043F	Super Duper Sumos (USA)
8E39FEE9	Dave Mirra Freestyle BMX 2 (Europe) (En,Fr,De,Es,It) (Rev 1)
8E6DCD53	Blackthorne (USA)
8E797ECD	Madden NFL 2002 (USA)
8E91CD13	Legend of Zelda, The - A Link to the Past & Four Swords (USA)
8E923168	Harvest Moon - Friends of Mineral Town (USA)
8EAE8860	Hugo 2 in 1 (Europe) (En,Fr,De,Es,It,Nl,Pt,Sv,No,Da,Fi,Pl)
8EC709D6	Crazy Taxi - Catch a Ride (USA)
8ECA2B0F	Rampage - Puzzle Attack (USA, Europe)
8EE32CBE	Worms - World Party (Europe) (En,Fr,De,Es,It)
8EE6D3D5	Teenage Mutant Ninja Turtles 2 (USA)
8EE93EB8	MotoGP (USA) (En,Fr,De,Es,It)
8F15BF4C	Pirates of the Caribbean - The Curse of the Black Pearl (USA) (En,Fr,De,Es,It)
8F1B100D	Over the Hedge - Hammy Goes Nuts! (Europe) (En,Fr,De,Es,It,Nl)
8F289E0B	Operation Armored Liberty (USA)
8F2DEBB8	Polarium Advance (Europe) (En,Fr,De,Es,It)
8F3FF0E4	2K Sports - Major League Baseball 2K7 (USA)
8F482DF4	Harry Potter IV (USA)
8F7EB026	Tak 2 - The Staff of Dreams (USA)
8FA26A97	World Poker Tour (Europe) (En,Fr,De)
8FB5E2C6	Star Wars - Episode II - Attack of the Clones (USA)
8FC8CF73	Megaman - Battle Network 5 - Team Colonel (Europe)
8FDDD48B	Penny Racers (Europe)
8FF9915B	Time for The Chickens to Go to Sleep (World) (Auto Demo) (GBA Jam 2021)
9027917F	Qwak (Europe) (En,Fr,De,Es,It)
9075C6FD	F-Zero - GP Legend (USA) (Virtual Console)
90D759E2	Agassi Tennis Generation (Europe) (En,Fr,De,Es,It)
90DBD5EB	My Little Pony - Crystal Princess - The Runaway Rainbow (USA)
911BE520	Midnight Club - Street Racing (USA)
91238AD1	Super Black Bass Advance (Europe)
91344285	Bounty Hunter X (World)
91483D87	Shrek - Swamp Kart Speedway (USA, Europe) (En,Fr,De,Es,It,Nl)
916DB9D5	TMNT (USA) (En,Fr,Es)
91768D65	Trogdor! (World) (v3.1)
91ACF642	Famicom Mini 06 - Pac-Man (Japan) (En)
91B16892	Dungeons & Dragons - Eye of the Beholder (USA)
91DD701D	Tak 2 - The Staff of Dreams (Europe) (En,Fr,De,Es,It)
91E7BA6C	Fairly OddParents!, The - Clash with the Anti-World (Europe) (En,De,Es,Nl)
921B66E2	Power Rangers S.P.D. (USA, Europe)
92243509	Hexa Virus (World)
922D805A	Konami Krazy Racers (Europe) (Virtual Console)
92360109	Asterix & Obelix - Bash Them All! (Europe) (En,Fr,De,Es,It,Nl)
9255C170	Mario DX (USA)
928B4E05	FightBox (Europe)
92BCD192	Backyard Baseball 2006 (USA)
92C695CC	Disney Princess - Royal Adventure (Europe) (En,Fr,De)
92F99295	Total Soccer Manager (Europe) (En,Fr,De,Es,It,Nl)
92FDB8D6	Medabots AX - Rokusho Ver. (USA)
931E2C18	Ultimate Spider-Man (USA)
934E1F1D	Classic NES Series - Dr. Mario (USA, Europe)
936DAAB2	Donald Duck Advance (USA)
9374AF5E	Demon Driver - Time to Burn Rubber! (USA)
9387EA7C	F24 Stealth Fighter (USA)
93961CB2	Rocket Power - Dream Scheme (USA, Europe)
93C5CF69	Street Fighter Alpha 3 (Europe)
93D3B218	Fire Emblem (Europe) (En,Es,It) (Virtual Console)
940F385E	Super Bubble Pop (World) (Evercade)
9439541C	Dora the Explorer - The Search for the Pirate Pig's Treasure (USA)
94484F17	GT Racers (Europe) (En,Fr,De,Es,It)
946787C0	Avatar - The Last Airbender (USA)
94699FCA	Naruto - Ninja Council 2 (USA)
946D2CBB	I Spy Challenger! (USA)
948531D4	Jazz Jackrabbit (USA, Europe)
94863423	Ultimate Card Games (USA) (Rev 2)
94C620F3	Bomberman Max 2 - Blue Advance (USA)
94CF5B2B	2 Games in 1 - Sonic Advance + Sonic Battle (Europe) (En,Ja,Fr,De,Es+En,Ja,Fr,De,Es,It)
94D2737A	Star Wars - Flight of the Falcon (USA)
94D9053D	Duel Masters - Shadow of the Code (USA)
94E3D277	Ford Racing 3 (Europe) (En,Fr,De,Es,It)
94F3B7C0	Magical Quest Starring Mickey & Minnie (Europe) (En,Fr,De,Es,It)
954D2619	Yoshi Sample (Japan) (En) (SDK 3.0) (Tech Demo)
95503690	Tremblay Island (World)
958097D2	Lady Sia (Europe) (En,Fr,De,Es,It,Nl)
9592F553	Hot Wheels - Velocity X (USA)
95988EE2	Ultimate Winter Games (USA)
95BE56E6	Quad Desert Fury (USA, Europe)
95C79648	SimCity 2000 (Europe) (En,Fr,De,Es,It) (Rev 1)
95CCC956	Konami Krazy Racers (USA) (Virtual Console)
95DD156A	Gadget Racers (USA)
95E05895	Tower SP, The (USA)
95F2C572	Driven (Europe) (En,Fr,De,Es,It)
961260AE	Trick Star (Europe) (En,Fr,De,Es,It)
96128B31	Spy Kids 3-D - Game Over (USA)
962DD201	Payback (Europe) (En,Fr,De,Es,It)
96488632	Jonny Moseley Mad Trix (USA) (En,Fr,De,Es,It)
964D39A7	Rapala Pro Fishing (USA, Europe)
9653BAC5	Super Hornet FA 18F (USA, Europe)
965A1A75	Inheritors of the Oubliette (World) (GBA Jam 2021)
966FA650	No Rules - Get Phat (USA, Europe) (En,Fr,De,Es,It,Nl)
9686C36B	Boktai - The Sun Is in Your Hand (Europe) (En,Fr,De,Es,It)
96871A23	Freekstyle (Europe) (En,Fr,De,Es,It)
968BE7BC	Mortal Kombat - Tournament Edition (USA) (En,Fr,De,Es,It)
96BDD6C1	Scooby-Doo! - Unmasked (USA) (En,Fr)
9702ABCE	2 Games in 1 - Finding Nemo + The Incredibles (Europe)
9707D2A1	Mega Man Zero (USA, Europe)
973496E0	Zone of the Enders - The Fist of Mars (Europe) (En,Fr,De)
97367887	Oddworld - Munch's Oddysee (USA, Europe)
974E46AB	Metroid Fusion (Europe) (En,Fr,De,Es,It)
9766B309	ESPN X-Games Skateboarding (USA)
97BE09CE	Quokka Wokka (World) (GBA Jam 2024)
97E1727F	Ultimate Spider-Man (Europe)
98235433	Happy Feet (USA) (En,Fr)
98507497	Yu-Gi-Oh! Duel Monsters International - Worldwide Edition (Japan) (En,Ja,Fr,De,Es,It)
9850BF21	Ripping Friends, The - The World's Most Manly Men! (USA, Europe)
985B3704	BattleBots - Beyond the BattleBox (USA)
9898258B	Jungle Book 2, The (Europe) (En,Fr,De,Es,It,Nl)
98AD67E6	SpongeBob SquarePants - SuperSponge (USA, Europe)
98C27E8A	Peter Pan - The Motion Picture Event (Europe) (En,Fr,De,Es,It)
98D72420	Carrera Power Slide (Europe) (En,Fr,De,Es,It,Nl)
99078AF4	Need for Speed - Porsche Unleashed (USA)
99140705	Majesco's Sports Pack (Europe)
9914DA23	Rayman - Raving Rabbids (Europe) (En,Fr,De,Es,It,Nl)
99175C62	Hot Potato! (Europe)
9923C8DF	Work Life (World) (GBA Jam 2024)
994E7629	2 Games in 1 - Power Rangers - Ninja Storm + Power Rangers - Time Force (USA) (En,Fr,De+En)
99566698	2 Games in 1 - Scooby-Doo! - Mystery Mayhem + Scooby-Doo and the Cyber Chase (Europe) (En,Fr,De+En)
9972779D	Sports Illustrated for Kids - Football (USA)
9989CE55	International Superstar Soccer (Europe)
99C96067	2 Games in 1 - Disney Princess + Lizzie McGuire (Europe)
9A0C5090	Need for Speed - Underground 2 (USA, Europe) (En,Fr,De,It)
9A1F8165	Elf - The Movie (USA) (En,Fr,De,Es,It)
9A243B9B	Classic NES Series - Metroid (USA, Europe)
9A457633	Spirit - Stallion of the Cimarron - Search for Homeland (USA)
9A4A509F	Army Men Advance (USA, Europe) (En,Fr,De,Es,It)
9A6CB678	Thunderbirds - International Rescue (Europe)
9A857A70	Dragon Ball Z - Supersonic Warriors (USA)
9A8E2EAA	Pac-Man Collection (USA) (Virtual Console)
9A91D7F1	Blender Bros. (USA)
9AB229B1	Necropolis (World) (GBA Jam 2021)
9AD94C62	GameShark GBA (USA) (Alt)
9AF01F01	Medabots AX - Metabee Ver. (Europe) (En,Fr,De,Es,It) (Virtual Console)
9B182354	Planet Monsters (USA) (En,Fr,De,Es,It,Nl)
9B76B90B	Crash & Spyro Superpack - Spyro Orange - The Cortex Conspiracy + Crash Bandicoot Purple - Ripto's Rampage (USA)
9B777CBA	Apotris (World) (v4.1.0)
9BB561A8	Franklin the Turtle (USA) (En,Fr,De,Es,It,Sv,No,Da,Fi)
9BF9CA2F	Fairly OddParents!, The - Breakin' da Rules (USA)
9C0ABDDB	Barbie in the 12 Dancing Princesses (USA)
9C12CD31	Kong - King of Atlantis (Europe)
9C1A7DCB	ATV - Quad Power Racing (USA, Europe)
9C45920E	Hello Kitty - Happy Party Pals (Europe)
9C6A3DD1	Herbie - Fully Loaded (USA)
9C77209C	Mega Man Zero (USA) (Virtual Console)
9CC4410E	Pokemon - Sapphire Version (USA, Europe) (Rev 2)
9CC88417	uCity Advance (World)
9CD2D5DD	Classic NES Series - Xevious (USA, Europe)
9CED2D3F	Yu-Gi-Oh! Double Pack 2 (USA) (En,Fr,De,Es,It)
9CF348A8	Zoey 101 (USA)
9D102C82	Micro Machines (Europe) (En,Fr,De,Es,It)
9D429F3E	Duel Masters - Shadow of the Code (Europe) (En,Fr,De,Es,It)
9D4F1E18	007 - Everything or Nothing (USA, Europe) (En,Fr,De)
9D66EC5E	Bionicle - Maze of Shadows (Europe) (En,De) (Rev 1)
9DB145B8	Medal of Honor - Underground (Europe) (En,Fr,Es,It) (Ubi Soft)
9DC4DC05	Rockman & Crystal (USA)
9DCA9C3C	Star X (Europe) (En,Fr,De,Es,It,Nl)
9DD5E6FA	Final Fight One (Europe)
9DECC754	Fire Emblem (Europe) (En,Es,It)
9DF6AE4F	2048 Pool (World)
9E389908	Bratz - Forever Diamondz (USA)
9E3EAB8D	Sabre Wulf (Europe) (En,Fr,De)
9E5F961B	2 Games in 1 - Brother Bear + The Lion King (Europe) (En,Fr,De,Es,It,Nl,Sv,Da)
9E8748C9	Van Helsing (Europe) (En,Fr,De,Es,It)
9E8BAA87	King of Fighters EX 2, The - Howling Blood (Europe)
9E9D5AD7	Hugo - The Evil Mirror (Europe) (En,Fr,De,Es,It,Nl,Pt,Sv,No,Da,Fi,Pl)
9EB09C77	WinX Club - Quest for the Codex (Europe) (En,Fr,De,Es,It)
9EC140D3	Ping-Pong Diplomacy Advance (World)
9EC9D86F	Sonic Battle (USA) (En,Ja,Fr,De,Es,It)
9F0E4A6A	Petz - Hamsterz Life 2 (USA)
9F2A3048	Kirby & The Amazing Mirror (USA)
9F30002F	Comix Zone (Europe) (En,Fr,De,Es,It)
9F36B4E5	Backyard Baseball (USA)
9F64379C	Yu-Gi-Oh! - Worldwide Edition - Stairway to the Destined Duel (USA) (En,Ja,Fr,De,Es,It) (Early Days Collection)
9F8D58AA	Frogger's Adventures - Temple of the Frog (Europe) (En,Fr,De,Es,It)
9F905E60	Casper (USA) (En,Fr,Es)
9FA17935	Batman - Vengeance (USA) (En,Fr,Es)
9FA9F00F	Green Memories (World) (v1.4.2)
9FF01DDD	Scooby-Doo 2 - Monsters Unleashed (USA, Europe)
A04BE1ED	bit Generations - Coloris (Japan) (En)
A04CEBFE	2 Games in 1 - The SpongeBob SquarePants Movie + SpongeBob SquarePants and Friends in Freeze Frame Frenzy (Europe) (En,Fr,De,Es,It,Nl+En,Fr,De,Es,Nl)
A0911541	Mega Man - Battle Network 5 - Team Protoman (USA) (Virtual Console)
A0952CD0	Franklin the Turtle (Europe) (En,Fr,De,Es,It,Sv,No,Da,Fi) (Rev 2)
A0D418A4	Mario Pinball Land (USA) (Virtual Console)
A0EBB191	Dogz 2 (USA) (Rev 1)
A0F0269B	Planet of the Apes (USA) (En,Fr,De,Es,It,Nl)
A0F5CDE4	Ninja Five-O (USA) (Limited Run Games)
A13F76A5	Ultimate Puzzle Games (USA)
A155DF23	Wreckage (World) (GBA Jam 2024)
A169B3B5	Razbitume! - Restez Branches! (Europe) (En,Fr)
A16C10A8	Moorhen 3 - The Chicken Chase! (Europe) (En,Fr,De,Es,It)
A1764F3C	Maya the Bee - The Great Adventure (Europe) (En,Fr,De,Es,It)
A1C3165D	Breath of Fire (Europe)
A1E3BF33	Lord of the Rings, The - The Two Towers (USA, Europe) (En,Fr,De,Es,It,Nl)
A20D9ADB	CT Special Forces (Europe) (En,Fr,De,Es,It,Nl)
A217374F	Healz (World) (GBA Jam 2024)
A234813C	Anguna - Warriors of Virtue (World) (Retro-Bit Generations)
A2843980	Lizzie McGuire 3 - Homecoming Havoc (USA)
A29BA64F	Mortal Kombat - Deadly Alliance (USA) (En,Fr,De,Es,It)
A2E19014	Colin McRae Rally 2.0 (USA) (En,Fr,De)
A2F6BCDE	Aggressive Inline (Europe) (En,Fr,De)
A333FA51	Mat Hoffman's Pro BMX (USA, Europe)
A354D555	Anguna - Warriors of Virtue (World) (Patreon)
A35D87DE	Cat's Curse (World)
A39EDD2F	Sabrina the Teenage Witch - Potion Commotion (USA) (En,Fr,Es)
A3CCF1EC	Wakeboarding Unleashed Featuring Shaun Murray (Europe)
A3EED091	Legend of Spyro, The - The Eternal Night (Europe) (En,Fr,De,Es,It,Nl)
A3FD418A	Pocket Music (Europe) (En,Fr,De,Es,It)
A41D22AD	Star Wars - Flight of the Falcon (Europe) (En,Fr,De)
A440A760	2 Games in 1 - Hot Wheels - Velocity X + Hot Wheels - World Race (USA)
A44BA79F	Super Mario Advance 4 - Super Mario Bros. 3 (USA)
A45857C4	Shrek - Smash n' Crash Racing (Europe) (En,Fr,De,Es,It)
A45EB4D2	Pac-Man World 2 (Europe) (En,Fr,De,Es,It)
A47246AE	Fire Emblem - The Sacred Stones (USA, Australia)
A4C6DB01	Corvette (USA) (En,Fr,De,Es,It)
A4DAE90B	Arthur and the Minimoys (Europe) (En,Fr,De,Es,It,Nl)
A4E12D4B	MLB SlugFest 2004 (USA)
A4EA65C0	M&M's - Break' Em (USA) (Rev 1)
A50DE233	2 Games in 1 - Sonic Battle + Sonic Pinball Party (Europe) (En,Ja,Fr,De,Es,It)
A519FEB5	Medabots - Rokusho (Europe)
A53AC14B	Pokemon Pinball - Ruby & Sapphire (Europe) (En,Fr,De,Es,It)
A552F683	Mega Man - Battle Network 5 - Team Colonel (USA)
A56AFBB7	ESPN International Winter Sports (Europe)
A58BFA21	Hero Core (World)
A5DBE5AE	Cat in the Hat, The (Europe) (En,Fr,De,Es,It)
A654CBA9	Polly Pocket! - Super Splash Island (Europe) (En,Fr,De,Es,It) (Vivendi)
A6E47443	uCity Advance (World) (v1.0.1) (GBA Jam 2021)
A73E83A4	Mega Man - Battle Network 5 - Team Protoman (USA)
A74187D3	SimCity 2000 (Europe) (En,Fr,De,Es,It)
A74294DB	Marvel - Ultimate Alliance (USA)
A75778C7	Maya the Bee - Sweet Gold (Europe) (En,Fr,De,Es,It)
A771AD79	Disney Sports - Motocross (USA)
A7DDBCA3	Hot Wheels - Velocity X (Europe)
A7E98EBE	Aero the Acro-Bat (Europe)
A817AA47	Contra Hard Spirits (Japan) (En)
A824DF3F	Tony Hawk's American Sk8land (Europe)
A88587A6	Lilo & Stitch 2 (Europe) (En,Fr,De,Es)
A8B6766E	Nicktoons - Freeze Frame Frenzy (USA)
A8B80A7C	Sigma Star Saga (USA, Europe)
A8E8618B	Top Spin 2 (Europe) (En,Fr,De,Es,It)
A9014760	Inheritors of the Oubliette (World) (v1.2)
A91BEC73	Majesco's Sports Pack (USA)
A93601F5	Spy Kids 3-D - Game Over (Europe)
A9423234	Jimmy Neutron - Boy Genius (Europe) (En,Fr,De,Es)
A94D6058	Invader (Europe)
A959F638	Premier Manager 2003-04 (Europe) (En,Fr,De,It)
A960D63B	Top Spin 2 (USA) (En,Fr,De,Es,It)
A9915BAF	Spyro Orange - The Cortex Conspiracy (USA)
A9AF1381	Tak and the Power of Juju (USA)
A9B1ECE5	Asterix & Obelix XXL (Europe) (En,Fr,De,Es,It,Nl)
A9DD7EFA	Pinball of the Dead, The (Europe) (En,Fr,De,Es,It)
AA017567	Barbie Software - Groovy Games (USA)
AA02CB0C	Pferd & Pony - Best Friends - Mein Pferd (Germany) (En,De)
AA245D0C	Bratz - Rock Angelz (USA, Europe)
AA2C1837	Monster House (Europe)
AA2EB686	Ratatouille (USA)
AA8DEA30	Dogz (Europe)
AAA6E141	Totally Spies! (USA)
AAC3E9CA	Super Puzzle Fighter II (Europe)
AAC551FD	F1 2002 (Europe) (En,Fr,De,Es,It)
AAD912F9	Magical Quest 3 Starring Mickey & Donald (Europe) (En,Fr,De)
AAD93DA8	Who Wants to Be a Millionaire Junior (Europe)
AAFC9AFA	3 Games in One - Darts + Roll-a-Ball + Shuffle Bowl (USA)
AB272800	Tokyo Xtreme Racer Advance (USA)
AB42F086	Spout GBA (World)
AB5AE65B	Glacia Dungeon (World) (En,Es,Ru,Ro) (v1.5.2)
AB7D6C17	Babar to the Rescue (Europe) (En,Fr,De,Da)
ABAF519C	Sims, The - Bustin' Out (USA, Europe) (En,Fr,De,Es,It,Nl)
ABCEBBB1	Legend of Zelda, The - The Minish Cap (USA)
ABD866EA	Koala Brothers - Outback Adventures (Europe) (En,Fr,De,Es,It,Nl,Pt,Da)
AC24888B	Street Racing Syndicate (Europe) (En,Fr,De,Es,It)
ACA5FFC6	Yu-Gi-Oh! - Worldwide Edition - Stairway to the Destined Duel (Europe) (En,Ja,Fr,De,Es,It)
ACB22FFF	Justice League Heroes - The Flash (Europe) (En,Fr,De,Es,It)
ACE78C4F	2 Games in 1 - Dragon Ball Z - The Legacy of Goku I & II (USA)
AD0228A1	Spider-Man 3 (USA)
AD17D41E	Digimon Sapphire (USA)
AD1C5818	2 Games in 1 - Monsters, Inc. + Finding Nemo (USA)
AD2C404C	Spider-Man - Battle for New York (Europe) (En,Fr,De,Es,It)
AD2F5353	2 Games in One! - Spy Hunter + Super Sprint (USA)
AD356FB9	Drome Racers (USA)
AD38C301	M&M's - Blast! (USA)
AD4691D9	Monster Force (USA)
AD5A2A4E	Dynasty Warriors Advance (USA)
AD634C54	CCCP (World)
AD71F6FF	Xploder Advance (Europe)
AD7BB7C8	Extreme Skate Adventure (USA, Europe)
AD89F27D	Megaman - Battle Network 4 - Blue Moon (Europe) (Virtual Console)
AD964A91	Dragon Ball GT - Transformation (USA)
AD97EB3F	Tetris Worlds (Europe) (En,Fr,De,Nl)
ADA00A65	Teenage Mutant Ninja Turtles 2 - Battle Nexus (Europe) (En,Fr,De,Es,It)
ADA914C3	Ebobo (World)
ADBCBA92	Uranus Zero EV (World) (En,Fr)
ADF14DB5	Cruis'n Velocity (USA, Europe)
AE1A8E9D	Yu-Gi-Oh! - Destiny Board Traveler (Europe) (En,Fr,De,Es,It)
AE3FA4B1	Green Memories (World) (v1.5.0)
AE4142B5	Jet Grind Radio (USA)
AE61322E	Dexter's Laboratory - Chess Challenge (USA)
AE72B0EE	Rayman - 10th Anniversary (USA) (En,Fr,De,Es,It)
AEA15C21	Sum of All Fears, The (Europe) (En,Fr,De,Es,It)
AEA22AE0	CT Special Forces (USA) (En,Fr,De,Es,It,Nl)
AEABFA5F	LEGO Star Wars - The Video Game (USA, Europe) (En,Fr,De,Es,It,Nl,Da)
AEAC73E6	Pokemon - Ruby Version (USA, Europe) (Rev 2)
AEC144B3	Donsol (World)
AECD1301	Math Patrol - The Kleptoid Threat (USA)
AEE21783	Spirit - Stallion of the Cimarron - Search for Homeland (Europe)
AEF11223	Donkey Kong Country 2 (Europe) (En,Fr,De,Es,It)
AEF6B7CC	Yu Yu Hakusho - Ghostfiles - Tournament Tactics (USA, Europe)
AEFB7B54	Tom Clancy's Splinter Cell - Pandora Tomorrow (USA) (En,Fr,Es)
AF20BE72	ZooCube (USA)
AF23FFFF	Enchanted - Once Upon Andalasia (USA) (En,Fr)
AF494F20	Tom and Jerry Tales (USA) (En,Fr,Es)
AF726026	Ecks V Sever (Europe) (En,Fr,De,Es,It)
AF8AF2E8	Eragon (USA)
AFBB1D35	everGirl (USA)
AFCB9CE8	WinX Club (Europe) (En,Fr,De,Es,It)
AFD25827	Spyro - Season of Ice (Europe) (En,Fr,De,Es,It)
AFF3A0C6	Dual Blades (USA)
B0182907	WarioWare, Inc. - Mega Microgame$! (USA) (Virtual Console)
B01CBC07	Monopoly (USA)
B04892C9	Spy Hunter (USA) (En,Ja,Fr,De,Es)
B0533F41	Fairly OddParents!, The - Enter the Cleft (USA)
B05D5339	Mooncat's Trio (World)
B07CB7BA	Princess Natasha - Student, Secret Agent, Princess (USA)
B099577F	Megaman Zero 3 (Europe)
B0D1C070	Inspector Gadget Racing (Europe) (En,Fr,De,Es,It,Nl)
B0F3799F	Mummy, The (Europe) (En,Fr,De,Es,It)
B0FDDB8F	Pac-Man Collection (Japan) (En)
B18784C1	World Poker Tour (USA)
B1D2896F	ATV - Thunder Ridge Riders (Europe) (En,Fr,De,Es,It)
B2100FED	Dog Trainer 2 (Europe) (DS Cheat Cartridge)
B225AE1A	Surf's Up (Europe) (En,Fr,De,Es,It)
B23339CE	Yu-Gi-Oh! - Reshef of Destruction (USA) (Early Days Collection)
B2431BAD	Christmas Game, The (World)
B2477B72	Justice League - Injustice for All (USA)
B250366C	Samurai Jack - The Amulet of Time (USA, Europe)
B254769D	Smickeonn the Game - 2024's Greatest Hits! (World) (v1.1)
B265538D	Classic NES Series - Ice Climber (USA, Europe)
B2A45A4C	Bruce Lee - Return of the Legend (USA)
B2A4FC78	Pac-Man World (USA)
B3005195	Fire Emblem - The Sacred Stones (Europe) (En,Fr,De,Es,It)
B30241E2	Bratz (Europe) (En,Fr,De,Es,It)
B30AE33D	Fantastic 4 (Europe)
B32E0839	bit Generations - Soundvoyager (Japan) (En)
B34A2071	Hugo - Bukkazoom! (Europe) (En,Fr,De,Es,It,Nl,Pt,Sv,No,Da,Fi,Pl)
B355365A	Boulder Dash EX (USA)
B371F070	Iridion II (World)
B3948DBC	Atlantis - The Lost Empire (Europe) (En,Fr,De,Es,It,Nl)
B3993252	Starsky & Hutch (USA)
B3C2CF9F	2 Games in 1 - Hot Wheels - Velocity X + Hot Wheels - World Race (Europe)
B3D323E4	2 Games in 1 - Cartoon Network Block Party + Cartoon Network Speedway (USA)
B4294FA7	Magical Quest Starring Mickey & Minnie (USA)
B43783B4	Rayman Advance (Europe) (En,Fr,De,Es,It)
B47AC020	Aero the Acro-Bat (USA)
B483127C	Mario Golf - Advance Tour (Europe)
B48F8D57	Reign of Fire (USA) (En,Fr,De,Es,It)
B4D9572C	Dragon Ball Z - Supersonic Warriors (Europe) (En,Fr,De,Es,It)
B4F1E785	Zatchbell! - Electric Arena (USA)
B5213253	VeggieTales - LarryBoy and the Bad Apple (USA)
B5432FA4	Premier Action Soccer (Europe) (En,Fr,De,Es,It)
B550F8CB	Little League Baseball 2002 (USA) (En,Es)
B5830F5F	World Tennis Stars (Europe)
B5DE8C6E	Polly Pocket! - Super Splash Island (USA) (Vivendi)
B5F7BF43	Tringo (Europe) (En,Fr,De,Es,It)
B5FF39DC	Bruce Lee - Return of the Legend (Europe) (En,Fr,De,Es,It)
B617B354	Driv3r (Europe) (En,Fr,De,Es,It)
B61F99D4	Mega Man & Bass (USA) (Virtual Console)
B6225186	Gremlins - Stripe vs Gizmo (Europe) (En,Fr,De,Es,It,Pt)
B68B84C1	Pac-Man World & Ms. Pac-Man - Maze Madness (Europe) (En,Fr,De,Es,It)
B6C00EDB	Deal or No Deal (USA)
B6C9F401	Ultimate Brain Games (USA, Europe)
B6D79476	BMX Trick Racer (USA)
B6EF1ED0	3 Games in One! - Super Breakout + Millipede + Lunar Lander (Europe) (En,Fr,De,Es,It)
B6FC77F3	Paard & Pony - Paard in Galop (Netherlands) (En,Nl)
B6FFDDE0	Advance Wars 2 - Black Hole Rising (USA) (Virtual Console)
B75782C9	Frogger Advance - The Great Quest (USA)
B789DAC5	Mr. Driller 2 (Europe) (Virtual Console)
B7F022B9	Megaman Zero 4 (Europe)
B8653E59	Happy Feet (Europe) (En,Fr,De,Es,It)
B86CC21C	Dungeon Tactics Advance (World) (GBA Jam 2024)
B8DC715B	Bionicle Heroes (Europe) (En,Fr,De,Es,It,Da)
B92A8A88	Sitting Ducks (Europe) (En,Fr,De,Es,It,Nl)
B94DDC93	Total Soccer 2002 (Europe) (En,Fr,De,Es,It,Nl)
B9566812	Mike Tyson Boxing (Europe) (En,Fr,De,Es,It)
B98DE3A4	Banjo-Pilot (Europe) (En,Fr,De,Es,It)
B992A3C0	Pokemon Pinball - Ruby & Sapphire (USA)
B9A3C878	Woody Woodpecker in Crazy Castle 5 (USA)
B9A75AC4	Crouching Tiger, Hidden Dragon (Europe) (En,Fr,De,Es,It)
B9A7E60D	Pop Idol (Europe)
B9B89FDF	Atari Anniversary Advance (Europe)
B9C55B22	Who Wants to Be a Millionaire (Europe)
B9CFC1D3	Fire Pro Wrestling 2 (USA)
B9D4E9E7	Over the Hedge - Hammy Goes Nuts! (USA)
B9F17F8F	Hot Wheels - World Race (Europe)
BA184025	Barbie Horse Adventures - Blue Ribbon Race (USA)
BA271987	Anguna - Warriors of Virtue (World) (v0.92)
BA511FB2	Charlotte's Web (USA) (En,Fr,De,Es,It)
BA5DE047	Final Fantasy Tactics Advance (Europe) (En,Fr,De,Es,It)
BA72E185	Fairly OddParents!, The - Shadow Showdown (USA)
BA95861D	Guilty Gear X - Advance Edition (Europe)
BAA13BC4	Ed, Edd n Eddy - The Mis-Edventures (Europe) (En,Fr)
BAB43D5C	Super Dropzone - Intergalactic Rescue Mission (Europe)
BABCCEFD	Nicktoons Racing (Europe) (En,Fr,De,Es,It)
BAF484BE	Super Army War (USA)
BAFEDAE5	Pokemon - Sapphire Version (USA, Europe) (Rev 1)
BB05A63F	Eragon (Europe) (En,Fr,De,Es,It)
BB3A4566	Coin Adventure (World)
BB62F987	Megaman - Battle Network 6 - Cybeast Gregar (Europe) (Virtual Console)
BB82460A	Namco Museum (Europe)
BB85AD55	Ultimate Muscle - The Kinnikuman Legacy - The Path of the Superhero (USA)
BBA91C3B	LEGO Star Wars II - The Original Trilogy (Europe) (En,Fr,De,Es,It,Da)
BBE2A163	Driver 2 Advance (USA)
BBF2549D	Spyro Orange - The Cortex Conspiracy (USA) (Rev 1)
BBF32EE3	2 Games in One! - Spy Hunter + Super Sprint (Europe) (En,Fr,De,Es,It)
BC193EE7	Power Rangers - Dino Thunder (USA, Europe)
BCB204B7	Pinball Challenge Deluxe (Europe)
BCDABB47	Mortal Kombat Advance (USA)
BCE2D68E	Bionicle - Maze of Shadows (Europe) (En,De)
BD054567	Cabela's Big Game Hunter - 2005 Adventures (USA, Europe)
BD57344D	Tremblay Island (World) (En) (v1.1) (Solid State Version)
BD5E9798	F-Zero - Maximum Velocity (USA, Europe)
BD5F5F4C	Tokyo Xtreme Racer Advance (Europe) (En,Fr,De,Es,It)
BDB86CAA	Super Robot Taisen - Original Generation (Europe)
BDE36F98	Advance Wars (USA) (Virtual Console)
BE4C3CB1	FIFA Soccer 06 (USA, Europe) (En,Fr,De,Es,It,Nl)
BE67D878	TG Rally (Europe)
BE7D574C	Peter Pan - Return to Neverland (Europe) (En,Fr,De,Es,It,Nl)
BEDDC67F	Pocket Dogs (USA)
BEE67855	Fortress (USA, Europe)
BF33782F	Advance Wars 2 - Black Hole Rising (Europe) (En,Fr,De,Es,It) (Virtual Console)
BF648E5C	Racing Gears Advance (USA)
BF7F144D	Detective Monroe - Murder at Sea (World) (GBA Jam 2024)
BF7FBD2E	Yu-Gi-Oh! - The Sacred Cards (USA) (Early Days Collection)
BF864083	Tony Hawk's Underground 2 (USA, Europe)
BF91C27D	Fear Factor - Unleashed (USA)
BF97BC21	GBA Grand Prix (World) (GBA Jam 2024)
BFCD892E	2 Games in 1 - Scooby-Doo + Scooby-Doo 2 - Monsters Unleashed (Europe)
BFE9CADC	Santa's Chimney Challenge (World)
C01C4D0A	Midway's Greatest Arcade Hits (USA, Europe)
C05F9907	X-Bladez - Inline Skater (Europe)
C0BCCAAD	Harry Potter and the Prisoner of Azkaban (USA, Europe) (En,Fr,De,Es,It,Nl,Da)
C0C780F9	Mega Man - Battle Network 3 - Blue Version (USA)
C0E1CF38	Mario Kart - Super Circuit (USA) (Virtual Console)
C0E9EEBE	Mr. Driller 2 (Europe)
C1116E40	Famicom Mini 09 - Bomberman (Japan) (En)
C14295B1	Ninja Cop (Europe)
C150790F	Marvel - Ultimate Alliance (Europe) (En,It)
C189013D	SpongeBob SquarePants - Lights, Camera, Pants! (Europe) (En,Fr,De,Es,It,Nl,Sv)
C1D18FE4	Pokemon Mystery Dungeon - Red Rescue Team (Europe) (En,Fr,De,Es,It)
C221C419	Rayman - Hoodlums' Revenge (Europe) (En,Fr,De,Es,It,Nl)
C22E7A2F	Danny Phantom - Urban Jungle (USA)
C25BCCC6	Yu-Gi-Oh! - Worldwide Edition - Stairway to the Destined Duel (Europe) (En,Ja,Fr,De,Es,It) (Early Days Collection)
C28DF82F	Classic NES Series - Pac-Man (USA, Europe)
C29E4A08	Famicom Mini 08 - Mappy (Japan) (En)
C2A21BE3	Mega Man - Battle Network 6 - Cybeast Falzar (USA) (Virtual Console)
C2C22AF2	Around the World in 80 Days (USA)
C2FC12E5	Winnie the Pooh's Rumbly Tumbly Adventure & Rayman 3 (Europe) (En,Fr,De,Es,It,Nl+En,Fr,De,Es,It,Nl,Sv,No,Da,Fi)
C38F3530	Bionicle (USA)
C39B9418	Rave Master - Special Attack Force! (USA)
C3AA382D	Catz (Europe) (En,Fr,De,It)
C3AA5BB0	Green Memories (World) (v1.5.0) (SRAM)
C3AD7701	Monster Jam - Maximum Destruction (Europe)
C3C855EA	Three Stooges, The (USA)
C40220CF	Strawberry Shortcake - Ice Cream Island - Riding Camp (Europe) (En,Fr,De,Es,It,Nl,Pt,Da)
C402878C	Naruto - Ninja Council (USA)
C4838CFA	Mega Man Zero 4 (USA) (Virtual Console)
C492C46D	Star Wars - Episode II - Attack of the Clones (Europe) (En,Fr,De,Es,It)
C4955F69	Altered Beast - Guardian of the Realms (USA)
C4991D13	Earthworm Jim (USA, Europe)
C4AA2B7B	Wolfenstein 3D (USA, Europe)
C4C246EF	Digimon - Battle Spirit 2 (USA) (En,Fr,De,Es,It)
C4DAB956	Kurukuru Kururin (Europe)
C501917F	Advance Guardian Heroes (USA)
C54C02D0	Big Mutha Truckers (Europe) (En,Fr,De,Es,It)
C5805B1D	Madden NFL 07 (USA)
C58A04C1	Namco Museum (USA)
C59EA73B	Tekken Advance (USA)
C5C9B31B	Scrabble (Europe) (En,Fr,De,Es)
C5CD2C22	Trollz - Hair Affair! (USA)
C5CE1B2C	Silent Scope (USA) (En,Fr,De,Es,It)
C659C6DB	Uno 52 (USA)
C6AD2251	Disney Princess - Royal Adventure (USA)
C6D17D0D	MotoGP (Europe) (En,Fr,De,Es,It)
C7023309	Over the Hedge (Europe)
C7269E6A	Crash & Spyro Super Pack Volume 3 (Europe) (En,Fr,De,Es,It)
C73658F9	Hot Wheels - All Out (USA)
C7B5D987	LEGO Island 2 - The Brickster's Revenge (Europe) (En,Fr,De,Es,It,Nl,Sv,Da)
C7C36B7C	Voltorb's Escape (World)
C80D4F5C	Konami Krazy Racers (USA)
C812A494	Cabbage Patch Kids - The Patch Puppy Rescue (USA)
C8340B37	Little Einsteins (USA)
C8385702	Dungeon Tactics Advance (World)
C8457637	Titei Senki Advance (World) (v1.01)
C85B392B	Forever RPG (World) (GBA Jam 2024)
C85DE50E	Puyo Pop (Europe) (En,Ja)
C87F460A	X-Men - The Official Game (USA)
C885D9E9	Doom II (USA)
C8896C62	Rock'em Sock'em Robots (USA)
C89DEB4F	Who Wants to Be a Millionaire - 2nd Edition (Europe)
C8C889E2	Mario Party Advance (Europe) (En,Fr,De,Es,It)
C8CDB4ED	2 Disney Games - Disney Sports - Football + Disney Sports - Skateboarding (Europe) (En,Fr,De,Es,It)
C8DB4F60	Mario Power Tennis (Europe) (En,Fr,De,Es,It)
C8EA6D9E	American Tail, An - Fievel's Gold Rush (Europe) (En,Fr,De,Es,It)
C8F4FF1B	Rocky (USA) (En,Fr,De,Es,It)
C90732D5	Medabots - Rokusho (USA) (Virtual Console)
C92BDE6E	Proud Family, The (USA)
C99DB2A1	Barbie Superpack - Secret Agent + Groovy Games (USA)
C9BC75A5	ESPN Final Round Golf 2002 (USA)
C9EA02F5	Cross Town Heroes (Europe)
C9EBC17D	Classic NES Series - Bomberman (USA, Europe)
C9F0C492	Star Wars Trilogy - Apprentice of the Force (Europe) (En,Fr,De,Es,It,Nl)
CA030D61	Mario vs. Donkey Kong (Europe) (En,Fr,De,Es,It)
CA245559	Totally Spies! 2 - Undercover (Europe) (En,Fr,De,Es,It,Nl)
CA428A7A	NBA Jam 2002 (USA, Europe)
CA4F6D5D	W.i.t.c.h. (Europe) (En,Fr,De,Es,It)
CA6E149C	Dragon Ball Z - The Legacy of Goku (Europe) (En,Fr,De,Es,It)
CA73E17A	Robopon 2 - Ring Version (USA)
CA893BC4	Premier Manager 2003-04 (Europe) (En,Fr,De,It) (Rev 1)
CA987B79	Titei Senki Advance (World) (v1.02)
CA9B82DD	Castlevania - Aria of Sorrow (USA) (Castlevania Advance Collection)
CAA8225B	Sabrina the Teenage Witch - Potion Commotion (Europe) (En,Fr,De,Es,It,Nl)
CABA1DB9	Crazy Chase (USA)
CAD6376C	Wakeboarding Unleashed Featuring Shaun Murray (USA)
CADD57DD	Sky Dancers - They Magically Fly! (USA)
CB313505	Hot Wheels - World Race (USA)
CB3BBF74	Megaman - Battle Network 4 - Red Sun (Europe) (Virtual Console)
CB4E2768	Anguna - Warriors of Virtue (World) (v0.94)
CB4E844B	WarioWare - Twisted! (USA, Australia)
CB59CF7D	Power Rangers S.P.D. (Europe) (En,Fr,De)
CB91922E	Steel Empire (Europe)
CBC37F5A	Yu-Gi-Oh! - Reshef of Destruction (Europe) (En,Fr,De,Es,It) (v1.1) (Early Days Collection)
CBD24AC4	Mega Man Zero 3 (USA) (Virtual Console)
CBDA1D31	Backyard Basketball (USA)
CC110502	Notebook Adventure (World) (v1.3)
CC1C1405	Desert Strike Advance (USA)
CC1CF806	Hamtaro - Ham-Ham Games (Japan, USA) (En,Ja)
CC2CB6A8	Mandarin 2, The - Limoncello's Revenge (World)
CC48E03A	Minicraft (World) (v1.3)
CC74B433	Pferd & Pony - Mein Pferdehof (Germany) (En,De)
CCA55DFD	Alex Rider - Stormbreaker (USA)
CCACD823	Teen Titans 2 (USA) (En,Fr)
CCFD654F	Crash Bandicoot XS (Europe) (En,Fr,De,Es,It,Nl)
CD2604DD	Famicom Mini 01 - Super Mario Bros. (Japan) (En) (Rev 1)
CD3D8F80	Legends of Aereven Advance - Sleeping Azure (World) (GBA Jam 2024)
CD43F4D3	Rezal (World) (GBA Jam 2024)
CD485F79	Bratz - The Movie (Europe)
CD48B673	Hamtaro - Ham-Ham Heartbreak (USA)
CD8E4F85	Shrek - Hassle at the Castle (Europe) (En,Fr,De,Es,It,Nl)
CDBE00E3	Crash & Spyro Superpack - Spyro - Season of Ice + Crash Bandicoot - The Huge Adventure (USA)
CDC54313	Luma (World)
CE1E37BB	Mega Man Zero 2 (USA)
CE418ED1	Catz (USA, Europe)
CE62F1F4	ESPN Winter X-Games Snowboarding 2 (Europe)
CE6ADACF	Yu-Gi-Oh! - The Sacred Cards (Europe) (En,Fr,De,Es,It) (Early Days Collection)
CE85BA07	Tremblay Island (World) (En) (v1.1)
CE9291F1	Garfield - The Search for Pooky (Europe) (En,Fr,De,It)
CEDE4060	Yu-Gi-Oh! - Ultimate Masters Edition - World Championship Tournament 2006 (Europe) (En,Ja,Fr,De,Es,It)
CEE6904E	Bible Game, The (USA)
CEEF2008	Digimon - Battle Spirit (USA)
CF0FA4D9	Land Before Time, The (Europe) (En,Fr,De,Es,It)
CF190F2E	Ghost Rider (USA, Europe) (En,Fr,De,Es,It,Nl)
CF2DBA97	Scooby-Doo and the Cyber Chase (USA, Europe)
CF404AEE	Sound of Thunder, A (Europe) (En,Fr,De,Es,It)
CF467E1B	Ty the Tasmanian Tiger 3 - Night of the Quinkan (USA)
CF8231BE	Robot Wars - Advanced Destruction (Europe) (En,Fr,De,Es,It)
CFD8A52C	Land Before Time, The (USA) (En,Es)
CFE69825	Britney's Dance Beat (Europe) (En,De)
CFEC0650	Konami Krazy Racers (Europe)
CFF03DF3	Land Before Time, The - Into the Mysterious Beyond (USA) (En,Fr,Es)
CFF20829	Double Game! - Golden Nugget Casino & Texas Hold 'em Poker (Europe)
CFFC52DD	Popeye - Rush for Spinach (USA, Europe) (En,Fr,De,Es,It)
D031CE67	Kingdom Hearts - Chain of Memories (USA)
D07214A2	Action Man - Robot Atak (Europe) (En,Fr,De,Es,It)
D0AB6A37	Hot Wheels - Stunt Track Challenge (USA, Europe)
D0AEF472	Famicom Mini 03 - Ice Climber (Japan) (En)
D0C91F74	Castlevania - Aria of Sorrow (Europe) (En,Fr,De)
D0E79665	Dragon Ball Z - Taiketsu (Europe) (En,Fr,De,Es,It)
D0F65125	Sonic Battle (Europe) (En,Ja,Fr,De,Es,It)
D1183501	Sims, The - Bustin' Out (USA) (En,Fr,De,Es,It,Nl) (Rev 1)
D125A6BB	SEGA Rally Championship (Europe)
D13177E0	Monsters, Inc. (Europe) (En,Es,Nl)
D15DEBA5	Final Fantasy VI Advance (Europe) (En,Fr,De,Es,It)
D1613266	Rayman 3 (USA) (En,Fr,Es)
D191B56F	3 Games in One! - Super Breakout + Millipede + Lunar Lander (USA)
D19DB37C	Yu-Gi-Oh! - The Sacred Cards (Europe) (En,Fr,De,Es,It)
D1A67BE8	Pirates of the Caribbean - Dead Man's Chest (USA, Europe) (En,Fr,De,Es,It)
D1D07FA6	Crash of the Titans (Europe) (En,Fr,De,Es,It,Nl)
D1D9E515	NHL 2002 (USA)
D211E8DA	Earthworm Jim 2 (Europe) (En,Fr,De,Es,It)
D21B8344	Scooby-Doo! - Unmasked (Europe) (En,Fr)
D2B58A33	CT Special Forces 2 - Back in the Trenches (USA) (En,Fr,De,Es,It,Nl)
D2BC5027	Gadget Racers (Europe) (En,Fr,De)
D2C53AB8	Monsters, Inc. (Europe) (En,Fr,It)
D2CED674	Adventures of Jimmy Neutron Boy Genius vs. Jimmy Negatron, The (USA, Europe)
D2D36C5F	Polarium Advance (USA) (Virtual Console)
D2E55FB5	Rocky (Europe) (En,Fr,De,Es,It)
D33A14AF	International Karate Advanced (Europe)
D3485F5A	Soccer Kid (USA, Europe)
D3660549	Breath of Fire (Europe) (En,Fr,De)
D3784B52	Yu Yu Hakusho - Ghostfiles - Spirit Detective (USA)
D3AE3D37	V-Rally 3 (USA) (En,Fr,Es)
D3DB9787	Cars - Mater-National Championship (Europe) (En,Fr,De,Es,It,Nl)
D3EE0C51	Jimmy Neutron - Boy Genius (USA)
D3F654B3	Hobbit, The - The Prelude to the Lord of the Rings (USA)
D4073E33	Babar to the Rescue (USA) (En,Fr,Es)
D41866A9	Boulder Dash EX (Europe) (En,Fr,De)
D438347E	Daredevil (USA, Europe)
D442F13D	Garfield and His Nine Lives (USA) (En,Fr,Es)
D4552386	Contra Hard Spirits (Japan) (En) (Virtual Console)
D47CCFF4	Dragon Ball Z - The Legacy of Goku (USA)
D482421E	Three-in-One Pack - Connect Four + Perfection + Trouble (USA)
D492DE63	Building Bomber (World)
D4C13AC3	Super Mario Advance 4 - Super Mario Bros. 3 (USA) (Rev 1) (Virtual Console)
D4D77BCE	Planet Monsters (Europe) (En,Fr,De,Es,It,Nl)
D4F45B01	Super Mario Advance 4 - Super Mario Bros. 3 (Europe) (En,Fr,De,Es,It) (Rev 1) (Virtual Console)
D4F6C94D	My Animal Centre in Africa (Europe) (En,Fr,De,Es,It)
D515C0E4	2 Games in 1 - SpongeBob SquarePants - Revenge of the Flying Dutchman + SpongeBob SquarePants - SuperSponge (USA)
D52AA1CF	GBA Asteroids (World) (GBA Jam 2024)
D52DDCE1	Treasure Planet (Europe) (En,Fr,De,Es,It,Nl)
D5410D32	Scorpion King, The - Sword of Osiris (Europe) (En,Fr,De,Es,It)
D5412E91	Castlevania - Circle of the Moon (USA) (Virtual Console)
D56C2E54	Mario Golf - Advance Tour (USA)
D59D753B	Adventures of Jimmy Neutron Boy Genius, The - Attack of the Twonkies (USA, Europe)
D5A37AA8	2 Games in 1 - Finding Nemo - The Continuing Adventures + The Incredibles (USA)
D5D43B4B	bit Generations - Orbital (Japan) (En)
D6101BC0	Drome Racers (Europe) (En,Fr,De,Da)
D610B239	DK - King of Swing (USA)
D6141609	Wario Land 4 (USA, Europe)
D69C96CC	Pokemon - LeafGreen Version (USA, Europe)
D6AD422F	Mario Golf - Advance Tour (Australia)
D6D89F81	Disney Sports - Basketball (Europe) (En,Fr,De,Es,It)
D7046500	Sekhmet's Playground (World) (GBA Jam 2024)
D708F5AB	Final Fantasy VI Advance (USA)
D71C4382	Justice League - Injustice for All (Europe) (En,Fr,De,Es,It)
D71DBCA6	GameShark GBA (USA)
D720BDCA	2 Games in 1 - Bionicle + Knights' Kingdom (Europe) (En,Fr,De,Da+En,De)
D7245280	Ozzy & Drix (USA)
D72C620F	Rayman IV (USA)
D75DA09D	Super Monkey Ball Jr. (Europe) (En,Fr,De,Es,It)
D76AD62D	American Bass Challenge (USA)
D76F2D1C	Megaman Zero 2 (Europe) (Virtual Console)
D7C80592	Foster's Home for Imaginary Friends (USA)
D7D1DA8D	Shrek the Third (USA)
D8125874	TOCA World Touring Cars (Europe)
D8382427	Crash & Spyro Super Pack Volume 1 (Europe) (En,Fr,De,Es,It,Nl)
D88FEB4E	Home on the Range (Europe) (En,Fr,De,Es)
D8C7553B	FIFA Soccer 07 (USA, Europe) (En,Fr,De,Es)
D8D17420	Hexes (World)
D8E05727	Snood 2 - On Vacation (USA)
D9341D9C	Hamtaro - Ham-Ham Games (Europe) (En,Fr,De,Es,It)
D9385207	Pinobee - Wings of Adventure (USA, Europe)
D97DBFEC	Castlevania - Aria of Sorrow (Europe) (En,Fr,De) (Virtual Console)
D9B2D53D	F-Zero - GP Legend (Europe) (En,Fr,De,Es,It) (Virtual Console)
D9F1440B	Megaman - Battle Network 3 - White Version (Europe) (Virtual Console)
DA192D29	Mario Tennis - Power Tour (USA, Australia) (En,Fr,De,Es,It)
DA1E9444	LEGO Star Wars II - The Original Trilogy (USA)
DA1EE1E5	Shrek the Third (Europe) (En,Fr,De,Es,It,Nl)
DA3133C3	Secret Agent Barbie - Royal Jewels Mission (Europe) (En,Fr,De,Es,It)
DA3FA501	Madagascar - Operation Penguin (USA)
DA47E4DE	Sleep Paradox (World) (GBA Jam 2024)
DA4E1109	Pac-Man Pinball Advance (USA)
DA7006E0	Who Wants to Be a Millionaire (Australia)
DA747C99	Bee Game, The (USA)
DA90F396	FIFA Soccer 2005 (USA, Europe) (En,Fr,De,Es,It,Nl)
DA9D815F	ESPN Great Outdoor Games - Bass 2002 (USA)
DAB7C402	Cocoto - Kart Racer (Europe) (En,Fr,De,Es,It)
DACCD9A1	Sys Crusher (World) (GBA Jam 2024)
DADD4C10	Digimon Racing (USA) (En,Fr,De,Es,It)
DAEC2264	Bionicle - Matoran Adventures (USA, Europe) (En,Fr,De,Es,It,Nl,Sv,Da)
DAFFECEC	Pokemon - LeafGreen Version (USA, Europe) (Rev 1)
DB0723E3	Backyard Football 2006 (USA)
DB146CC3	Stadium Games (Europe)
DB179296	Bratz - Forever Diamondz (Europe) (En,Fr,Es,It)
DB6160EB	Barbie as The Island Princess (USA)
DBA05255	Castlevania (Europe) (Virtual Console)
DBCD4541	Tonka - On the Job (USA)
DBCECC7D	Castlevania Double Pack (USA)
DBD04637	3 Games in One! - Yars' Revenge + Asteroids + Pong (USA)
DBD09923	Racing Fever (World) (En,De,Es,It) (Evercade)
DBD4A6CB	Home on the Range (USA) (En,Fr)
DBEF116C	Advance Wars (USA)
DC4357C4	DemiKids - Light Version (USA)
DC6512D6	Pitfall - The Lost Expedition (Europe)
DC7DAB56	Duke Nukem Advance (Europe) (En,Fr,De,It)
DCA23B31	Looney Tunes Double Pack (Europe)
DCA64F27	Power Rangers S.P.D. (Europe) (En,Es,It)
DD0AC86C	Pokemon Mystery Dungeon - Red Rescue Team (USA, Australia)
DD5EFBF4	Yu-Gi-Oh! - World Championship Tournament 2004 (USA) (En,Ja,Fr,De,Es,It) (Early Days Collection)
DD6A43F9	Yu-Gi-Oh! Duel Monsters International - Worldwide Edition (Japan) (En,Ja,Fr,De,Es,It) (Early Days Collection)
DD872538	Monster Truck Madness (USA, Europe)
DD88761C	Pokemon - FireRed Version (USA, Europe)
DD8A7104	Iridion II (USA)
DDA9A035	Nicktoons - Attack of the Toybots (USA)
DDAF8BAC	Casper (Europe) (En,Fr,De,Es,It,Nl,Pt)
DDB4496A	Revenge of Shinobi, The (Europe) (En,Fr,De,Es,It)
DDCEB011	Jurassic Park III - Dino Attack (Europe) (En,Fr,De,Es,It)
DDDE4295	Fantastic 4 - Flame On (USA)
DDE5DF02	Ms. Pac-Man - Maze Madness (USA)
DE4A85C0	SpongeBob SquarePants - Battle for Bikini Bottom (Europe) (En,Fr,De)
DE5DCDEE	Dark Arena (USA, Europe)
DE5FFCBC	Lufia - The Ruins of Lore (USA)
DE6698FE	Defender of the Crown (USA)
DE79EDC3	Wild, The (USA, Europe) (En,Fr,De,Es)
DE9E85BF	ESPN Winter X-Games Snowboarding 2002 (USA)
DEA3B767	Fire Emblem - The Sacred Stones (USA) (Virtual Console)
DEE47A85	Foster's Home for Imaginary Friends (Europe)
DEE6F2A9	Mega Man - Battle Network 6 - Cybeast Falzar (USA)
DEEDD7D9	Baldur's Gate - Dark Alliance (USA)
DF167D1D	Rugrats - I Gotta Go Party (USA, Europe)
DF3E58D3	Meet the Robinsons (Europe) (En,Fr,De,Es,It,Nl)
DF7108E3	Anguna - Warriors of Virtue (World) (v0.93)
DF73101E	Shrek - Super Slam (Europe) (En,Fr,De,Es,It,Nl)
DF77DAD2	Final Fight One (USA) (Virtual Console)
DFA1A201	Bubble Bobble - Old & New (Europe) (En,Fr,De,Es,It)
DFB57DCF	Powerpuff Girls, The - Mojo Jojo A-Go-Go (USA) (En,Fr,De,Es,It,Nl)
DFB5ABA3	Banjo-Kazooie - Grunty's Revenge (USA, Europe)
DFC88D3E	Top Gun - Combat Zones (USA) (En,Fr,De,Es,It)
DFCFE06C	Phalanx (Europe) (En,Fr,De,Es,It,Nl)
DFD07A36	Yu-Gi-Oh! - The Eternal Duelist Soul (USA)
DFF3E861	Go! Go! Beckham! - Adventure on Soccer Island (Europe) (En,Fr,De,Es,It)
DFF47236	Alien Hominid (Europe) (En,Fr,De,Es,It)
DFF9A0B1	Medabots - Metabee (USA) (Virtual Console)
E03C633E	Tiny Toon Adventures - Wacky Stackers (USA)
E064107F	Denki Blocks! (USA) (En,Es)
E0988123	SSX Tricky (USA, Europe) (En,Fr,De)
E0B137E7	NFL Blitz 2003 (USA)
E0BD3B75	Virtua Tennis (USA)
E0C4FD69	Castlevania - Harmony of Dissonance (Europe) (Castlevania Advance Collection)
E13B63AD	LEGO Racers 2 (USA) (En,Fr)
E144DED2	Medabots - Rokusho (USA)
E1578D25	Pac-Man Collection (Europe)
E199E132	Phil of the Future (USA)
E1D36A8C	Blackthorne (Europe)
E1DE905F	Danny Phantom - The Ultimate Enemy (Europe) (En,Fr,Nl)
E1FB68E8	Golden Sun (USA, Europe)
E1FFB2D1	Boktai 2 - Solar Boy Django (USA)
E2018633	2 Game Pack! - Uno & Skip-Bo (Europe) (En,Fr,De,Es,It)
E279EC31	Super Ghouls'n Ghosts (USA) (Virtual Console)
E2BB929E	Glass Eyes (World)
E2EC9EED	Shrek - Super Slam (USA)
E2EFC2AA	Cheetah Girls, The (USA)
E2FF36C7	Lara Croft Tomb Raider - Legend (Europe) (En,Fr,De,Es,It)
E30691FE	All-Star Baseball 2003 (USA)
E31566CF	Pocket Monsters Diamond - Pocket Monsters Pearl - Manaphy Present Campaign Senyou Cartridge (Japan) (En)
E37400B5	COVID Adventure (World) (GBA Jam 2021)
E37A0705	Medabots - Rokusho (Europe) (Virtual Console)
E3847E32	Super Mario Advance 4 - Super Mario Bros. 3 (Europe) (En,Fr,De,Es,It) (Rev 1) (Switch Online)
E40EC737	Racing Fever (Europe) (En,De,Es,It)
E418E962	Ready 2 Rumble Boxing - Round 2 (Europe) (En,Fr,De)
E434FA06	Extreme Ghostbusters - Code Ecto-1 (USA)
E448C5D4	Rebelstar - Tactical Command (Europe) (En,Fr,De,Es,It)
E49C45A0	Hello Kitty - Happy Party Pals (USA)
E4AE2CD1	Green Eggs and Ham by Dr. Seuss (USA)
E514DE30	Bengt Swinger of Longarm (World)
E52A3AB8	Virtua Tennis (Europe) (En,Fr,De,Es,It)
E53BA082	Spyro Fusion (Europe) (En,Fr,De,Es,It)
E5531D04	Hi Hi Puffy AmiYumi - Kaznapped! (Europe) (En,De)
E57C16F7	SEGA Rally Championship (Japan) (En)
E58DA71E	Paws & Claws - Pet Resort (USA)
E58EF9A2	Whac-A-Mole (USA)
E5A7FE17	Phantasy Star Collection (USA)
E5A97A58	Winnie the Pooh's Rumbly Tumbly Adventure (Europe) (En,Fr,De,Es,It,Nl)
E5AC4BB9	Scooby-Doo (Europe)
E5AC73BB	2 Games in 1 - Rugrats - Go Wild + SpongeBob SquarePants - SuperSponge (Europe)
E5C745D8	Board Game Classics - Backgammon & Chess & Draughts (Europe) (En,Fr,De,Es,It)
E5E0B0F1	Turbo Turtle Adventure (USA)
E60EC183	Drill Dozer (USA)
E613AA43	Hi Hi Puffy AmiYumi - Kaznapped! (USA)
E62BFFEB	Juka and the Monophonic Menace (Europe) (En,Fr,De,Es,It)
E64C265C	Yoshi Topsy-Turvy (USA)
E6567686	Princess Natasha - Student, Secret Agent, Princess (Europe) (En,Fr,De,Es,It)
E6A1D5B2	Open Season (USA) (En,Fr,Es)
E6CB567D	Robot Wars - Advanced Destruction (USA)
E6D58AA0	Crash Nitro Kart (USA)
E6DC35A9	3 Game Pack! - The Game of Life + Payday + Yahtzee (USA)
E6FADD1A	Lindsi Luna Blast (World) (v1.01)
E6FDA065	Killer 3D Pool (Europe) (En,Fr,De,Es,It)
E715AC45	Boktai - The Sun Is in Your Hand (USA)
E718D850	Mario & Luigi - Superstar Saga (USA)
E76DB6EF	2 in 1 Game Pack - Spider-Man & Spider-Man 2 (Europe) (En,Fr,De+En,Fr,De,Es,It)
E7BAA5B9	2 in 1 Game Pack - Spider-Man - Mysterio's Menace + X2 - Wolverine's Revenge (USA, Europe)
E7BC4EF1	Lilo & Stitch (Europe) (En,Fr,De,Es,It,Nl) (Rev 1)
E7E546FE	Mega Man - Battle Network 6 - Cybeast Gregar (USA) (Virtual Console)
E7F6E42F	Ed, Edd n Eddy - Jawbreakers! (Europe) (En,Fr,De,Es,It)
E7FA71C6	Mat Hoffman's Pro BMX 2 (USA, Europe)
E8156354	Castlevania - Aria of Sorrow (Europe) (En,Fr,De) (Castlevania Advance Collection)
E8227E41	Spy Kids Challenger (USA)
E83E5696	Sys Crusher (World) (v1.1)
E852C9E9	Minicraft (World)
E8619031	Astro Boy - Omega Factor (USA) (En,Ja,Fr,De,Es,It)
E8637292	Legend of Zelda, The - The Minish Cap (Europe) (En,Fr,De,Es,It)
E8691A0F	Power Rangers - Ninja Storm (USA)
E8789C18	Worms - World Party (USA) (En,Fr,De,Es,It)
E8B15678	Egg Mania (USA) (En,Fr,Es)
E8BF28E2	Cinderella - Magical Dreams (Europe) (En,Fr,De,Es,It)
E8C44FB8	Heidi - The Game (Europe) (En,Fr,De,Es,It)
E8EB2E3A	Scrabble Scramble! (Europe) (En,Fr,De,Es,It,Nl)
E902880F	Teenage Mutant Ninja Turtles Double Pack (Europe) (En,Fr,De,Es,It)
E92EC7AA	GT Championship (Europe)
E9339304	Revenge of Shinobi, The (USA)
E948D412	Dexter's Laboratory - Deesaster Strikes! (USA) (En,Fr,De,Es,It)
E94AAFC9	Ace Lightning (Europe)
E95BBA0C	Shining Soul (USA)
E9848D13	Dr. Sudoku (Europe)
E99DE964	Gauntlet - Dark Legacy (USA)
E9A21637	Jungle Book, The (USA) (En,Fr,De,Es,It,Nl)
E9A34F49	David Beckham Soccer (Europe) (En,Fr,De,Es,It)
E9C9DD2B	All Grown Up! - Express Yourself (USA, Europe)
E9D9B245	Sys Crusher (World) (v1.2)
E9FDC229	Backyard Sports - Football 2007 (USA)
EA0A1B94	Car Battler Joe (USA)
EA15A16E	Need for Speed - Most Wanted (USA, Europe) (En,Fr,De,It)
EA2BE132	Stepper (World) (v1.8) (3DS)
EA5ED4C0	Lion King 1 1-2, The (USA)
EA5FC3DA	Digimon - Battle Spirit (Europe) (En,Fr,De,Es,It)
EA863F4D	R-Type III - The Third Lightning (USA)
EA8AE3B2	Shrek - Smash n' Crash Racing (USA)
EACDFE0F	Hobbit, The - The Prelude to the Lord of the Rings (Europe) (En,Fr,De,Es,It)
EADE083F	Godzilla - Domination! (USA)
EB25BB5B	James Pond - Codename Robocod (USA) (En,Fr,Es,Pt)
EB326294	Downforce (Europe) (En,Fr,De,Es,It)
EB3954C6	Ninja Five-O (USA)
EB733713	Phalanx (USA)
EBB81069	Goodboy Galaxy (World) (En,Ja,Fr,De,Es,Pt-BR,Zh,Ar) (Evercade)
EBD928ED	CIMA - The Enemy (USA)
EBF757B8	AirForce Delta Storm (USA) (En,Ja,Fr,De)
EC1F4029	Sims 2, The - Pets (USA, Europe)
EC36A3DF	Family Feud (USA)
EC5D6AFD	Avatar - The Legend of Aang - The Burning Earth (Europe) (En,De)
EC7869AE	Mr. Driller 2 (USA) (Virtual Console)
ECADD047	Looney Tunes Double Pack (USA)
ECBD80EA	Hamtaro - Ham-Ham Heartbreak (Europe) (En,Fr,De,Es,It)
ED2EB57D	Cabbage Patch Kids - The Patch Puppy Rescue (Europe)
ED316E37	Mario Kart - Super Circuit (USA)
ED5CA311	Hugo - The Evil Mirror (USA) (En,Fr,Es)
EDC0CCEE	Cartoon Network Block Party (USA)
EDCB7D46	Advance GT2 (Japan) (En)
EDD7106E	Mega Man - Battle Network 3 - Blue Version (USA) (Virtual Console)
EDDDCF19	Jurassic Park III - Park Builder (USA)
EE0C58BC	Lord of the Rings, The - The Fellowship of the Ring (USA)
EE317F69	Yu-Gi-Oh! - Dungeon Dice Monsters (Europe) (En,Fr,De,Es,It)
EE495897	Castlevania Double Pack (Europe) (En,Fr,De)
EEA68C2E	Mega Man & Bass (USA)
EEBB016F	Anguna - Warriors of Virtue (World) (v0.91)
EEE01B78	Metroid Fusion (Europe) (En,Fr,De,Es,It) (Virtual Console)
EEF104B0	Curious George (Europe) (En,Fr,De,Es,It,Sv,Da)
EEF19C92	GBADoom (World) (v2.7)
EEFB32FF	World Reborn (USA)
EF131209	Inspector Gadget - Advance Mission (USA)
EF3790D1	Batman - Rise of Sin Tzu (USA) (En,Fr,Es)
EFEE1DDF	Paws & Claws - Pet Vet (USA)
F007DFE1	Tom Clancy's Splinter Cell - Pandora Tomorrow (Europe) (En,Fr,De,Es,It,Nl)
F027E89F	Knights' Kingdom (Europe) (En,De)
F03728F3	Silent Scope (Europe) (En,Fr,De,Es,It)
F053FFBF	American Idol (USA)
F06422A8	Breath of Fire (USA)
F0760400	bit Generations - Dotstream (Japan) (En)
F0815EE7	Pokemon - Ruby Version (USA, Europe)
F094A4CB	Mario Party Advance (USA)
F09B7BB0	Thunderbirds (USA, Europe)
F0B0F53C	SpongeBob and Friends - Attack of the Toybots (Europe) (En,De)
F0BA1A8E	Garfield and His Nine Lives (Europe) (En,Fr,De,Es,It,Nl)
F0CA0689	Wild Thornberrys, The - Chimp Chase (USA, Europe)
F0CA6D70	Dragon's Rock (Europe) (En,Fr,De,Es,It)
F0F16B7E	Prince of Persia - The Sands of Time (Europe) (En,Fr,De,Es,It,Nl)
F1098A5F	Game & Watch Gallery Advance (Europe) (Virtual Console)
F11009F9	Lizzie McGuire 2 - Lizzie Diaries (USA) (En,Fr)
F120ECA2	Polly Pocket! - Super Splash Island (USA) (DSI)
F12F29A9	Lucky Luke - Wanted! (Europe) (En,Fr,De,Es,It,Nl)
F14B65EF	Droopy's Tennis Open (Europe) (En,Fr,De,Es,It,Nl)
F1861610	Shrek 2 - Beg for Mercy (USA, Europe)
F1C5AC80	Mega Man - Battle Network 3 - White Version (USA) (Virtual Console)
F1C63552	Uranus 2 - Sun Tear (World) (En,Fr)
F1D5601B	F-Zero - GP Legend (Europe) (En,Fr,De,Es,It)
F1D92E63	Metroid - Zero Mission (Europe) (En,Fr,De,Es,It)
F1F1F148	Snood (USA)
F1FB4FD1	WWE - Road to WrestleMania X8 (USA, Europe)
F2068738	Driven (USA) (En,Fr,De,Es,It)
F2254660	Titei Senki Advance (World) (v1.03)
F23150A4	Medal of Honor - Infiltrator (USA, Europe) (En,Fr,De)
F24C8E77	Crash Bandicoot Fusion (Europe) (En,Fr,De,Es,It)
F2B06467	Barnyard (Europe) (En,Fr,De,Es,It,Nl)
F2BC49CE	Super Puzzle Bobble Advance (Japan) (En)
F32A27C3	ZenF (World) (GBA Jam 2024)
F335DB88	GT Advance 2 - Rally Racing (USA)
F33AAC43	Chopper 2 - The Return (World)
F34B25F2	GBA Jukebox (USA)
F3BD4F90	Shoot for the Moon (World)
F3C274C2	Pippa Funnell 2 (Europe) (En,Fr)
F3DC4E3E	Mission Impossible - Operation Surma (USA) (En,Fr,Es)
F3DF5758	Yu-Gi-Oh! Double Pack (USA)
F3F26ACC	Tiger Woods PGA Tour Golf (USA, Europe)
F3F2E465	Strawberry Shortcake - Ice Cream Island - Riding Camp (Europe) (En,Fr,De,Es,It,Nl,Pt,Da) (Rev 1)
F42B4E70	3 Games in One! - Yars' Revenge + Asteroids + Pong (Europe) (En,Fr,De,Es,It)
F44B6A70	Street Racing Syndicate (USA)
F4634DBD	Super Collapse! II (USA)
F4693458	Road Rash - Jailbreak (Europe) (En,Fr,De,Es,It)
F47C5CF9	Monster Trucks Mayhem (USA)
F4C0D140	Need for Speed - Carbon - Own the City (USA, Europe) (En,Fr,De,Es,It)
F4EC1AD4	uCity Advance (World) (v1.0.3)
F4EFC5ED	Antz - Extreme Racing (USA)
F4FAFCCF	Bionicle Heroes (USA) (En,Fr,De,Es,It,Da)
F508A7B7	Barbie - The Princess and the Pauper (USA)
F50F82AD	Harvest Moon - Friends of Mineral Town (Europe)
F53D8B56	Classic NES Series - Donkey Kong (USA, Europe)
F5436F5D	Dexter's Laboratory - Chess Challenge (Europe) (En,Fr,De,Es)
F54EEB0E	Famicom Mini 07 - Xevious (Japan) (En)
F5757128	Gren's GBA Game Pack (World)
F5801BD8	Medabots AX - Rokusho Ver. (Europe) (En,Fr,De,Es,It)
F5B2F65E	CodeBreaker (USA)
F5C85BEB	Buffy the Vampire Slayer - Wrath of the Darkhul King (USA, Europe)
F5D36AD2	Celeste Classic (World) (v1.1)
F5F0C143	Tang Tang (USA)
F6124D7F	Dragon Ball Z - Collectible Card Game (USA)
F6667B3E	KAO the Kangaroo (USA) (En,Fr,De,Es,It,Nl)
F669A368	Tony Hawk's Pro Skater 3 (USA, Europe)
F680B0F3	March of the Penguins (Europe) (En,Fr,De,Es,It)
F6B549DD	Curious George (USA)
F6C36783	Teenage Mutant Ninja Turtles (USA)
F6F70922	Three-in-One Pack - Risk + Battleship + Clue (USA)
F70EBB99	Kirby & The Amazing Mirror (USA) (Virtual Console)
F7129225	Classic NES Series - Super Mario Bros. (USA, Europe)
F7171521	Pro Tennis WTA Tour (Europe)
F71761BA	Best Friends - Hunde & Katzen (Germany) (En,De)
F74B3C7D	Terminator 3 - Rise of the Machines (USA)
F74E1036	Klonoa - Empire of Dreams (USA)
F755065C	Harry Potter and the Sorcerer's Stone (USA, Europe) (En,Fr,De,Es,It,Nl,Pt,Sv,No,Da)
F763EECC	Mario Tennis - Power Tour (USA) (En,Fr,De,Es,It) (Virtual Console)
F79B0D53	Celeste Classic (World)
F79FFEDF	Hot Wheels Advance (Japan) (En)
F7BC9DB0	MazezaM (World) (v1.1) (NEO Coding Compo 2013)
F848C327	Care Bears - The Care Quest (USA) (En,Fr,Es)
F87B787B	Berenstain Bears and the Spooky Old Tree, The (USA)
F87EA3C3	Mario & Luigi - Superstar Saga (USA) (Virtual Console)
F906C5B6	Noddy - A Day in Toyland (USA) (En,Fr,Es)
F92140C0	SEGA Arcade Gallery (Europe) (En,Fr,De,Es,It)
F93B73D9	DK - King of Swing (Europe) (En,Fr,De,Es,It)
F93DCC2E	Jurassic Park III - The DNA Factor (USA)
F9498038	Magical Quest 2 Starring Mickey & Minnie (Europe) (En,Fr,De)
F968A196	Yu-Gi-Oh! - Ultimate Masters - World Championship Tournament 2006 (USA) (En,Ja,Fr,De,Es,It)
F9EC06A9	2 Games in 1 - Quad Desert Fury + Monster Trucks (USA)
FA0F055D	Star Wars - Jedi Power Battles (Europe) (En,Fr,De,Es)
FA172A4A	Tales of Phantasia (Europe) (En,Fr,De,Es,It)
FA1AA3F6	Shaman King - Legacy of the Spirits - Sprinting Wolf (USA)
FA6F976C	Toadally Awesome (World) (GBA Jam 2021)
FA946FC6	Kim Possible 2 - Drakken's Demise (USA) (En,Fr)
FB2284EF	Trollz - Hair Affair! (Europe) (En,De,It)
FB291CCA	Mortal Kombat - Deadly Alliance (Europe) (En,Fr,De,Es,It)
FB414CCC	Nebulus (World) (GBAX 2004)
FB4F38E2	Banjo-Kazooie - Grunty's Revenge (Europe) (En,Fr,De)
FB6C590F	Rebelstar - Tactical Command (USA)
FB7A7567	2 Games in 1 - Dr. Mario + Puzzle League (Europe) (En,Fr,De,Es,It)
FBAFB638	Combo Pack - Sonic Advance + Sonic Pinball Party (USA) (En,Ja,Fr,De,Es+En,Ja,Fr,De,Es,It)
FBFF3F04	Medabots AX - Rokusho Ver. (Europe) (En,Fr,De,Es,It) (Virtual Console)
FC003E2B	Dr. Sudoku (USA)
FC284E05	Crash Bandicoot Purple - Ripto's Rampage (USA)
FC339FC7	SpongeBob SquarePants and Friends in Freeze Frame Frenzy (Europe) (En,Fr,De,Es,Nl)
FC610889	Atomix (World)
FCA59484	Advance GTA (Japan) (En) (Rev 1)
FCB3BBB2	Star X (World) (En,Fr,De,Es,It,Nl) (Evercade)
FCD7A7C0	Tiny Toon Adventures - Scary Dreams (USA)
FCFEF343	Super Mario Advance 2 - Super Mario World (Europe) (En,Fr,De,Es)
FD49236B	Star Wars - Episode III - Revenge of the Sith (Europe) (En,Fr,De,Es,It,Nl)
FDACA282	Google Dino Advance (World) (v1.1)
FDBE5A26	Top Gun - Firestorm Advance (USA, Europe) (En,Fr,De,Es,It)
FDC82E98	Advance GTA (Japan) (En)
FDEC60EC	Kim Possible 3 - Team Possible (USA) (En,Fr)
FDF4ECA7	Serious Sam Advance (USA) (En,Fr,De)
FE03E5AF	Donkey Kong Country 3 (USA)
FE3E6769	Santa Claus Jr. Advance (Europe)
FE7C8402	Deadly Skies (Europe) (En,Ja,Fr,De)
FE89C986	Jurassic Park III - The DNA Factor (Europe) (En,Fr,De,Es,It)
FEAFBD72	Nicktoons - Battle for Volcano Island (USA)
FEEC503C	Bubble Bobble - Old & New (USA)
FEEEBDE4	Final Fantasy IV Advance (USA)
FF0E8ADA	Celeste Classic (World) (v1.2)
FF2C6EA9	Fantastic 4 (USA)
FF51A9A9	ESPN International Winter Sports 2002 (USA)
FF5C9636	Piglet's Big Game (Europe) (En,Fr,De,Es,It,Nl)
FF5D64AB	Tremblay Island (World) (En) (v1.1) (Kickstarter Edition)
FF5E8E39	Breath of Fire II (Europe)
FF797AC9	Sigma Star Saga DX (World) (Limited Run Games)
FF7987DA	Barnyard (USA)
FF7D5F62	Pinky and the Brain - The Master Plan (Europe) (En,Fr,De,Es,It)
FFDA95BE	Megaman Zero 4 (Europe) (Virtual Console)
FFE38431	Razor Freestyle Scooter (USA)
