A2DE	New Super Mario Bros. (USA, Australia)
A2DP	New Super Mario Bros. (Europe) (En,Fr,De,Es,It)
A2GE	Phoenix Wright - Ace Attorney - Justice for All (USA)
A2GJ	Gyakuten Saiban 2 (Japan) (En,Ja)
A2GP	Phoenix Wright - Ace Attorney - Justice for All (Europe) (En,Fr,De)
A2HE	Smart Boy's Gameroom (USA)
A2HP	I Did It Mum! - Boy (Europe) (En,Fr,De,Es,It)
A2IE	Smart Girl's Playhouse (USA)
A2IP	I Did It Mum! - Girl (Europe) (En,Fr,De,Es,It)
A2LE	Anno 1701 - Dawn of Discovery (USA) (En,Fr,Es)
A2LP	Anno 1701 - Dawn of Discovery (Europe) (En,Fr,De,Es,It,Nl)
A2ME	Arthur and the Invisibles - The Game (USA) (En,Fr,Es)
A2MP	Arthur and the Minimoys (Europe) (En,Fr,De,Es,It,Nl)
A2OE	Prey the Stars (USA)
A2OP	Prey the Stars - Gabu Gabu Planet (Europe) (En,Fr,De,Es,It)
A2SE	Dragon Ball Z - Supersonic Warriors 2 (USA)
A2TE	Top Spin 2 (USA) (En,Fr,De,Es,It)
A2TP	Top Spin 2 (Europe) (En,Fr,De,Es,It)
A2VE	M&M's - Break 'em (USA)
A2VP	M&M's - Break 'em (Europe) (En,Fr,De,Es,It)
A2WE	Chronicles of Narnia, The - The Lion, the Witch and the Wardrobe (USA) (En,Fr,Es,It,Nl)
A2WX	Chronicles of Narnia, The - The Lion, the Witch and the Wardrobe (Europe) (En,Fr,Es,It,Nl)
A2WY	Chronicles of Narnia, The - The Lion, the Witch and the Wardrobe (Europe) (En,De,Sv,Da)
A3EE	Diner Dash - Sizzle & Serve (USA) (En,Fr,De,Es,It)
A3EP	Diner Dash (Europe) (En,Fr,De,Es,It)
A3HE	Suite Life of Zack & Cody, The - Circle of Spies (USA) (En,Fr,De,Es,It,Nl)
A3HP	Suite Life of Zack & Cody, The - Circle of Spies (Europe) (En,Fr,De,Es,It,Nl)
A3IE	Lux-Pain (USA)
A3IP	Lux-Pain (Europe)
A3ME	Dynasty Warriors DS - Fighter's Battle (USA)
A3MP	Dynasty Warriors DS - Fighter's Battle (Europe) (En,Fr,De,Es,It)
A3OE	Trioncube (USA)
A3OP	Trioncube (Europe) (En,Fr,De,Es,It)
A3RP	Powershot Pinball Constructor (Europe) (En,Fr,De,Es,It)
A3SE	Shrek the Third (USA)
A3SP	Shrek the Third (Europe)
A3TE	EZ-Flash Vi (World)
A3TP	Tak - The Great Juju Challenge (Europe)
A3TX	Tak - The Great Juju Challenge (Europe) (En,Fr,De,Nl)
A3VE	Digimon World - Dawn (USA)
A3WE	Race Driver - Create & Race (USA) (En,Fr,De,Es,It)
A3WP	Race Driver - Create & Race (Europe) (En,Fr,De,Es,It)
A3WU	V8 Supercars Australia 3 - Create & Race (Australia) (En,Fr,De,Es,It)
A3WX	DTM Race Driver 3 - Create & Race (Germany) (En,Fr,De,Es,It)
A3XE	X-Men - The Official Game (USA)
A3XP	X-Men - The Official Game (Europe) (En,Fr,Es,It)
A3YE	Sonic Rush Adventure (USA) (En,Ja,Fr,De,Es,It)
A3YJ	Sonic Rush Adventure (Japan) (En,Ja,Fr,De,Es,It)
A3YP	Sonic Rush Adventure (Europe) (En,Ja,Fr,De,Es,It)
A4CE	Imagine - Master Chef (USA) (En,Fr,De,Es,It)
A4CP	Imagine - Happy Cooking (Europe) (En,Fr,De,Es,It)
A4CX	Imagine - Happy Cooking (Europe) (En,Fr,De,Es,It,Nl)
A4IE	Shrek - Smash n' Crash Racing (USA)
A4IP	Shrek - Smash n' Crash Racing (Europe) (En,Fr,De,Es,It)
A4OE	Sims 2, The - Pets (USA) (En,Fr,De,Es,It,Nl)
A4OP	Sims 2, The - Pets (Europe) (En,Fr,De,Es,It,Nl)
A4PE	Asphalt - Urban GT 2 (USA) (En,Fr,Es)
A4PP	Asphalt - Urban GT 2 (Europe) (En,Fr,De,Es,It)
A4ZE	Touch Darts (USA)
A4ZP	SEGA Presents - Touch Darts (Europe)
A5AE	Golden Compass, The (USA) (En,Fr,De,Es,It)
A5AP	Golden Compass, The - The Official Videogame (Europe) (En,Fr,De,Es,It)
A5AX	Golden Compass, The - The Official Videogame (Europe) (En,Nl,Sv,No,Da)
A5FE	Professor Layton and the Curious Village (USA, Australia)
A5FP	Professor Layton and the Curious Village (Europe) (En,Fr,De,Es,It)
A5GE	Interactive Storybook DS - Series 1 (USA)
A5HE	Interactive Storybook DS - Series 2 (USA)
A5IE	Interactive Storybook DS - Series 3 (USA)
A5KJ	Konami Arcade Collection (Japan) (En,Ja)
A5LE	Dragon Ball Z - Harukanaru Densetsu (USA)
A5LP	Dragon Ball Z - Goku Densetsu (Europe) (En,Fr,De,Es,It)
A5OE	Ed, Edd n Eddy - Scam of the Century (USA)
A5OP	Ed, Edd n Eddy - Scam of the Century (Europe) (En,Fr,De,Es,It)
A5PE	Harry Potter and the Order of the Phoenix (USA)
A5PP	Harry Potter and the Order of the Phoenix (United Kingdom)
A5PX	Harry Potter and the Order of the Phoenix (Europe) (En,Fr,De,Es,It,Nl,Sv,No,Da)
A5TE	Mega Man Battle Network 5 - Double Team DS (USA)
A5TP	Mega Man Battle Network 5 - Double Team DS (Europe) (En,Fr,De,Es,It)
A5UE	Madden NFL 08 (USA)
A5UP	Madden NFL 08 (Europe)
A5ZE	Godzilla Unleashed - Double Smash (USA)
A6AE	Mega Man Star Force - Pegasus (USA)
A6AP	Mega Man Star Force - Pegasus (Europe) (En,Fr,De,Es,It)
A6BE	Mega Man Star Force - Leo (USA)
A6BP	Mega Man Star Force - Leo (Europe) (En,Fr,De,Es,It)
A6CE	Mega Man Star Force - Dragon (USA)
A6CP	Mega Man Star Force - Dragon (Europe) (En,Fr,De,Es,It)
A6FE	Final Fantasy Tactics A2 - Grimoire of the Rift (USA) (En,Fr,Es)
A6FP	Final Fantasy Tactics A2 - Grimoire of the Rift (Europe) (En,Fr,De,Es)
A6KE	Dinosaur King (USA)
A6KP	Dinosaur King (Europe) (En,Fr,De,Es,It)
A6NE	Rune Factory 2 - A Fantasy Harvest Moon (USA)
A6NP	Rune Factory 2 - A Fantasy Harvest Moon (Europe) (En,De)
A6RE	Digimon World - Dusk (USA)
A6SE	Legend of Spyro, The - A New Beginning (USA)
A6SP	Legend of Spyro, The - A New Beginning (Europe) (En,Fr,De,Es,It,Nl)
A6TE	Legend of Spyro, The - The Eternal Night (USA)
A6TP	Legend of Spyro, The - The Eternal Night (Europe) (En,Fr,De,Es,It,Nl)
A6VP	Tiny the Mole (Europe) (Proto)
A6WE	2006 FIFA World Cup - Germany 2006 (USA) (En,Fr,De,Es,It)
A6WP	2006 FIFA World Cup - Germany 2006 (Europe) (En,Fr,De,Es,It)
A6YE	AniMates! (USA) (En,Fr)
A6YP	My Little Flufties (Europe) (En,Fr,De,Es,It)
A8BP	8BallAllstars (Europe) (En,Fr,De,Es,It)
A8CE	Hi! Hamtaro - Ham-Ham Challenge (USA)
A8CP	Hi! Hamtaro - Ham-Ham Challenge (Europe) (En,Fr,De,Es,It)
A8DP	Animal Paradise (Europe) (En,Fr,De,Es,It,Nl)
A8NE	Planet Puzzle League (USA)
A8NP	Puzzle League DS (Europe) (En,Fr,De,Es,It)
A8QE	Theme Park (USA) (En,Ja,Fr,De,Es,It)
A8QJ	Theme Park DS (Japan) (En,Ja,Fr,De,Es,It)
A8QP	Theme Park (Europe) (En,Ja,Fr,De,Es,It)
A8SP	Schach (Germany) (En,De)
A8SX	Schaakmat! (Netherlands) (En,Nl)
A8SY	Chess (Europe) (En,Fr,De,Es,It)
A8TE	Mario Party DS (USA)
A8TP	Mario Party DS (Europe) (En,Fr,De,Es,It)
AAFA	Nintendo Zone Wireless Distribution Box DS Card (USA, Europe) (Wi-Fi Kiosk)
AAQE	Darkrai Distribution 2008 (USA) (Wi-Fi Kiosk) (Save Data)
AARE	Deoxys Distribution 2008 (USA) (Wi-Fi Kiosk) (Save Data)
AB2E	Battles of Prince of Persia (USA) (En,Fr,De,Es,It,Nl)
AB2P	Battles of Prince of Persia (Europe) (En,Fr,De,Es,It,Nl)
AB3E	Mario Hoops 3 on 3 (USA)
AB3P	Mario Slam Basketball (Europe) (En,Ja,Fr,De,Es,It)
AB4E	Harvest Moon DS Cute (USA)
AB6E	Bubble Bobble Revolution (USA)
AB6P	Bubble Bobble Revolution (Europe) (En,Fr,De,Es,It)
AB7E	B-17 - Fortress in the Sky (USA)
AB7P	B-17 - Fortress in the Sky (Europe) (En,Fr,Es,It)
AB8E	Super Black Bass Fishing (USA)
AB8P	Super Black Bass Fishing (Europe) (En,Fr,De)
AB9E	Monster Bomber (USA)
AB9P	Monster Bomber (Europe) (En,Fr,De,Es,It)
ABAE	Shamu's Deep Sea Adventures (USA)
ABAP	Shamu's Deep Sea Adventures (Europe)
ABCE	Harvest Moon DS (USA)
ABCP	Harvest Moon DS (Europe) (En,Fr,De,Es,It)
ABDE	Blades of Thunder II (USA)
ABEE	4 Game Pack! - Battleship + Connect Four + Sorry! + Trouble (USA)
ABHE	Resident Evil - Deadly Silence (USA)
ABHP	Resident Evil - Deadly Silence (Europe) (En,Fr,De,Es,It)
ABJE	Harvest Moon DS - Island of Happiness (USA)
ABJP	Harvest Moon DS - Island of Happiness (Europe) (En,Fr,De,Es,It)
ABKE	Chameleon - To Dye For! (USA)
ABKP	Kameleon (Europe)
ABLE	Bleach - The Blade of Fate (USA)
ABLP	Bleach - The Blade of Fate (Europe) (En,Fr,De,Es,It)
ABME	Bomberman (USA)
ABMP	Bomberman (Europe) (En,Fr,De,Es,It)
ABNP	Bomberman Story DS (Europe) (En,Fr,De,Es,It)
ABOE	Burnout Legends (USA) (En,Fr,Es)
ABOP	Burnout Legends (Europe) (En,Fr,De,Es,It,Nl)
ABRE	Dragon Booster (USA)
ABRP	Dragon Booster (Europe) (En,Fr,De,Es,It)
ABTE	Bust-A-Move DS (USA)
ABTP	Bust-A-Move DS (Europe)
ABUE	DK - Jungle Climber (USA)
ABUP	Donkey Kong - Jungle Climber (Europe) (En,Fr,De,Es,It)
ABXE	Bomberman Land Touch! (USA)
ABXP	Bomberman Land Touch! (Europe) (En,Fr,De,Es,It)
ABZE	Bleach - Dark Souls (USA)
ABZP	Bleach - Dark Souls (Europe) (En,Fr,De,Es,It)
AC2E	Pirates of the Caribbean - Dead Man's Chest (USA) (En,Fr,De,Es,It)
AC2P	Pirates of the Caribbean - Dead Man's Chest (Europe) (En,Fr,De,Es,It)
AC3E	SimCity DS (USA) (En,Fr,De,Es,It,Nl)
AC3P	SimCity DS (Europe) (En,Fr,De,Es,It,Nl)
AC4E	Chicken Little - Ace in Action (USA) (En,Fr,De,Es,It)
AC4P	Chicken Little - Ace in Action (Europe) (En,Fr,De,Es,It)
AC6E	Scooby-Doo! - Who's Watching Who (USA)
AC6P	Scooby-Doo! - Who's Watching Who (Europe)
AC6X	Scooby-Doo! - Qui Regarde Qui (France) (En,Fr)
AC7E	Catz (USA)
AC7P	Catz (Europe) (En,Fr,De,Es,It)
AC9E	Spider-Man - Battle for New York (USA)
AC9P	Spider-Man - Battle for New York (Europe)
ACAE	SEGA Casino (USA) (En,Fr,De,Es,It)
ACAP	SEGA Casino (Europe) (En,Fr,De,Es,It)
ACBE	Castlevania - Portrait of Ruin (USA)
ACBP	Castlevania - Portrait of Ruin (Europe) (En,Fr,De,Es,It)
ACCE	Cooking Mama (USA)
ACCP	Cooking Mama (Europe) (En,Fr,It)
ACEK	AceKard 2 (World)
ACFE	Crash Boom Bang! (USA)
ACFP	Crash Boom Bang! (Europe) (En,Fr,De,Es,It)
ACGE	Ultimate Card Games (USA) (En,Fr,Es)
ACHP	Freshly-Picked - Tingle's Rosy Rupeeland (Europe) (En,Fr,De,Es,It)
ACIE	Cookie Shop - Create Your Dream Shop (USA) (En,Fr,Es)
ACIP	Cookie Shop - Create Your Dream Shop (Europe) (En,Fr)
ACJE	Charlotte's Web (USA) (En,Fr,De,Es,It)
ACJP	Charlotte's Web (Europe) (En,Fr,De,Es,It)
ACLE	Custom Robo Arena (USA)
ACLP	Custom Robo Arena (Europe) (En,Fr,De,Es,It)
ACME	Labyrinth (USA)
ACMP	Labyrinth (Europe) (En,Fr,De,Es,It)
ACNE	Mind Quiz - Your Brain Coach (USA) (En,Fr,De,Es,It)
ACNP	Mind Quiz - Your Brain Coach (Europe) (En,Fr,De,Es,It)
ACOE	Contact (USA)
ACOP	Contact (Europe) (En,Fr,De,Es,It)
ACPE	Brain Buster - Puzzle Pak (USA)
ACPP	Brain Buster - Puzzle Pak (Europe) (En,Fr,Es,It)
ACRE	Sprung - A Game Where Everyone Scores (USA)
ACRP	Sprung - The Dating Game (Europe)
ACTE	Cocoto - Kart Racer (USA) (En,Fr,Es)
ACTP	Cocoto - Kart Racer (Europe) (En,Fr,De,Es,It)
ACUE	Tenchu - Dark Secret (USA)
ACUX	Tenchu - Dark Secret (Europe) (En,Fr,De)
ACUY	Tenchu - Dark Secret (Europe) (En,Es,It)
ACVE	Castlevania - Dawn of Sorrow (USA)
ACVP	Castlevania - Dawn of Sorrow (Europe) (En,Fr,De,Es,It)
ACXE	Konami Classics Series - Arcade Hits (USA) (En,Ja)
ACXP	Konami Arcade Classics (Europe) (En,Ja,Fr,De,Es,It)
ACZE	Cars (USA)
ACZP	Cars (Europe)
AD2E	Nintendogs - Chihuahua & Friends (USA)
AD2P	Nintendogs - Chihuahua & Friends (Europe) (En,Fr,De,Es,It)
AD3E	Nintendogs - Lab & Friends (USA, Australia)
AD3P	Nintendogs - Labrador & Friends (Europe) (En,Fr,De,Es,It)
AD5E	Nintendogs - Best Friends (USA)
AD7E	Nintendogs - Dalmatian & Friends (USA, Australia) (En,Fr,Es)
AD7P	Nintendogs - Dalmatian & Friends (Europe) (En,Fr,De,Es,It)
AD9E	Draglade (USA)
AD9P	Draglade (Europe) (En,Fr,De,Es,It)
ADAE	Pokemon - Diamond Version (Europe) (Rev 5)
ADBP	Dragon Ball Z - Supersonic Warriors 2 (Europe) (En,Fr,De,Es,It)
ADCE	Dino Master - Dig, Discover, Duel (USA)
ADCP	Dino Master - Dig, Discover, Duel (Europe) (En,Fr,De,Es,It)
ADDE	Dig Dug - Digging Strike (USA)
ADDP	Dig Dug - Digging Strike (Europe)
ADFE	Touch the Dead (USA) (En,Fr,De,Es,It)
ADFP	Dead'n'Furious (Europe) (En,Fr,De,Es,It)
ADGE	Nintendogs - Dachshund & Friends (USA)
ADGP	Nintendogs - Dachshund & Friends (Europe) (En,Fr,De,Es,It)
ADLE	Deep Labyrinth (USA)
ADLP	Deep Labyrinth (Europe)
ADME	Animal Crossing - Wild World (USA)
ADMP	Animal Crossing - Wild World (Europe) (En,Fr,De,Es,It)
ADNE	Digimon World DS (USA)
ADPP	Monster Puzzle (Europe)
ADQE	Dragon Quest Heroes - Rocket Slime (USA)
ADRE	Mr. Driller - Drill Spirits (USA)
ADRP	Mr. Driller - Drill Spirits (Europe)
ADVE	Classic Action - Devilish (USA)
ADVP	Devilish (Europe)
ADZE	Meteos - Disney Magic (USA)
ADZP	Meteos - Disney Magic (Europe) (En,Fr,De,Es,It)
AE3E	Time Ace (USA)
AEAE	MechAssault - Phantom War (USA)
AEAP	MechAssault - Phantom War (Europe) (En,Fr,De)
AEBE	Elf Bowling 1 & 2 (USA)
AECE	Math Play (USA)
AECP	Maths Play - Have Fun with Numbers! (Europe) (En,Fr,De,Es,It,Nl,Sv,No,Da)
AEDP	Ed's Farm (Europe) (En,Fr,De,Es,It)
AEFE	Bee Game, The (USA)
AEGE	Eragon (USA)
AEGP	Eragon (Europe) (En,Fr,De,Es,It)
AEHE	Final Fantasy Fables - Chocobo Tales (USA)
AEHP	Final Fantasy Fables - Chocobo Tales (Europe) (En,Fr,De,Es,It)
AEKE	Age of Empires - The Age of Kings (USA)
AEKP	Age of Empires - The Age of Kings (Europe) (En,Fr,De)
AEKX	Age of Empires - The Age of Kings (Europe) (En,Es,It)
AENE	Naruto Shippuden - Ninja Council 4 (USA) (En,Fr,Es)
AENP	Naruto Shippuden - Ninja Council 3 - European Version (Europe) (En,Fr,De,Es,It)
AERE	Eco-Creatures - Save the Forest (USA)
AERP	Ecolis - Save the Forest (Europe) (En,Fr,De,Es,It)
AF3E	Ford Racing 3 (USA)
AF3P	Ford Racing 3 (Europe) (En,Fr,De,Es,It)
AF6E	FIFA Soccer 06 (USA)
AF6P	FIFA 06 (Europe) (En,Fr,De,Es,It,Nl)
AF7E	FIFA Soccer 07 (USA) (En,Fr,De,Es,It,Nl)
AF7P	FIFA 07 (Europe) (En,Fr,De,Es,It,Nl)
AF9E	F-24 - Stealth Fighter (USA)
AF9P	F-24 - Stealth Fighter (Europe) (En,Fr,De,Es,It)
AFAE	Rondo of Swords (USA)
AFBE	Original Frisbee Disc Sports - Ultimate & Golf (USA)
AFBP	Original Frisbee Disc Sports - Ultimate & Golf (Europe) (En,Fr,De,Es,It)
AFCP	Crazy Frog Racer (Europe) (En,Fr,De,Es,It)
AFDE	Death Jr. and the Science Fair of Doom (USA)
AFDP	Death Jr. and the Science Fair of Doom (Europe) (En,Fr,De,Es,It)
AFEE	New International Track & Field (USA) (En,Fr,De,Es,It)
AFEP	New International Track & Field (Europe) (En,Fr,De,Es,It)
AFFE	Final Fantasy III (USA)
AFFP	Final Fantasy III (Europe) (En,Fr,De,Es,It)
AFGE	Frogger - Helmet Chaos (USA)
AFGP	Frogger - Helmet Chaos (Europe) (En,Fr,De,Es,It)
AFIP	My Animal Centre in Africa (Europe) (En,Fr,De,Es,It)
AFKP	Franklin's Great Adventures (Europe) (En,Fr,De,Es,It,Nl,Pt,Da)
AFLE	Franklin's Great Adventures (USA) (En,Fr,Es)
AFNE	Finding Nemo - Escape to the Big Blue (USA)
AFNP	Finding Nemo - Escape to the Big Blue (Europe)
AFOE	Front Mission (USA)
AFQE	Imagine - Figure Skater (USA) (En,Fr,De,Es,It)
AFQP	Imagine - Figure Skater (Europe) (En,Fr,De,Es,It)
AFRE	My Frogger - Toy Trials (USA)
AFRP	My Frogger - Toy Trials (Europe) (En,Fr,De,Es,It)
AFSE	FIFA Street 2 (USA) (En,Fr,De)
AFSP	FIFA Street 2 (Europe) (En,Fr,De)
AFTE	Super Fruit Fall (USA)
AFTP	Super Fruit Fall (Europe) (En,Fr,De,Es,It)
AFUE	Mystery Dungeon - Shiren the Wanderer (USA)
AFUP	Mystery Dungeon - Shiren the Wanderer (Europe)
AFVE	Fantastic Four - Rise of the Silver Surfer (USA) (En,Fr,De,Es,It)
AFVP	Fantastic Four - Rise of the Silver Surfer (Europe) (En,Fr,De,Es,It)
AFWE	Flipper Critters (USA) (En,Fr,De,Es,It)
AFWP	Flipper Critters (Europe) (En,Fr,De,Es,It)
AFXE	Final Fantasy Crystal Chronicles - Ring of Fates (USA) (En,Es)
AFXP	Final Fantasy Crystal Chronicles - Ring of Fates (Europe) (En,Fr,De,Es)
AFYE	Transformers - Decepticons (USA)
AFYP	Transformers - Decepticons (Europe)
AFZE	Transformers - Autobots (USA)
AFZP	Transformers - Autobots (United Kingdom)
AG2E	Guilty Gear - Dust Strikers (USA)
AG2P	Guilty Gear - Dust Strikers (Europe) (En,Fr,De,Es,It)
AG3E	Flash Focus - Vision Training in Minutes a Day (USA) (En,Fr,Es)
AG3P	Sight Training - Enjoy Exercising and Relaxing Your Eyes (Europe) (En,Fr,De,Es,It)
AG5E	Garfield's Nightmare (USA) (En,Fr,Es)
AG5P	Garfield's Nightmare (Europe) (En,Fr,De,Es,It,Nl,Pt,Sv,No,Da,Fi)
AG7E	Tamagotchi Connection - Corner Shop (USA)
AG7P	Tamagotchi Connexion - Corner Shop (Europe) (En,Fr,De,Es,It)
AG8E	Tamagotchi Connection - Corner Shop 2 (USA)
AG8P	Tamagotchi Connexion - Corner Shop 2 (Europe) (En,Fr,De,Es,It)
AGCE	Apollo Justice - Ace Attorney (USA)
AGCP	Apollo Justice - Ace Attorney (Europe)
AGEE	GoldenEye - Rogue Agent (USA)
AGEP	GoldenEye - Rogue Agent (Europe)
AGFE	True Swing Golf (USA) (En,Ja,Fr,De,Es,It)
AGFP	Nintendo Touch Golf - Birdie Challenge (Europe) (En,Ja,Fr,De,Es,It)
AGLE	Point Blank DS (USA)
AGLP	Point Blank DS (Europe) (En,Fr,De,Es)
AGNE	Golden Nugget Casino DS (USA)
AGNP	Golden Nugget Casino DS (Europe) (En,Fr,De)
AGPE	Gunpey DS - Music x Puzzle (USA)
AGPP	Gunpey DS - Music x Puzzle (Europe) (En,Fr,De,Es,It)
AGQE	GoPets - Vacation Island! (USA)
AGRP	Guru Guru (Europe) (En,Fr,De,Es,It)
AGVE	Garfield - A Tail of Two Kitties (USA) (En,Fr,Es)
AGVP	Garfield 2 (Europe) (En,Fr,De,Es,It,Nl,Pt,Sv,No,Da,Fi)
AGWE	Freedom Wings (USA)
AGWP	Freedom Wings (Europe)
AGXE	Greg Hastings' Tournament Paintball Max'd (USA)
AGXP	Greg Hastings' Tournament Paintball Max'd (Europe)
AGYE	Phoenix Wright - Ace Attorney (USA)
AGYJ	Gyakuten Saiban - Yomigaeru Gyakuten (Japan) (En,Ja)
AGYP	Phoenix Wright - Ace Attorney (Europe) (En,Fr)
AH3E	Petz - Hamsterz Life 2 (USA)
AH3P	Hamsterz 2 (Europe)
AH3X	Hamsterz 2 (Europe) (En,Fr,De,Es,It,Nl) (Rev 1)
AH5E	Bee Movie Game (USA) (Video)
AH5P	Over the Hedge (Europe)
AH6E	Honeycomb Beat (USA)
AH6P	Honeycomb Beat (Europe) (En,Fr,De,Es,It)
AH8E	Bionicle Heroes (USA)
AH8P	Bionicle Heroes (Europe) (En,Fr,De,Es,It,Da)
AH9E	Tony Hawk's American Sk8land (USA)
AH9P	Tony Hawk's American Sk8land (Europe) (En,Fr,De,Es,It)
AHBE	4 Game Fun Pack - Monopoly + Boggle + Yahtzee + Battleship (USA)
AHBP	4 Game Fun Pack - Monopoly + Boggle + Yahtzee + Battleship (Europe)
AHDE	Jam Sessions - Sing and Play Guitar (USA) (En,Fr,De,Es,It,Nl)
AHDP	Jam Sessions - Sing & Play Guitar (Europe) (En,Fr,De,Es,It,Nl)
AHEE	Heroes of Mana (USA)
AHEP	Heroes of Mana (Europe)
AHFE	Happy Feet (USA) (En,Fr)
AHFP	Happy Feet (Europe) (En,Fr,De,Es,It)
AHHE	Hi Hi Puffy AmiYumi - The Genie & the Amp (USA)
AHHP	Hi Hi Puffy AmiYumi - The Genie & the Amp (Europe) (En,Fr,De,Es,It)
AHJE	Paws & Claws - Best Friends - Dogs & Cats (USA)
AHJP	Best Friends - Hunde & Katzen (Germany) (En,De)
AHJX	My Best Friends - Cats & Dogs (Europe) (En,Fr,De,Es,It)
AHJY	Best Friends - Mijn Honden en Katten (Netherlands) (En,Nl)
AHKE	Hoshigami - Ruining Blue Earth - Remix (USA)
AHKP	Hoshigami (Europe)
AHNE	Hannah Montana (USA)
AHNP	Hannah Montana (Europe) (En,Fr,De,Es,It,Nl)
AHPE	Harry Potter and the Goblet of Fire (USA) (En,Fr,De,Es,It)
AHPP	Harry Potter and the Goblet of Fire (Europe) (En,Fr,De,Es,It)
AHQE	Herbie - Rescue Rally (USA) (En,Fr,De,Es)
AHQP	Herbie - Rescue Rally (Europe) (En,Fr,De,Es)
AHRE	Fullmetal Alchemist - Dual Sympathy (USA)
AHRP	Fullmetal Alchemist - Dual Sympathy (Europe)
AHSE	Izuna - Legend of the Unemployed Ninja (USA)
AHSP	Izuna - The Legend of the Ninja (Europe) (En,Fr,It)
AHTP	Miss Spider's Sunny Patch Friends - Harvest Time Hop and Fly (Europe) (En,Fr,De,Es,It,Nl)
AHVE	Scurge - Hive (USA) (En,Fr,Es)
AHVP	Scurge - Hive (Europe) (En,Fr,De,Es,It)
AHXE	Harlem Globetrotters - World Tour (USA)
AHXP	Harlem Globetrotters - World Tour (Europe) (En,Fr,De,Es,It)
AHZE	Horsez (USA) (En,Fr,Es)
AHZH	Pippa Funnell (Europe) (En,Fr,De,Es,Nl)
AHZP	Pippa Funnell (Europe) (En,Fr,De,Es)
AI2E	High School Musical - Makin' the Cut! (USA) (En,Fr,De,Es,It)
AI2P	High School Musical - Makin' the Cut! (Europe) (En,Fr,De,Es,It)
AI3P	Pferd & Pony - Mein Gestuet (Europe) (En,De)
AI3W	Horse & Foal - My Riding Stables (Europe) (En,Sv,No,Da)
AI3X	Paard & Pony - Mijn Paardenstal (Netherlands) (En,Nl)
AI3Y	Horse & Foal - My Riding Stables (Europe) (En,Fr,De)
AI3Z	Horse & Foal - My Riding Stables (Europe) (En,Es,It)
AI8E	Brothers in Arms DS (USA) (En,Fr,Es)
AI8P	Brothers in Arms DS (Europe) (En,Fr,De,Es,It)
AIAE	Ice Age 2 - The Meltdown (USA)
AIAP	Ice Age 2 - The Meltdown (Europe) (En,Fr,De,Es,It,Nl)
AICE	Incredibles, The - Rise of the Underminer (USA)
AICP	Incredibles, The - Rise of the Underminer (Europe)
AICX	Incredibles, The - Rise of the Underminer (Europe) (En,Fr,De,Es,It)
AIOP	Make 10 - A Journey of Numbers (Europe) (En,Fr,De,Es,It)
AIPE	Barbie in the 12 Dancing Princesses (USA)
AIPP	Barbie in the 12 Dancing Princesses (Europe) (En,Fr,De,Es,It)
AISE	Space Invaders Revolution (USA) (En,Fr,De,Es,It)
AISP	Space Invaders Revolution (Europe) (En,Fr,De,Es,It)
AITE	Impossible Mission (USA)
AITP	Impossible Mission (Europe) (En,Fr,De,Es,It)
AIYE	InuYasha - Secret of the Divine Jewel (USA)
AIZE	Personal Trainer - Math (USA) (En,Fr,Es)
AIZP	Professor Kageyama's Maths Training - The Hundred Cell Calculation Method (Europe) (En,Fr,De,Es,It)
AJBE	Chibi-Robo! - Park Patrol (USA)
AJLE	Justice League Heroes (USA)
AJLP	Justice League Heroes (Europe) (En,Fr,De,Es,It)
AJNE	Master Jin Jin's IQ Challenge (USA)
AJNP	MinDStorm - Train Your Brain (Europe) (En,Fr,De,Es,It)
AJPE	James Pond - Codename Robocod (USA)
AJPP	James Pond - Codename Robocod (Europe) (En,Fr,De,Es,It)
AJQE	Master of Illusion (USA, Australia)
AJQP	Magic Made Fun - Perform Tricks That Will Amaze Your Friends! (Europe) (En,Fr,De,Es,It)
AJRE	Dragon Quest Monsters - Joker (USA)
AJRP	Dragon Quest Monsters - Joker (Europe) (En,Fr,De,Es,It)
AJTE	Tom and Jerry Tales (USA) (En,Fr,Es)
AJTP	Tom and Jerry Tales (Europe) (En,Fr,De,Es,It)
AK2E	LifeSigns - Surgical Unit (USA)
AK2X	LifeSigns - Hospital Affairs (Europe) (En,Fr,De,Es,It)
AK3E	Cookie & Cream (USA)
AK3P	Cookie & Cream (Europe) (En,Fr,De,Es,It)
AK5E	Curling DS (USA) (En,Fr)
AK6E	Kim Possible - Global Gemini (USA) (En,Fr)
AK6P	Kim Possible - Global Gemini (Europe) (En,Fr,De,Es,It)
AKAE	Rub Rabbits!, The (USA) (En,Ja,Fr,De,Es,It)
AKAP	Rub Rabbits!, The (Europe) (En,Ja,Fr,De,Es,It)
AKBE	Tank Beat (USA)
AKBP	Tank Battles (Europe) (En,Fr,De,Es,It)
AKDE	Trauma Center - Under the Knife (USA)
AKDP	Trauma Center - Under the Knife (Europe) (En,Fr,De,Es,It)
AKGE	Fossil League - Dino Tournament Championship (USA)
AKGP	Fossil League - Dino Tournament Championship (Europe)
AKKE	Dogz (USA)
AKKP	Dogz (United Kingdom)
AKKX	Dogz (Europe) (En,Fr,De,Es,It)
AKPE	Kim Possible - Kimmunicator (USA) (En,Fr)
AKPP	Kim Possible - Kimmunicator (Europe) (En,Fr,De,Es,It)
AKQE	Peter Jackson's King Kong - The Official Game of the Movie (USA) (En,Fr,De,Es,It,Nl,Sv,No,Da,Fi)
AKQP	Peter Jackson's King Kong - The Official Game of the Movie (Europe) (En,Fr,De,Es,It,Nl,Sv,No,Da,Fi) (Rev 1)
AKUE	Cartoon Network Racing (USA) (En,Fr,Es)
AKUP	Cartoon Network Racing (Europe) (En,Fr,De,Es,It,Sv,No,Da)
AKWE	Kirby - Squeak Squad (USA)
AKWP	Kirby - Mouse Attack (Europe) (En,Fr,De,Es,It)
AKYE	Etrian Odyssey (USA)
AKYP	Etrian Odyssey (Europe) (En,Fr,De,Es,It)
AL2E	Lost in Blue 2 (USA) (En,Ja,Fr,De,Es,It)
AL2P	Lost in Blue 2 (Europe) (En,Fr,De,Es,It)
AL3E	SpongeBob's Atlantis SquarePantis (USA)
AL3P	SpongeBob's Atlantis SquarePantis (Europe) (En,Fr)
AL4E	Prism - Light the Way (USA) (En,Fr,De,Es,It)
AL4P	Prism - Light the Way (Europe) (En,Fr,De,Es,It)
AL5E	Code Lyoko (USA) (En,Fr,Es)
AL5P	Code Lyoko (Europe) (En,Fr,Es,It)
AL6E	Major League Baseball 2K7 (USA)
AL7E	LEGO Star Wars II - The Original Trilogy (USA)
AL7J	LEGO Star Wars II - The Original Trilogy (Japan) (En,Ja)
AL7P	LEGO Star Wars II - The Original Trilogy (Europe) (En,Fr,De,Es,It,Da)
AL8E	Lara Croft Tomb Raider - Legend (USA) (En,Fr,De,Es,It)
AL8P	Lara Croft Tomb Raider - Legend (Europe) (En,Fr,De,Es,It)
AL9E	Fullmetal Alchemist - Trading Card Game (USA)
ALCP	Animaniacs - Lights, Camera, Action! (Europe) (En,Fr,De,Es,It)
ALDE	Tao's Adventure - Curse of the Demon Seal (USA)
ALDP	Tao's Adventure - Curse of the Demon Seal (Europe) (En,Fr,De,Es,It)
ALHE	Flushed Away (USA)
ALHP	Flushed Away (Europe)
ALJE	Pet Alien - An Intergalactic Puzzlepalooza (USA) (En,Fr,Es)
ALJP	Pet Alien (Europe) (En,Fr,De,Es,It)
ALKE	Lunar Knights (USA) (En,Es)
ALKP	Lunar Knights (Europe) (En,Fr,De,Es,It)
ALNE	Lunar - Dragon Song (USA)
ALPE	4 Game Pack! - Clue + Aggravation + Perfection + Mouse Trap (USA)
ALQP	Kakuromaniacs (Europe) (En,Fr,De,Es,It)
ALTE	Lionel Trains - On Track (USA)
ALTP	Lionel Trains - On Track (Europe) (En,Fr,De,Es,It)
ALUP	Lunar - Genesis (Europe)
ALVE	Hamsterz Life (USA)
ALVP	Hamsterz Life (Europe)
ALWE	Ratatouille (USA)
ALWP	Ratatouille (Europe) (En,Sv,No,Da)
ALWU	Ratatouille (Europe)
ALXE	Alex Rider - Stormbreaker (USA)
ALXP	Alex Rider - Stormbreaker (United Kingdom)
ALXX	Alex Rider - Stormbreaker (Europe) (En,Fr,De,Es)
ALYE	Looney Tunes - Duck Amuck (USA)
ALYP	Looney Tunes - Duck Amuck (United Kingdom)
AM6E	Madden NFL 06 (USA)
AM6P	Madden NFL 06 (Europe)
AM7E	QuickSpot (USA)
AM8E	Monster House (USA) (En,Fr)
AM8P	Monster House (United Kingdom)
AM8X	Monster House (Europe) (En,Fr,De,Es,It,Sv,Da)
AM9E	LostMagic (USA) (En,Fr,De,Es)
AM9P	LostMagic (Europe) (En,Fr,De,Es)
AMCE	Mario Kart DS (USA, Australia) (En,Fr,De,Es,It)
AMCP	Mario Kart DS (Europe) (En,Fr,De,Es,It)
AMDE	Madden NFL 2005 (USA)
AMFE	G6DS Real (World)
AMGE	Madagascar (USA)
AMGP	Madagascar (Europe)
AMHE	Metroid Prime - Hunters (USA) (Rev 1)
AMHP	Metroid Prime - Hunters (Europe) (En,Fr,De,Es,It)
AMLE	Marvel Trading Card Game (USA)
AMLP	Marvel Trading Card Game (Europe) (En,Fr,De,Es,It)
AMOE	Super Monkey Ball - Touch & Roll (USA) (En,Fr,De,Es,It)
AMOP	Super Monkey Ball - Touch & Roll (Europe) (En,Fr,De,Es,It)
AMPE	Mage Knight - Destiny's Soldier (USA)
AMQE	Mario vs. Donkey Kong 2 - March of the Minis (USA)
AMQP	Mario vs. Donkey Kong 2 - March of the Minis (Europe) (En,Fr,De,Es,It)
AMTE	Meteos (USA)
AMTP	Meteos (Europe) (En,Fr,De,Es,It)
AMUE	Big Mutha Truckers (USA)
AMUP	Big Mutha Truckers (Europe) (En,Fr,De,Es,It)
AMVE	Marvel Nemesis - Rise of the Imperfects (USA)
AMVP	Marvel Nemesis - Rise of the Imperfects (Europe) (En,Fr,De)
AMWE	Micro Machines V4 (USA)
AMWP	Micro Machines V4 (Europe) (En,Fr,De,Es,It)
AMXE	Monster Trucks DS (USA)
AMXP	Monster Trucks DS (Europe) (En,Fr,De)
AN4E	Naruto - Ninja Council 3 (USA)
AN4P	Naruto - Ninja Council - European Version (Europe) (En,Fr,De,Es,It)
AN6E	TMNT (USA) (En,Fr,De,Es,It)
AN6P	TMNT - Teenage Mutant Ninja Turtles (Europe) (En,Fr,De,Es,It,Nl)
AN7E	Need for Speed Carbon - Own the City (USA) (En,Fr,De,Es,It)
AN7P	Need for Speed Carbon - Own the City (Europe) (En,Fr,De,Es,It)
AN8E	Princess Natasha - Student, Secret Agent, Princess (USA)
AN8P	Princess Natasha - Student, Secret Agent, Princess (Europe) (En,Fr,De,Es,It)
AN9E	Little Mermaid, The - Ariel's Undersea Adventure (USA) (En,Fr,De,Es,It)
AN9P	Little Mermaid, The - Ariel's Undersea Adventure (Europe) (En,Fr,De,Es,It)
ANDE	Brain Age - Train Your Brain in Minutes a Day! (USA)
ANDP	Dr Kawashima's Brain Training - How Old Is Your Brain (Europe) (En,Fr,De,Es,It,Nl)
ANFE	Madden NFL 07 (USA)
ANFP	Madden NFL 07 (Europe)
ANIE	Luminous Arc (USA)
ANIP	Luminous Arc (Europe)
ANJE	Teenage Mutant Ninja Turtles 3 - Mutant Nightmare (USA)
ANJP	Teenage Mutant Ninja Turtles 3 - Mutant Nightmare (Europe) (En,Fr,De,Es,It)
ANKE	Rhythm 'n Notes - Improve Your Music Skills (USA)
ANKP	Rhythm 'n Notes (Europe) (En,Fr,Es,It)
ANLE	Nacho Libre (USA)
ANLP	Nacho Libre (Europe) (En,Fr,De)
ANME	Brain Age 2 - More Training in Minutes a Day! (USA) (En,Fr,Es)
ANMP	More Brain Training from Dr Kawashima - How Old Is Your Brain (Europe) (En,Fr,De,Es,It,Nl)
ANOE	Trace Memory (USA)
ANOP	Another Code - Two Memories (Europe) (En,Fr,De,Es,It)
ANPE	Danny Phantom - Urban Jungle (USA)
ANPP	Danny Phantom - Urban Jungle (Europe) (En,Fr,De,Es)
ANQE	Challenge Me - Brain Puzzles (USA)
ANQP	Challenge Me - Brain Puzzles (Europe) (En,Fr,De,Es,It)
ANRP	Naruto - Ninja Council 2 - European Version (Europe) (En,Fr,De,Es,It)
ANSE	Nanostray (USA)
ANSP	Nanostray (Europe) (En,Fr,De)
ANTE	Naruto - Path of the Ninja 2 (USA) (En,Fr)
ANUE	Nicktoons Unite! (USA)
ANUP	SpongeBob SquarePants and Friends Unite! (Europe) (En,Fr,De,Es,Nl)
ANWE	Need for Speed - Most Wanted (USA)
ANWP	Need for Speed - Most Wanted (Europe) (En,Fr,De,Es,It)
ANXE	Nanostray 2 (USA)
ANXP	Nanostray 2 (Europe) (En,Fr,De,Es,It)
ANYE	River King - Mystic Valley (USA)
ANYP	Harvest Fishing (Europe) (En,Fr,De,Es,It)
ANZE	New Zealand Story Revolution (USA) (En,Fr,Es)
ANZP	New Zealand Story Revolution (Europe) (En,Fr,De,Es,It)
AO3E	Pogo Island (USA)
AO3P	Pogo Island (Europe)
AO5P	Paint by DS - Military Vehicles (Europe) (En,Fr,De,Es,It)
AO6E	Ontamarama (USA)
AO8E	TouchMaster (USA)
AO8P	TouchMaster (Europe) (En,Fr,De,Es,It)
AOFP	Top Trumps - Horror & Predators (Europe) (En,Fr,De,Es,It)
AOGP	Best of Card Games DS (Europe) (En,Fr,De,Es,It,Nl)
AOJE	Touch Detective 2 1-2 (USA)
AOLP	Actua Pool (Europe) (En,De,Es,It)
AONP	Paint by DS (Europe) (En,Fr,De,Es,It)
AOPE	Underground Pool (USA)
AOQP	Top Trumps - Dogs & Dinosaurs (Europe) (En,Fr,De,Es,It)
AOSE	Elite Beat Agents (USA)
AOSP	Elite Beat Agents (Europe)
AOWE	Power Play Pool (USA)
AOWP	Power Play Pool (Europe) (En,Fr,De,Es,It)
AOXP	Asterix & Obelix XXL 2 - Mission Wifix (Europe) (En,Fr,De,Es,It,Nl)
AOYE	Cake Mania (USA)
AOYP	Cake Mania (Europe) (En,Fr,De,Es,It)
AOZE	Touch Detective (USA)
AOZP	Mystery Detective (Europe)
AP2E	Metroid Prime Pinball (USA)
AP2P	Metroid Prime Pinball (Europe) (En,Fr,De,Es,It)
APAE	Pokemon - Pearl Version (Europe) (Rev 5)
APCE	Pac-Pix (USA)
APCP	Pac-Pix (Europe) (En,Fr,De,Es,It)
APDE	Pokemon Dash (USA)
APDP	Pokemon Dash (Europe) (En,Fr,De,Es,It)
APGE	Top Gun (USA)
APGP	Top Gun (Europe)
APHE	Pokemon Mystery Dungeon - Blue Rescue Team (USA, Australia)
APHP	Pokemon Mystery Dungeon - Blue Rescue Team (Europe) (En,Fr,De,Es,It)
APLE	Magnetica (USA)
APLP	Actionloop (Europe) (En,Fr,De,Es,It)
APNE	Pac'n Roll (USA)
APNP	Pac'n Roll (Europe) (En,Fr,De,Es,It)
APPE	Ping Pals (USA)
APPP	Ping Pals (United Kingdom)
APRE	EZ-Flash V (World)
APRJ	Kimi no Tame Nara Shineru (Japan) (En,Ja)
APRP	Project Rub (Europe) (En,Ja,Fr,De,Es,It)
APTE	Pokemon Trozei! (USA)
APTP	Pokemon Link! (Europe) (En,Fr,De,Es,It)
APVE	Puchi Puchi Virus (USA)
APWE	Pac-Man World 3 (USA)
APWP	Pac-Man World 3 (Europe)
APYE	Puyo Pop Fever (USA) (En,Ja)
APYJ	Puyo Puyo Fever (Japan) (En,Ja)
APYP	Puyo Pop Fever (Europe) (En,Ja)
AQ2E	Paws & Claws - Pet Resort (USA)
AQ2P	Meine Tierpension 2 (Germany) (En,De)
AQ2W	My Pet Hotel 2 (Europe) (En,Sv,No,Da)
AQ2X	My Pet Hotel 2 (Europe) (En,It)
AQ2Z	Mijn Dierenpension 2 (Netherlands) (En,Nl)
AQ3E	Spider-Man 3 (USA)
AQ3P	Spider-Man 3 (United Kingdom)
AQ4E	SpongeBob SquarePants - Creature from the Krusty Krab (USA)
AQ4P	SpongeBob SquarePants - Creature from the Krusty Krab (Europe) (En,Fr,De,Nl)
AQ5E	Spelling Challenges and More! (USA)
AQ5P	Spellbound (Europe) (En,Fr,De,Es,It)
AQ7E	Fantasy Aquarium by DS (USA)
AQ7P	Fantasy Aquarium by DS (Europe) (En,Fr,De,Es,It)
AQ8E	Aquarium by DS (USA)
AQ8P	Aquarium by DS (Europe) (En,Fr,De,Es,It)
AQ9E	Purr Pals (USA)
AQ9P	Purr Pals (Europe) (En,Es,It)
AQ9X	Purr Pals (Europe) (En,Fr,De)
AQAE	Open Season (USA) (En,Fr,Es,Nl)
AQAP	Open Season (Europe) (En,Fr,Es,Nl)
AQAX	Open Season (Europe) (En,Fr,De,Es,It,Sv,No,Da,Fi)
AQBE	Kurupoto - Cool Cool Stars (USA)
AQBP	Starz (Europe) (En,Fr,Es,It)
AQEE	Professor Brainium's Games (USA)
AQEP	Professor Brainmaniac (Europe) (En,Fr,De,Es,It)
AQEX	Tele 7 Jeux Inedits - Professeur Brainmaniac (France) (En,Fr,De,Es,It)
AQIE	MySims (USA) (En,Fr,Es)
AQIJ	Boku to Sim no Machi - Resort ni Genki o Torimodosou! (Japan) (En,Ja)
AQIP	MySims (Europe) (En,Fr,De,Es,It,Nl)
AQJE	Crash of the Titans (USA)
AQJP	Crash of the Titans (Europe) (En,Fr,De,Es,It,Nl)
AQLE	March of the Penguins (USA)
AQLP	March of the Penguins (Europe) (En,Fr,De,Es,It)
AQME	Sudoku Mania - Enhance Your Critical Thinking Skills! (USA)
AQMP	Sudokumaniacs (Europe) (En,De,Es,It)
AQPE	Panzer Tactics DS (USA) (En,Fr,De,Es,It)
AQPP	Panzer Tactics DS (Europe) (En,Fr,De,Es,It)
AQQE	Turn It Around (USA)
AQQP	Turn It Around (Europe)
AQRF	Pawly Pets - My Pet Hotel (Europe) (En,Fr)
AQRP	Meine Tierpension (Germany) (En,De)
AQRX	Mijn Dierenpension (Netherlands) (En,Nl)
AQTE	Konductra (USA)
AQVE	Paws & Claws - Pet Vet (USA)
AQVP	Meine Tierarztpraxis (Germany) (En,De)
AQVW	Pawly Pets - My Vet Practice (Europe) (En,Es,It)
AQVX	Pawly Pets - My Vet Practice (Europe)
AQVY	Mijn Dierenpraktijk (Netherlands) (En,Nl)
AQVZ	Pawly Pets - My Vet Practice (Europe) (En,Fr,De)
AQWE	Puzzle Quest - Challenge of the Warlords (USA)
AQWP	Puzzle Quest - Challenge of the Warlords (Europe)
AQWX	Puzzle Quest - Challenge of the Warlords (Europe) (En,Fr,De,Es,It)
AR5E	Rayman - Raving Rabbids (USA) (En,Fr,Es)
AR5P	Rayman - Raving Rabbids (Europe) (En,Fr,De,Es,It,Nl)
AR6E	Challenge Me - Math Workout (USA)
AR6P	Challenge Me - Maths Workout (Europe) (En,Fr,De,Es,It)
AR7P	Kira Kira Pop Princess (Europe) (En,Fr,It)
ARAE	Rafa Nadal Tennis (USA) (En,Fr)
ARAP	Rafa Nadal Tennis (Europe) (En,Fr,De,Es,It)
ARBE	Robots (USA)
ARBP	Robots (Europe) (En,Fr,De,Es,It)
ARCE	Mini RC Rally (USA)
ARDE	American Dragon - Jake Long - Attack of the Dark Dragon (USA) (En,Fr,De,Es,It)
ARDP	American Dragon - Jake Long (Europe) (En,Fr,De,Es,It)
AREE	Naruto - Ninja Destiny (USA) (En,Fr)
AREP	Naruto - Ninja Destiny - European Version (Europe) (En,Fr,De,Es,It)
ARFE	Rune Factory - A Fantasy Harvest Moon (USA)
ARFP	Rune Factory - A Fantasy Harvest Moon (Europe) (En,Fr,De,Es,It)
ARGE	Pokemon Ranger (USA)
ARGP	Pokemon Ranger (Europe) (En,Fr,De,Es,It)
ARIE	Rainbow Islands Revolution (USA)
ARIP	Rainbow Islands Revolution (Europe)
ARME	Mario & Luigi - Partners in Time (USA)
ARMP	Mario & Luigi - Partners in Time (Europe) (En,Fr,De,Es,It)
ARNE	Meet the Robinsons (USA)
ARNP	Meet the Robinsons (Europe) (En,Fr,De,Es,It,Nl)
ARPE	Superman Returns (USA) (En,Fr,De,Es,It)
ARPP	Superman Returns (Europe) (En,Fr,De,Es,It)
ARRE	Ridge Racer DS (USA, Europe)
ARVE	That's So Raven - Psychic on the Scene (USA)
ARYE	Rayman DS (USA) (En,Fr,Es)
ARYP	Rayman DS (Europe) (En,Fr,De,Es,It)
ARZE	Mega Man ZX (USA)
ARZP	Mega Man ZX (Europe) (En,Ja,Fr,De,Es,It)
AS2E	Spider-Man 2 (USA)
AS2P	Spider-Man 2 (Europe)
AS2X	Spider-Man 2 (Europe) (En,Fr,De,Es,It)
AS3E	Shrek - Super Slam (USA)
AS3P	Shrek - Super Slam (Europe) (En,Fr,De,Es,It,Nl)
AS4E	Steel Horizon (USA)
AS4P	Steel Horizon (Europe) (En,Fr,De,Es,It)
AS5E	Strawberry Shortcake - Strawberryland Games (USA) (En,Fr,Es)
AS5P	Strawberry Shortcake - Strawberryland Games (Europe) (En,Fr,De,Es,No,Da)
AS7E	Summon Night - Twin Age (USA)
AS9E	SpongeBob SquarePants - The Yellow Avenger (USA)
AS9P	SpongeBob SquarePants - The Yellow Avenger (Europe)
AS9X	SpongeBob SquarePants - The Yellow Avenger (Europe) (En,Fr,De,Es,It,Nl)
ASBE	SBK - Snowboard Kids (USA)
ASBP	SBK - Snowboard Kids (Europe) (En,Fr,De)
ASCE	Sonic Rush (USA) (En,Ja,Fr,De,Es,It)
ASCJ	Sonic Rush (Japan) (En,Ja,Fr,De,Es,It)
ASCP	Sonic Rush (Europe) (En,Ja,Fr,De,Es,It)
ASDE	Scooby-Doo! - Unmasked (USA) (En,Fr)
ASDP	Scooby-Doo! - Unmasked (Europe) (En,Fr,Es,It)
ASEE	Children of Mana (USA, Australia)
ASEP	Children of Mana (Europe) (En,Fr,De,Es,It)
ASFE	Star Fox Command (USA, Australia)
ASFP	Star Fox Command (Europe) (En,Fr,De,Es,It)
ASHE	Asphalt - Urban GT (USA) (En,Fr,Es)
ASHP	Asphalt - Urban GT (Europe) (En,Fr,De,Es,It)
ASIE	Urbz, The - Sims in the City (USA)
ASIP	Urbz, The - Sims in the City (Europe) (En,Fr,De,Es,It)
ASJE	Sims 2, The (USA) (En,Fr,De,Es,It)
ASJP	Sims 2, The (Europe) (En,Fr,De,Es,It)
ASKE	Lost in Blue (USA)
ASKP	Lost in Blue (Europe) (En,Fr,De,Es,It)
ASLE	Suite Life of Zack & Cody, The - Tipton Trouble (USA) (En,Fr)
ASMA	Cartridge Construction Kit (World) (v1.22)
ASME	CycloDS Evolution (World) (v1.1)
ASMP	Super Mario 64 DS (Europe) (En,Fr,De,Es,It)
ASNE	Polarium (USA, Australia)
ASNP	Polarium (Europe) (En,Fr,De,Es,It)
ASPE	Super Princess Peach (USA)
ASPP	Super Princess Peach (Europe) (En,Fr,De,Es,It)
ASQE	Sudoku Gridmaster (USA)
ASQP	Sudoku Master (Europe) (En,Fr,De,Es,It,Nl)
ASSE	Spyro - Shadow Legacy (USA)
ASSP	Spyro - Shadow Legacy (Europe) (En,Fr,De,Es,It,Nl)
ASTE	Star Wars - Episode III - Revenge of the Sith (USA) (En,Fr,De,Es,It,Nl)
ASTP	Star Wars - Episode III - Revenge of the Sith (Europe) (En,Fr,De,Es,It,Nl)
ASUE	Spectrobes (USA) (En,Fr,De,Es,It)
ASUP	Spectrobes (Europe) (En,Fr,De,Es,It)
ASVE	Snood 2 - On Vacation (USA)
ASVP	Snood 2 - On Vacation (Europe) (En,Fr,De,Es,It)
ASWE	Real Time Conflict - Shogun Empires (USA)
ASZE	Miss Spider's Sunny Patch Friends - Harvest Time Hop and Fly (USA) (En,Fr,Es)
ATAE	Retro Atari Classics (USA, Europe)
ATCE	Tom Clancy's Splinter Cell - Chaos Theory (USA) (En,Fr,De,Es,It)
ATCP	Tom Clancy's Splinter Cell - Chaos Theory (Europe) (En,Fr,De,Es,It)
ATDE	Clubhouse Games (USA) (En,Fr,De,Es,It)
ATDP	42 All-Time Classics (Europe) (En,Fr,De,Es,It)
ATFP	Tootuff - Mission Nadia (Europe) (En,Fr,De,Es,It)
ATHE	Texas Hold 'em Poker DS (USA)
ATHP	Texas Hold 'em Poker DS (Europe) (En,Fr,De)
ATIE	Electroplankton (USA)
ATIP	Electroplankton (Europe) (En,Fr,De,Es,It)
ATJE	Star Trek - Tactical Assault (USA)
ATJP	Star Trek - Tactical Assault (Europe)
ATKE	Kirby - Canvas Curse (USA)
ATKP	Kirby - Power Paintbrush (Europe) (En,Fr,De,Es,It)
ATLE	Totally Spies! 2 - Undercover (USA) (En,Fr)
ATLP	Totally Spies! 2 - Undercover (Europe) (En,Fr,De,Es,It,Nl)
ATRE	Tetris DS (USA, Australia)
ATRP	Tetris DS (Europe) (En,Fr,De,Es,It)
ATVE	ATV Quad Frenzy (USA)
ATVP	ATV Quad Frenzy (Europe) (En,Fr,De)
ATWE	Tiger Woods PGA Tour (USA, Europe) (En,Fr,De)
ATXE	Texas Hold 'em Poker Pack (USA)
ATXP	Texas Hold 'em Poker Pack (Europe)
AU3E	Cheetah Girls, The - Pop Star Sensations (USA)
AU5E	Uno 52 (USA)
AU5P	Uno 52 (Europe) (En,Fr,De,Es,It)
AU6E	Platinum Sudoku (USA) (En,Fr,Es)
AU6P	Platinum Sudoku (Europe) (En,Fr,De,Es,It)
AU7E	Brain Assist (USA) (En,Fr,De,Es,It)
AU7P	Brain Assist (Europe) (En,Fr,De,Es,It)
AUFE	Pony Friends (USA) (En,Fr,De,Es,It,Nl)
AUFP	Pony Friends (Europe) (En,Fr,De,Es,It,Nl)
AUGE	Need for Speed - Underground 2 (USA) (En,Fr,De,Es,It)
AUGP	Need for Speed - Underground 2 (Europe) (En,Fr,De,Es,It)
AUIE	Brain Boost - Beta Wave (USA)
AUIP	Professor's Brain Trainer, The - Memory (Europe) (En,Fr,It)
AUJE	Indiana Jones and the Staff of Kings (USA) (En,Fr)
AUJP	Indiana Jones and the Staff of Kings (Europe) (En,Fr,De,Es,It)
AULE	Super Collapse! 3 (USA)
AUOE	3 Game Pack! - Uno + Skip-Bo + Uno Free Fall (USA)
AUOP	3 Game Pack! - Uno & Skip-Bo & Uno Free Fall (Europe) (En,Fr,De,Es,It)
AUSE	Ultimate Spider-Man (USA)
AUSP	Ultimate Spider-Man (Europe)
AUTE	Brain Boost - Gamma Wave (USA)
AUTP	Professor's Brain Trainer, The - Logic (Europe) (En,Fr,It)
AUZE	Settlers, The (USA) (En,Fr,De,Es,It)
AUZP	Settlers, The (Europe) (En,Fr,De,Es,It)
AV8E	Professional Fisherman's Tour - Northern Hemisphere (USA)
AVAE	Avatar - The Last Airbender (USA)
AVAP	Avatar - The Legend of Aang (Europe) (En,Fr,De,Nl)
AVBE	Suzuki Super-Bikes II - Riding Challenge (USA)
AVCE	Magical Starsign (USA)
AVCP	Magical Starsign (Europe) (En,Fr,De,Es,It)
AVDE	Bratz - Forever Diamondz (USA)
AVDP	Bratz - Forever Diamondz (United Kingdom)
AVEE	Vegas Casino (USA)
AVEP	Vegas Casino High 5! (Europe) (En,Fr,De,Es,It)
AVHE	Over the Hedge - Hammy Goes Nuts! (USA)
AVHP	Over the Hedge - Hammy Goes Nuts! (Europe)
AVIP	I Did It Mum! - Picture Book (Europe) (En,Fr,De,Es,It)
AVJE	Viewtiful Joe - Double Trouble! (USA)
AVJP	Viewtiful Joe - Double Trouble! (United Kingdom)
AVKE	Nicktoons - Battle for Volcano Island (USA)
AVKP	SpongeBob and Friends - Battle for Volcano Island (Europe) (En,Fr,De,Es,It,Nl)
AVQE	Biker Mice from Mars (USA) (En,Fr,Es)
AVQP	Biker Mice from Mars (Europe)
AVSE	SNK vs. Capcom - Card Fighters DS (USA)
AVSP	SNK vs. Capcom - Card Fighters DS (Europe) (En,Fr,De,Es,It)
AVWE	Miami Nights - Singles in the City (USA) (En,Fr,Es)
AVWP	Miami Nights - Singles in the City (Europe) (En,Fr,De,Es,It,Nl)
AVXE	Corvette Evolution GT (USA)
AVXP	Evolution GT (Europe) (En,Fr,De,Es,It)
AW2E	Worms - Open Warfare 2 (USA) (En,Fr)
AW2P	Worms - Open Warfare 2 (Europe) (En,Fr,De,Es,It)
AW3E	Pirates of the Caribbean - At World's End (USA) (En,Fr,De,Es,It,Nl)
AW3P	Pirates of the Caribbean - At World's End (Europe) (En,Fr,De,Es,It,Nl)
AW4E	Warhammer 40,000 - Squad Command (USA) (En,Fr)
AW4X	Warhammer 40,000 - Squad Command (Europe) (En,De)
AW4Y	Warhammer 40,000 - Squad Command (Europe) (En,Fr)
AW6P	Chronos Twin (Europe) (En,Fr,De,Es,It)
AW8E	WWE SmackDown vs Raw 2008 Featuring ECW (USA)
AW8P	WWE SmackDown vs Raw 2008 Featuring ECW (United Kingdom)
AW8X	WWE SmackDown vs Raw 2008 Featuring ECW (Europe) (En,De,Es,It)
AWAE	Wario - Master of Disguise (USA)
AWAP	Wario - Master of Disguise (Europe) (En,Fr,De,Es,It)
AWBE	Wiffle Ball (USA)
AWBP	Wiffle Ball (Europe) (En,Fr,De,Es,It)
AWCE	Drone Tactics (USA)
AWDE	Diddy Kong Racing DS (USA)
AWDP	Diddy Kong Racing DS (Europe) (En,Fr,De,Es,It)
AWEE	Winning Eleven - Pro Evolution Soccer 2007 (USA) (En,Es)
AWEP	Pro Evolution Soccer 6 (Europe) (En,Fr,De,Es,It) (Rev 1)
AWHE	Bubble Bobble - Double Shot (USA) (En,Fr,Es)
AWHP	Bubble Bobble - Double Shot (Europe) (En,Fr,De,Es,It)
AWIE	Hotel Dusk - Room 215 (USA)
AWIP	Hotel Dusk - Room 215 (Europe) (En,Fr,De,Es,It)
AWKE	Tony Hawk's Downhill Jam (USA)
AWKP	Tony Hawk's Downhill Jam (Europe) (En,Fr,De,Es,It)
AWLE	World Ends with You, The (USA)
AWLP	World Ends with You, The (Europe)
AWME	Whac-A-Mole (USA)
AWOE	Ben 10 - Protector of Earth (USA)
AWOP	Ben 10 - Protector of Earth (Europe)
AWOX	Ben 10 - Protector of Earth (Europe) (En,Fr,De,Es,It)
AWPE	World Championship Poker - Deluxe Series (USA)
AWPP	World Championship Poker - Deluxe Series (Europe)
AWQP	New Touch Party Game (Europe)
AWRE	Advance Wars - Dual Strike (USA, Australia)
AWRP	Advance Wars - Dual Strike (Europe) (En,Fr,De,Es,It)
AWSE	Worms - Open Warfare (USA)
AWSP	Worms - Open Warfare (Europe) (En,Fr,De,Es,It)
AWTE	Game & Watch Collection (USA, Europe) (Club Nintendo)
AWTJ	Game & Watch Collection (Japan) (En,Ja) (Club Nintendo)
AWUE	Star Wars - Lethal Alliance (USA) (En,Fr,De,Es,It)
AWUP	Star Wars - Lethal Alliance (Europe) (En,Fr,De,Es,It)
AWVE	Nervous Brickdown (USA) (En,Fr,De,Es,It)
AWVJ	Brickdown - Block Kuzushi no France Kakumei Yaa! (Japan) (En,Ja)
AWVP	Nervous Brickdown (Europe) (En,Fr,De,Es,It)
AWWE	Wild West, The (USA)
AWXE	Winx Club - Quest for the Codex (USA)
AWXP	Winx Club - Quest for the Codex (Europe) (En,Fr,De,Es,It)
AX2E	Sudokuro - Sudoku & Kakuro Games (USA)
AX2P	Sudokuro (Europe) (En,Fr,De,Es,It)
AX8E	Backyard Basketball (USA)
AXFE	Final Fantasy XII - Revenant Wings (USA)
AXFP	Final Fantasy XII - Revenant Wings (Europe) (En,Fr,De,Es,It)
AXJE	Dungeon Explorer - Warriors of Ancient Arts (USA)
AXJP	Dungeon Explorer (Europe) (En,Fr,De,Es,It)
AXLE	Xiaolin Showdown (USA)
AXLP	Xiaolin Showdown (Europe) (En,Fr,De,Es,It)
AXOP	Mahjong (Germany) (En,De)
AXOX	Mahjong (Europe) (En,Fr,De,Es,It)
AXOY	Eindeloos Mahjong (Netherlands) (En,Nl)
AXPE	Picross DS (USA) (En,Fr,Es)
AXPP	Picross DS (Europe) (En,Fr,De,Es,It)
AXTE	Powerplay Tennis (USA)
AXTP	Tennis Masters (Europe)
AXUE	Surf's Up (USA) (En,Fr,Es)
AXUP	Surf's Up (Europe) (En,Fr,Es)
AXUX	Surf's Up (Europe) (En,Fr,De,Es,It)
AXVE	Disney Friends (USA)
AXVP	Disney Friends (Europe)
AY3P	Yu-Gi-Oh! GX - Card Almanac (Europe) (En,Fr,De,Es,It)
AY5E	Let's Yoga! (USA) (En,Fr,De,Es,It)
AY5P	Let's Yoga! (Europe) (En,Fr,De,Es,It)
AY6E	Bangai-O Spirits (USA)
AY6P	Bangai-O Spirits (Europe)
AY7E	Yu-Gi-Oh! - World Championship 2007 (USA) (En,Ja)
AY7J	Yu-Gi-Oh! Duel Monsters - World Championship 2007 (Japan) (En,Ja,Fr,De,Es,It)
AY7P	Yu-Gi-Oh! - World Championship 2007 (Europe) (En,Ja,Fr,De,Es,It)
AY8E	Backyard Hockey (USA)
AY9E	Mario & Sonic at the Olympic Games (USA) (En,Fr,De,Es,It)
AY9P	Mario & Sonic at the Olympic Games (Europe) (En,Fr,De,Es,It)
AYAE	Big Brain Academy (USA, Australia)
AYAP	Big Brain Academy (Europe) (En,Fr,De,Es,It,Nl)
AYGE	Yu-Gi-Oh! - Nightmare Troubadour (USA)
AYGP	Yu-Gi-Oh! - Nightmare Troubadour (Europe) (En,Fr,De,Es,It)
AYIE	Yoshi Touch & Go (USA, Australia)
AYIP	Yoshi Touch & Go (Europe) (En,Fr,De,Es,It)
AYLP	Fee Lili-Rose, La - La Magie des Fees (Europe) (En,Fr,De)
AYQE	Toon-Doku - Sudoku with Pictures! (USA)
AYQP	Toon-Doku - Sudoku with Pictures! (Europe) (En,Fr,De,Es,It)
AYRP	Indoor Sports Club (Europe) (En,Fr,De,Es,It)
AYSP	Ys Strategy (Europe)
AYWE	Yoshi's Island DS (USA)
AYWP	Yoshi's Island DS (Europe) (En,Fr,De,Es,It)
AYXE	Yu-Gi-Oh! GX - Spirit Caller (USA) (En,Ja)
AYXJ	Yu-Gi-Oh! Duel Monsters GX - Spirit Summoner (Japan) (En,Ja)
AYXP	Yu-Gi-Oh! GX - Spirit Caller (Europe) (En,Ja,Fr,De,Es,It)
AYYE	New York Times Crosswords, The (USA)
AYYP	New York Times Crosswords, The (Europe)
AZ6P	Beetle King (Europe)
AZBP	Billiard Action (Europe)
AZDE	Legend of Zelda, The - Twilight Princess - Preview Trailer (USA) (Promo)
AZEE	Legend of Zelda, The - Phantom Hourglass (USA) (En,Fr,Es)
AZEP	Legend of Zelda, The - Phantom Hourglass (Europe) (En,Fr,De,Es,It)
AZIP	Essential Sudoku DS (Europe)
AZKE	Zoo Keeper (USA)
AZKP	Zoo Keeper (Europe) (En,Fr,De,Es,It)
AZLE	Style Savvy (USA)
AZLP	Nintendo Presents - Style Boutique (Europe) (En,Fr,De,Es,It) (Rev 1)
AZNE	Zendoku (USA) (En,Fr,De,Es,It)
AZPP	Party Carnival (Europe)
AZQP	Zendoku (Europe) (En,Fr,De,Es,It)
AZTE	Zoo Tycoon DS (USA)
AZTP	Zoo Tycoon DS (United Kingdom)
AZTX	Zoo Tycoon DS (Europe) (En,Fr)
AZVE	Break 'em All (USA)
AZVP	Brick 'em All DS (Europe)
AZWE	WarioWare - Touched! (USA)
AZWP	WarioWare - Touched! (Europe) (En,Fr,De,Es,It)
AZYE	My Word Coach - Improve Your Vocabulary (USA)
AZYP	My Word Coach - Develop Your Vocabulary (Europe)
B24P	Timmy Time (Europe)
B24X	Timmy Time (Europe) (En,Fr,De,Nl)
B26P	Phil Taylor's Power Play Darts (Europe) (Rev 1)
B27P	Fifi and the Flowertots - Fifi's Garden Party (Europe)
B28P	Mystery Tales 2 - The Spirit Mask (Europe) (En,Fr,De,Es,Nl)
B2DP	Doctor Who - Evacuation Earth (Europe)
B2EE	Junior Brain Trainer - Math Edition (USA)
B2EP	Junior Brain Trainer - Maths Edition (Europe)
B2FE	Florist Shop (USA)
B2IE	Iron Man 2 (USA) (En,Fr,Es)
B2IP	Iron Man 2 - The Video Game (Europe) (En,Fr,De,Es,It)
B2LP	Tropical Lost Island (Europe) (En,De,Nl)
B2MP	Naraba's World - Labyrinth of Light (Europe) (En,Fr,De,Es)
B2NE	101 in 1 Sports Megamix (USA) (En,Fr,Es)
B2NP	101 in 1 Sports Megamix (Europe) (En,Fr,De,Es,It,Nl)
B2SE	Star Wars - The Force Unleashed II (USA) (En,Fr,De,Es,It)
B2SP	Star Wars - The Force Unleashed II (Europe) (En,Fr,De,Es,It)
B2UE	Sports Collection (USA) (En,Fr)
B2UP	Sports Collection (Europe) (En,Fr,De,It)
B2VE	Calvin Tucker's Redneck - Farm Animal Racing Tournament (USA) (En,Fr,De,Es,It)
B2XE	Bejeweled 3 (USA)
B2XP	Bejeweled 3 (Europe) (En,Fr,De)
B2ZP	Noddy in Toyland (Europe)
B2ZX	Noddy in Toyland (Europe) (En,Fr)
B38E	Jewel Master Collection (USA) (En,Fr,Es)
B38P	3 Game Pack! - Cradle of Rome + Cradle of Athena + Cradle of Egypt (Europe) (En,Fr,De,Es,It,Nl)
B3AP	Mysterious Adventures in the Caribbean (Europe) (En,De,Nl)
B3BE	Batman - The Brave and the Bold - The Videogame (USA) (En,Fr,Es)
B3BP	Batman - The Brave and the Bold - The Videogame (Europe) (En,Fr,De,Es,It,Nl)
B3CE	Cooking Mama 3 - Shop & Chop (USA)
B3CP	Cooking Mama 3 (Europe) (En,Fr,De,Es,It)
B3CX	Cooking Mama 3 (Europe) (En,Sv,No,Da,Fi)
B3FP	Fireman Sam (Europe)
B3JE	DJ Star (USA) (En,Fr,Es)
B3KE	Kung Zhu (USA)
B3KP	Kung Zhu (Europe)
B3ME	Cake Mania 3 (USA)
B3NE	Power Rangers - Samurai (USA) (En,Fr,Es)
B3NP	Power Rangers - Samurai (Europe) (En,Fr,De,Es,It)
B3PE	Spider-Man - Shattered Dimensions (USA) (En,Fr)
B3PP	Spider-Man - Shattered Dimensions (Europe) (En,Fr,De,Es,It)
B3QP	Logic Cubes (Europe) (En,De)
B3RE	Pokemon Ranger - Guardian Signs (USA, Australia)
B3RP	Pokemon Ranger - Guardian Signs (Europe) (En,Fr,De,Es,It)
B3UE	Petz - Nursery 2 (USA) (En,Fr,Es)
B3UP	Petz - Playschool (Europe) (En,Fr,De,Es,It)
B3VE	Vampire Moon - The Mystery of the Hidden Sun (USA) (En,Fr,Es)
B3VP	Vampire Moon - The Mystery of the Hidden Sun (Europe) (En,Fr,De,Es,It,Nl)
B3WE	My Baby 3 & Friends (USA) (En,Fr,Es)
B3XE	River City - Soccer Hooligans (USA)
B3YE	Loving Life with Hello Kitty & Friends (USA)
B3YP	Loving Life with Hello Kitty & Friends (Europe) (En,Fr,De,Es,It,Nl)
B46E	Sherlock Holmes and the Mystery of Osborne House (USA) (En,Fr,Es)
B46P	Sherlock Holmes DS and the Mystery of Osborne House (Europe) (En,Fr,De,Es,It,Nl)
B47E	Wappy Dog (USA) (En,Fr)
B47P	Wappy Dog (Europe) (En,Fr,De,Es,It)
B49P	Captain Sabertooth and the Trials by Fire (Europe)
B4BE	Bakugan - Defenders of the Core (USA) (En,Fr)
B4BP	Bakugan - Defenders of the Core (Europe) (En,Fr,De,Es,It,Nl,Sv)
B4DE	Dora's Big Birthday Adventure (USA)
B4DP	Dora's Big Birthday Adventure (Europe) (En,Fr,Nl)
B4DX	Dora's Big Birthday Adventure (Canada) (En,Fr,Nl)
B4DY	Dora's Big Birthday Adventure (Europe) (En,Fr,Es,Nl)
B4EE	Gem Quest - 4 Elements (USA) (En,Fr)
B4EP	4 Elements (Europe)
B4HE	Max & the Magic Marker (USA) (En,Fr,De,Es,Nl)
B4HP	Max & the Magic Marker (Europe) (En,Fr,De,Es,Nl)
B4JE	Jewel Time Deluxe (USA) (En,Fr)
B4JP	Jewel Time Deluxe (Europe) (En,Fr,De,Es,It)
B4ME	Midnight Mysteries - The Edgar Allan Poe Conspiracy (USA)
B4MX	Midnight Mysteries - The Edgar Allan Poe Conspiracy (Europe) (En,Fr,Nl) (Rev 1)
B4OP	Eggheads (Europe)
B4RE	Rapala Pro Bass Fishing (USA)
B4TE	Tetris Party Deluxe (USA) (En,Fr,Es)
B4TP	Tetris Party Deluxe (Europe) (En,Fr,De,Es,It)
B4ZP	Naraba's World - The Mysterious Palace (Europe) (En,Fr,De,Es)
B52E	Lalaloopsy (USA) (En,Fr)
B52P	Lalaloopsy (Europe) (En,Fr,De,Es,It)
B55E	Nickelodeon Team - Umizoomi (USA)
B55P	Nickelodeon Team - Umizoomi (Europe)
B57E	Top Trumps - NBA All Stars (USA)
B58E	Dora & Kai-Lan's Pet Shelter (USA)
B58L	Dora & Kai-Lan's Pet Shelter (Canada) (En,Fr)
B58P	Dora & Friends' - Pet Shelter (Europe) (En,Fr,Es,Nl)
B5AP	Mah-Jong 300 (Europe) (En,Fr,Es,It)
B5BE	Call of Duty - Modern Warfare 3 - Defiance (USA)
B5BP	Call of Duty - Modern Warfare 3 - Defiance (United Kingdom)
B5CE	Dora's Cooking Club (USA)
B5CX	Dora's Cooking Club (Canada) (En,Fr,Nl)
B5HE	Pillow Pets (USA)
B5JE	ZhuZhu Babies (USA) (En,Fr)
B5JP	ZhuZhu Babies (Europe) (En,Fr,De,Es,It,Nl,Sv)
B5ME	Mysterious Case of Dr. Jekyll & Mr. Hyde, The (USA)
B5NE	Touch 'N' Play Collection (USA) (En,Fr,Es)
B5NP	Touch 'N' Play Collection (Europe) (En,Fr,De,Es,It)
B5OE	50 More Classic Games (USA)
B5RE	Rock Band 3 (USA) (En,Fr,De,Es,It)
B5RP	Rock Band 3 (Europe) (En,Fr,De,Es,It)
B5TE	Puzzle Time (USA)
B5UE	Cake Mania - Main Street (USA)
B5VE	Phineas and Ferb - Across the 2nd Dimension (USA) (En,Fr,Es)
B5XP	Cornelsen Trainer - Mathe - Klasse 5 + 6 (Europe) (En,De)
B5YP	Jewel Link Mysteries - Mountains of Madness (Europe) (En,Fr,Es,It)
B5ZE	Zhu Zhu Pets - Quest for Zhu (USA) (En,Fr)
B5ZP	Zhu Zhu Pets - Quest for Zhu (Europe) (En,Fr,Sv)
B66E	Moshi Monsters - Moshling Zoo (USA)
B66P	Moshi Monsters - Moshling Zoo (Europe)
B68P	Little Charley Bear - Toybox of Fun (Europe)
B69P	Marie-Antoinette and the Disciples of Loki (Europe) (En,Fr,De)
B6AE	Gremlins - Gizmo (USA) (En,Fr,Es,Pt)
B6BE	SpongeBob's Surf & Skate - Roadtrip (USA) (En,Fr,Es)
B6BP	SpongeBob's Surf & Skate - Roadtrip (Europe) (En,Fr,De,Es,Nl)
B6CE	Cosmos Chaos (USA)
B6EE	Victorious - Hollywood Arts Debut (USA) (En,Fr,De,Es,It)
B6EP	Victorious - Hollywood Arts Debut (Europe) (En,Fr,De,Es,It)
B6FE	LEGO Batman 2 - DC Super Heroes (USA) (En,Fr,Es,Pt)
B6FL	LEGO Batman 2 - DC Super Heroes (Canada) (En,Fr)
B6FP	LEGO Batman 2 - DC Super Heroes (Europe) (En,Fr,De,Es,It,Nl,Da)
B6FX	LEGO Batman 2 - DC Super Heroes (Europe) (En,Fr)
B6FY	LEGO Batman 2 - DC Super Heroes (Europe) (En,De)
B6GE	Diego's Build and Rescue (USA)
B6GP	Diego's Build and Rescue (Europe) (En,Fr,Nl)
B6IE	Disney Princess - Enchanting Storybooks (USA) (En,Fr)
B6IP	Disney Princess - Enchanting Storybooks (Europe) (En,Fr,Nl)
B6JE	Jewel Master - Cradle of Rome 2 (USA) (En,Fr,Es)
B6JP	Jewel Master - Cradle of Rome 2 (Europe) (En,Fr,De,Es,It,Nl)
B6JZ	Cradle of Rome 2 (Europe) (En,Fr,Es,It)
B6KP	Tinker Bell + Tinker Bell and the Lost Treasure (Europe) (En,Fr,De,Es,It,Nl)
B6LE	Sesame Street - Elmo's Musical Monsterpiece (USA) (En,Es)
B6NP	Treasures of Montezuma 2, The (Europe) (En,Fr,De,Nl)
B6OE	Cars - Race-O-Rama (USA) (En,Fr)
B6OP	Cars - Race-O-Rama (Europe) (En,Es,It)
B6QP	Jewel Link - Atlantic Quest (Europe)
B6RE	Bakugan - Battle Brawlers (USA) (En,Fr)
B6RP	Bakugan - Battle Brawlers (Europe) (En,Fr,De,Es,It,Nl,Sv) (B6RP)
B6RX	Bakugan - Battle Brawlers (USA) (En,Fr) (Toys'R'Us)
B6RZ	Bakugan - Battle Brawlers (Europe) (En,Fr,De,Es,It,Nl,Sv) (Toys'R'Us)
B6SE	Puss in Boots (USA) (En,Fr,Es)
B6SP	Puss in Boots (Europe) (En,Fr,De,Es,It,Nl)
B6TE	Tangled (USA) (En,Fr,Es)
B6TP	Tangled (Europe) (En,Fr,De,Es,It,Nl)
B6TX	Tangled (Europe) (En,Sv,No,Da)
B6VE	DaGeDar (USA)
B6WE	DreamWorks 2-in-1 Party Pack (USA) (En,Fr)
B6ZE	Mega Man Zero Collection (USA)
B6ZP	Mega Man Zero Collection (Europe)
B76E	Ben 10 - Galactic Racing (USA) (En,Fr,De,Es,It)
B76P	Ben 10 - Galactic Racing (Europe) (En,Fr,De,Es,It)
B79P	Aliens - Infestation (Europe) (En,Fr,De)
B7AP	Bandz Mania (Europe) (En,Fr,De)
B7CP	Card Games - The Classics (Europe) (En,Fr,De,Es,It)
B7EE	I Spy - Castle (USA)
B7FE	Magic School Bus, The - Oceans (USA)
B7GP	7 Wonders - Treasures of Seven (Europe)
B7HE	Harry Potter and the Deathly Hallows - Part 1 (USA) (En,Fr,Es)
B7HP	Harry Potter and the Deathly Hallows - Part 1 (Europe) (En,Fr,De,Es,It)
B7IP	Chainz Galaxy (Europe)
B7JP	Vicky the Viking - Part 2 (Europe) (En,Fr,De,Nl)
B7LE	Solitaire Overload Plus (USA) (En,Fr,Es)
B7LP	3 in 1 - Solitaire, Mahjong & Tangram (Europe) (En,Fr,De,Es,It)
B7ME	Who Wants to Be a Millionaire (USA)
B7NE	Ben 10 - Triple Pack (USA) (En,Fr,De,Es,It)
B7NP	Ben 10 - Triple Pack (Europe) (En,Fr,De,Es,It)
B7VE	7 Wonders - Treasures of Seven (USA)
B7WE	7 Wonders II (USA)
B7WP	7 Wonders II (Europe)
B7WX	7 Wonders II (Europe) (En,Fr)
B7YE	Spy Kids - All the Time in the World (USA)
B7ZE	Alvin and the Chipmunks - Chipwrecked (USA) (En,Fr)
B7ZP	Alvin and the Chipmunks - Chipwrecked (Europe)
B82P	Heroes of Hellas 2 - Olympia (Europe) (En,Fr,De,Nl)
B83E	LEGO Harry Potter - Years 5-7 (USA) (En,Fr,Es)
B83P	LEGO Harry Potter - Years 5-7 (Europe) (En,Fr,De,Es,It,Nl,Da)
B84E	Nicktoons MLB (USA)
B85D	Christiane Stengers Gedaechtnis-Coach (Europe) (En,Fr,De,Es,It)
B86E	Jewels of the Ages (USA) (En,Fr,Es)
B86P	Jewels of the Ages (Europe) (En,Fr,De,Es,It,Nl)
B8AP	Animal World - Big Cats (Europe) (En,Fr,De,Es,It)
B8BP	Oktoberfest - The Official Game (Europe) (En,Fr,De,Es,It)
B8HE	May's Mystery - Forbidden Memories (USA)
B8HP	May's Mysteries - The Secret of Dragonville (Europe) (B8HP)
B8HX	May's Mysteries - The Secret of Dragonville (Europe) (B8HX)
B8IE	Spider-Man - Edge of Time (USA) (En,Fr)
B8IP	Spider-Man - Edge of Time (Europe) (En,Fr,De,Es,It)
B8KE	1001 Touch Games (USA)
B8KP	1001 Touch Games (Europe)
B8KX	1001 Touch Games (Europe) (En,Fr,It,Nl)
B8NP	Joan Jade and the Gates of Xibalba (Europe) (En,Fr,De,Nl)
B8OE	Deer Drive (USA) (En,Fr,Es)
B8QP	Challenge Me Kids - Brain Games (Europe) (En,Fr,De,Es,It)
B8SE	Backyard Sports - Rookie Rush (USA)
B8UP	Jewel Match 2 (Europe) (En,Fr,De,Nl)
B8YP	Settlement Colossus (Europe) (En,Fr,De,Nl)
B8ZP	Farm Frenzy 3 (Europe) (En,Fr,De,Nl)
BA2E	Animal Planet - Vet Collection (USA)
BA3P	Top Agents (Europe) (En,Fr,De,Es,It)
BA5P	Marie-Antoinette and the American War of Independence - Episode 1 - The Brotherhood of the Wolf (Europe) (En,Fr,De,Es,It)
BA8E	Astro Invaders (USA) (En,Fr,Es)
BABP	My Animal Centre - Baby Animals (Europe) (En,Fr,De,Es,It)
BAGE	Agatha Christie - The ABC Murders (USA) (En,Fr,Es)
BAGP	Agatha Christie - The ABC Murders (Europe) (En,Fr,De,Es,It)
BAGX	Agatha Christie - The ABC Murders (Europe) (En,Fr,De,Es,Nl)
BAHE	Bachelor, The - The Videogame (USA) (En,Fr,Es)
BAJE	My Amusement Park (USA)
BAMP	Arthur and the Revenge of Maltazard (Europe) (En,Fr,De,Es,It,Nl)
BANP	Ant Nation (Europe) (En,Fr,De,Es,It)
BAOE	Transformers - War for Cybertron - Autobots (USA) (En,Fr)
BAOP	Transformers - War for Cybertron - Autobots (Europe) (En,Fr)
BATE	Imagine - Salon Stylist (USA) (En,Fr,Es)
BATP	Imagine - Beauty Stylist (Europe) (En,Fr,De,Es,It,Nl,Sv,No,Da)
BAVE	Alvin and the Chipmunks - The Squeakquel (USA)
BAVX	Alvin and the Chipmunks - The Squeakquel (Europe) (En,Fr,De)
BAWP	Animal World - Dinosaurs (Europe) (En,Fr,De,Es,It)
BAXP	Asterix - These Romans Are Crazy! (Europe) (En,Fr,De,It,Nl)
BB2E	My Baby - First Steps (USA) (En,Fr,Es)
BB2P	My Baby 2 - Boy & Girl (Europe) (En,Fr,De,Es,It,Nl)
BB3E	Barbie and the Three Musketeers (USA) (En,Fr)
BB3P	Barbie and the Three Musketeers (Europe) (En,Fr)
BB5P	50 Classic Games (Europe) (En,Fr,De,Es,It,Nl)
BB7E	Barbie - Groom and Glam Pups (USA) (En,Fr)
BB7P	Barbie - Groom and Glam Pups (Europe) (En,Fr,De,Es,It,Nl)
BB7X	Barbie - Groom and Glam Pups (Brazil) (En,Es,Pt)
BB8E	Little League World Series Baseball - Double Play (USA)
BB9E	Ben 10 - Ultimate Alien - Cosmic Destruction (USA) (En,Fr,De,Es,It)
BB9P	Ben 10 - Ultimate Alien - Cosmic Destruction (Europe) (En,Fr,De,Es,It)
BBAE	Backyard Sports - Sandlot Sluggers (USA)
BBFD	Englisch Entdecken Mit Ben & Bella (Germany) (En)
BBKE	Bakugan - Battle Brawlers - Battle Trainer (USA)
BBKP	Bakugan - Battle Brawlers - Battle Trainer (Europe) (En,Fr,De,Es,It,Nl,Sv)
BBLE	Let's Play Ballerina (USA) (En,Fr,Es)
BBLP	Ballerina (Europe) (En,Fr,De,Es,It,Nl)
BBME	Busy Scissors (USA) (En,Fr,Es)
BBMP	Busy Scissors (Europe) (En,Fr,De,Es,It)
BBQE	Junior Classic Books & Fairytales (USA)
BBQP	Junior Classic Books (Europe)
BBRP	Blur (Europe) (En,Fr,De,Es,It) (Proto)
BBSE	Dream Salon (USA)
BBUE	Beyblade - Metal Fusion (USA) (En,Fr,Es)
BBUP	Beyblade - Metal Fusion - Cyber Pegasus (Europe) (En,Fr,De,Es,It)
BBUX	Beyblade - Metal Fusion (USA) (En,Fr,Es) (Toys'R'Us Exclusive)
BBUY	Beyblade - Metal Fusion (USA) (En,Fr,Es) (Collector's Edition)
BBUZ	Beyblade - Metal Fusion (USA) (En,Fr,Es) (Walmart Exclusive)
BBVE	Challenge Me - Brain Puzzles 2 (USA) (En,Fr,Es)
BBVP	Challenge Me - Brain Puzzles 2 (Europe) (En,Fr,De,Es,It)
BBXE	Junior Brain Trainer 2 (USA) (En,Fr,De,Es,It)
BBXP	Junior Brain Trainer 2 (Europe) (En,Fr,De,Es,It)
BBYE	Backyardigans, The (USA)
BBYP	Backyardigans, The (Europe)
BBZE	Burger Bot (USA)
BC3P	Countdown - The Game (Europe)
BC5P	My Baby 3 & Friends (Europe) (En,Fr,De,Es,It,Nl,Pt)
BC7E	Chuck E. Cheese's Playhouse (USA)
BC8E	Chuck E. Cheese's Party Games (USA)
BCAP	Carcassonne (Europe) (En,Fr,De,It)
BCCP	Crazy Circus (Europe) (En,Fr,De,Es,It)
BCEP	Freddie Flintoff's Power Play Cricket (Europe)
BCEU	Shane Watson's Power Play Cricket 2011 (Australia)
BCFP	Let's Play Flight Attendant (Europe) (En,Fr,De,Es,It)
BCGE	Charm Girls Club - My Fashion Mall (USA) (En,Fr,Es)
BCGX	Charm Girls Club - My Fashion Mall (Europe) (En,Fr,Es)
BCHE	Chicken Blaster (USA) (En,Fr,Es)
BCHP	Chicken Blaster (Europe) (En,Fr,De,Es,It)
BCIE	CSI - Crime Scene Investigation - Deadly Intent - The Hidden Cases (USA) (En,Fr,Es)
BCIP	CSI - Crime Scene Investigation - Deadly Intent - The Hidden Cases (Europe) (En,Fr,De,Es,It)
BCLE	Sideswiped (USA)
BCME	Chronicles of Mystery - Curse of the Ancient Temple (USA) (En,Fr,Es)
BCMP	Chronicles of Mystery - Curse of the Ancient Temple (Europe) (En,Fr,De,Es,It)
BCOP	I'm a Celebrity - Get Me Out of Here! (Europe)
BCPE	Charm Girls Club - My Perfect Prom (USA) (En,Fr,Es)
BCPX	Charm Girls Club - My Perfect Prom (Europe) (En,Fr,Es)
BCQE	My Pet Chimp (USA)
BCSE	Charm Girls Club - My Fashion Show (USA) (En,Fr,Es)
BCSX	Charm Girls Club - My Fashion Show (Europe) (En,Fr,Es)
BCUE	Chuck E. Cheese's Gameroom (USA)
BCZP	Cruise Line Tycoon (Europe) (En,Fr,De,Es,It,Nl)
BD2E	Deca Sports DS (USA) (En,Fr,Es)
BD2P	Sports Island DS (Europe) (En,Fr,De,Es,It)
BD3E	Cats & Dogs - The Revenge of Kitty Galore (USA) (En,Fr,Es)
BD3P	Cats & Dogs - The Revenge of Kitty Galore - The Videogame (Europe) (En,Fr,De,Es,It,Nl)
BD7E	Digging for Dinosaurs (USA)
BD9P	Diddl Puzzle - Echter Puzzlespass fuer Unterwegs (Europe) (En,Fr,De,Es,It)
BDAE	Daring Game for Girls, The (USA)
BDBE	Dragon Ball - Origins 2 (USA) (En,Fr,Es)
BDBP	Dragon Ball - Origins 2 (Europe) (En,Fr,De,Es,It)
BDCE	Dream Dancer (USA)
BDDP	Dodge Racing - Charger vs Challenger (Europe) (En,Fr,De,Es,It)
BDEE	Dementium II (USA) (En,Fr,De,Es,It)
BDEP	Dementium II (Europe) (En,Fr,De,Es,It)
BDIE	Transformers - War for Cybertron - Decepticons (USA) (En,Fr)
BDIP	Transformers - War for Cybertron - Decepticons (Europe) (En,Fr)
BDJE	My Baby - Girl (USA) (En,Fr,Es) (Majesco)
BDLE	Don Bluth Presents - Dragon's Lair (USA)
BDMP	Dragon Master (Europe) (En,Fr,De,Es,It)
BDPE	Dora Puppy (USA)
BDPL	Dora Puppy (Canada) (En,Fr)
BDPP	Dora the Explorer - Dora Puppy (Europe)
BDPX	Dora the Explorer - Dora Puppy (Europe) (En,Fr,Nl)
BDPY	Dora the Explorer - Dora Puppy (Europe) (En,Fr,Es,Nl)
BDRE	Drawn to Life - The Next Chapter (USA) (En,Fr)
BDRP	Drawn to Life - The Next Chapter (Europe) (En,Fr,De,Es,It,Nl)
BDUE	C.O.P. - The Recruit (USA) (En,Fr,De,Es,It)
BDUP	C.O.P. - The Recruit (Europe) (En,Fr,De,Es,It)
BDVE	Imagine - Detective (USA) (En,Fr,De,Es,It,Nl,Sv,No,Da)
BDVP	Imagine - Detective Adventures (Europe) (En,Fr,De,Es,It,Nl,Sv,No,Da)
BDWE	Despicable Me - The Game - Minion Mayhem (USA) (En,Fr,De,Es,It)
BDWP	Despicable Me - Minion Mayhem (Europe) (En,Fr,De,Es,It,Sv,No,Da,Fi)
BDYE	Call of Duty - Black Ops (USA)
BDYP	Call of Duty - Black Ops (United Kingdom)
BDZE	Petz - Dogz Talent Show (USA) (En,Fr,De,Es,It)
BDZP	Petz - Dog Superstar (Europe) (En,Fr,De,Es,It)
BE2E	Shepherd's Crossing 2 DS (USA)
BE3P	Escape the Museum (Europe) (En,Fr,It)
BE3X	Escape the Museum (Europe) (En,Fr,Nl)
BE6E	Ben 10 - Alien Force - Vilgax Attacks (USA) (En,Fr,De,Es,It)
BE6P	Ben 10 - Alien Force - Vilgax Attacks (Europe) (En,Fr,De,Es,It)
BE7E	Littlest Pet Shop 3 - Biggest Stars - Blue Team (USA) (En,Fr)
BE7P	Littlest Pet Shop 3 - Biggest Stars - Blue Team (Europe) (En,Pt,Sv,No,Da,Fi)
BE9E	Littlest Pet Shop 3 - Biggest Stars - Pink Team (USA) (En,Fr)
BE9P	Littlest Pet Shop 3 - Biggest Stars - Pink Team (Europe) (En,Pt,Sv,No,Da,Fi)
BEBP	Inazuma Eleven 2 - Blizzard (Europe)
BEEP	Inazuma Eleven 2 - Firestorm (Europe)
BEFE	Monopoly (USA) (En,Fr)
BEFP	Monopoly (Europe) (En,Fr,De)
BEGE	Jewel Master - Egypt (USA) (En,Fr,Es)
BEGP	Jewel Master - Cradle of Egypt (Europe) (En,Fr,De,Es,It,Nl)
BEGX	Jewel Master - Cradle of Egypt (Europe) (En,Fr,Es,It)
BEHE	My First Dollhouse (USA) (En,Fr,Es)
BEHP	I Did It Mum! - Doll's House (Europe) (En,Fr,De,Es,It)
BEIP	Beat the Intro (Europe)
BENP	Berlitz - My English Coach (Europe) (En,Fr,De,Es,It)
BEPE	Easy Piano (USA) (En,Fr,Es)
BEPP	Easy Piano - Learn, Play & Compose (Europe) (En,Fr,De,Es,It)
BERE	123 Sesame Street - Elmo's A-to-Zoo Adventure - The Videogame (USA)
BERU	123 Sesame Street - Elmo's A-to-Zoo Adventure - The Videogame (Australia)
BESE	Escape the Museum (USA) (En,Fr,De,Es)
BEWE	Littlest Pet Shop 3 - Biggest Stars - Purple Team (USA) (En,Fr)
BEWP	Littlest Pet Shop 3 - Biggest Stars - Purple Team (Europe) (En,Pt,Sv,No,Da,Fi)
BEXE	Puzzle Expedition (USA)
BEYE	Beat City (USA)
BEYP	Beat City (Europe) (En,De,Es,It)
BF5P	Pferdefreunde Puzzle - Echter Puzzlespass fuer Unterwegs (Europe) (En,Fr,De,Es,It)
BF6P	Flips 6 Book Pack - Eoin Colfer - Artemis Fowl (Europe)
BF7P	Flips 6 Book Pack - Cathy Cassidy (Europe)
BF8P	Flips 6 Book Pack - Enid Blyton - Faraway Tree Stories (Europe)
BF9P	Flips 8 Book Pack - Too Ghoul for School (Europe)
BFAE	FIFA Soccer 10 (USA) (En,Fr,De,Es,It)
BFAP	FIFA 10 (Europe) (En,Fr,De,Es,It)
BFBE	Fabulous Finds (USA)
BFBP	Fabulous Finds (Europe)
BFCE	Fairyland - Melody Magic (USA) (En,Fr,De,Es,It)
BFCX	Princess Melody (Europe) (En,Fr,De,It,Nl)
BFDE	Fishdom (USA) (En,Fr)
BFGE	Fighting Fantasy - The Warlock of Firetop Mountain (USA)
BFJE	Let's Play Flight Attendant (USA) (En,Fr,De,Es,It)
BFLE	MySims - SkyHeroes (USA) (En,Fr,De,Es,It,Nl)
BFLP	MySims - SkyHeroes (Europe) (En,Fr,De,Es,It,Nl)
BFMP	Famous - The Road to Glory! (Europe) (En,Fr,De,Es,It,Nl)
BFNP	Flips 6 Book Pack - Rick Riordan - Percy Jackson (Europe)
BFQP	Flips 8 Book Pack - Enid Blyton - The Adventure Series (Europe)
BFTP	Family Fortunes (Europe)
BFUE	Family Feud - 2010 Edition (USA)
BFVP	Flips 6 Book Pack - Mr Gum by Andy Stanton (Europe)
BFXE	Final Fantasy - The 4 Heroes of Light (USA)
BFXP	Final Fantasy - The 4 Heroes of Light (Europe)
BFZE	Farm Frenzy - Animal Country (USA) (En,Nl)
BFZP	Farm Frenzy - Animal Country (Europe) (En,Fr,De,Es,It,Nl)
BG6E	Super Speed Machines (USA)
BG7E	Smart Girl's Playhouse Party (USA)
BGBP	GEO Puzzle - Wunder Natur - Echter Puzzlespass fuer Unterwegs (Europe) (En,Fr,De,Es,It)
BGCP	11 Card Games (Europe) (En,De,Es)
BGEE	Planet 51 - The Game (USA) (En,Fr,Es)
BGEP	Planet 51 - The Game (Europe) (En,Fr,De,Es,It)
BGGE	Learn Geography (USA) (En,Fr,Es)
BGGP	Easy Learning - Discover Our World (Europe) (En,Fr,De,Es,It)
BGHE	Band Hero (USA) (En,Fr)
BGHP	Band Hero (Europe) (En,Fr,De,Es,It)
BGIE	Green Lantern - Rise of the Manhunters (USA) (En,Fr,De,Es,It,Nl)
BGIP	Green Lantern - Rise of the Manhunters (Europe) (En,Fr,De,Es,It,Nl)
BGKP	General Knowledge for Dummies (Europe) (En,Fr,De)
BGLE	Girls Only (USA)
BGLP	Girls Only (Europe) (En,Fr,De,Es,It,Nl)
BGME	Gormiti - The Lords of Nature! (USA) (En,Fr,De,Es,It)
BGMP	Gormiti - The Lords of Nature! (Europe) (En,Fr,De,Es,It)
BGOP	Geomaster (Europe) (En,Fr,De,Es,It)
BGPP	Flaaklypa Grand Prix (Europe) (En,Sv,No,Da)
BGQE	Galaxy Racers (USA) (En,Fr,De,Es,It)
BGQP	Galaxy Racers (Europe) (En,Fr,De,Es,It)
BGTE	Ghost Trick - Phantom Detective (USA) (En,Fr,De,Es,It)
BGTP	Ghost Trick - Phantom Detective (Europe) (En,Fr,De,Es,It)
BGXP	J4G - A Girl's World (Europe) (En,De)
BGYP	Grand Galop (Europe) (En,Fr)
BGZE	Imagine - Zookeeper (USA) (En,Fr,Es)
BGZP	Imagine - Wildlife Keeper (Europe) (En,Fr,De,Es,It,Nl,Sv,No,Da)
BH2E	Super Scribblenauts (USA) (En,Fr,Es,Pt)
BH2P	Super Scribblenauts (Europe) (En,Fr,De,Es,It,Nl)
BH2X	Super Scribblenauts (Europe) (En,Sv,No,Da,Fi)
BH3P	Horse Life 3 (Europe) (En,Fr,De,Es,It,Nl)
BH4E	Happily Ever After - Volume 1 (USA) (En,Fr)
BH7E	Happily Ever After - Volume 2 (USA) (En,Fr)
BH8E	Mimi's Party Fun! (USA)
BHBE	Ni Hao, Kai-Lan - New Year's Celebration (USA)
BHBP	Ni Hao, Kai-Lan - New Year's Celebration (Europe)
BHDE	How to Train Your Dragon (USA) (En,Fr)
BHDP	How to Train Your Dragon (Europe) (En,Fr)
BHGE	Hasbro Family Game Night (USA) (En,Fr)
BHGP	Hasbro Family Game Night (Europe) (En,Fr,De,Nl)
BHHP	Horrid Henry - Missions of Mischief (Europe) (En,Fr,De,Es,It)
BHIP	Fix It (Europe) (En,Fr,De,Es,It,Nl)
BHMX	Hugo - Zauberei im Trollwald (Europe) (En,De,Es,Pt)
BHOE	Hot Wheels - Battle Force 5 (USA)
BHOP	Hot Wheels - Battle Force 5 (Europe) (En,Fr,De,Es,It,Nl)
BHRE	Samantha Swift and the Hidden Roses of Athena (USA)
BHRX	Samantha Swift and the Hidden Roses of Athena (Europe) (En,Nl)
BHRY	Samantha Swift and the Hidden Roses of Athena (Europe) (En,Fr)
BHUP	Hidden Object Show (Europe) (En,Fr,De,Nl)
BHVE	Alpha and Omega (USA)
BHVP	Alpha and Omega (Europe) (En,Fr,De,Es,It)
BHWE	Beastly - Frantic Foto (USA) (En,Fr,Es)
BHYE	Hidden Mysteries - Buckingham Palace - Secrets of Kings and Queens (USA)
BHYP	Hidden Mysteries - Buckingham Palace (Europe) (En,Fr,It)
BHYX	Hidden Mysteries - Buckingham Palace (Europe) (En,Fr,Nl)
BHZE	Petz - Hamsterz Superstars (USA) (En,Fr,De,Es,It,Nl,Sv,No,Da)
BHZP	Petz - Hamster Superstar (Europe) (En,Fr,De,Es,It,Nl,Sv,No,Da)
BIBE	Build-A-Bear Workshop - Welcome to Hugsville (USA) (En,Fr,Es)
BIBP	Build-A-Bear Workshop - Welcome to Hugsville (Europe) (En,Fr,Es,Da)
BIGE	Battle of Giants - Mutant Insects (USA) (En,Fr,Es)
BIGP	Combat of Giants - Mutant Insects (Europe) (En,Fr,De,Es,It,Nl,Sv,No,Da)
BIHE	Monster Tale (USA)
BIIE	I Love Puppies (USA)
BINE	Intellivision Lives! (USA)
BIOE	Thor - God of Thunder (USA) (En,Fr,De,Es,It)
BIOP	Thor - God of Thunder (Europe) (En,Fr,De,Es,It)
BIRE	IL-2 Sturmovik - Birds of Prey (USA) (En,Fr,De,Es,It)
BIRP	IL-2 Sturmovik - Birds of Prey (Europe) (En,Fr,De,Es,It)
BIUE	I Spy - Universe (USA)
BIVE	Ivy the Kiwi (USA) (En,Fr,Es)
BIVP	Ivy the Kiwi (Europe) (En,Fr,De,Es,It)
BIWE	Princess Isabella - A Witch's Curse (USA)
BIWP	Princess Isabella - Witch's Curse (Europe)
BIWX	Princess Isabella - Witch's Curse (Europe) (En,Fr,De,Nl)
BJ2E	Scooby-Doo! and the Spooky Swamp (USA) (En,Fr,Es)
BJ2P	Scooby-Doo! and the Spooky Swamp (Europe) (En,Fr,De,Es,It)
BJ3E	Etrian Odyssey III - The Drowned City (USA)
BJ4E	Jewels of the Tropical Lost Island (USA) (En,Fr,Es)
BJ4P	Jewels of the Tropical Lost Island (Europe) (En,Fr,De,Es,It,Nl)
BJ5P	Real Crimes - Jack the Ripper (Europe)
BJ5X	Real Crimes - Jack the Ripper (Europe) (En,Fr,De,Es)
BJ5Y	Real Crimes - Jack the Ripper (Europe) (En,Fr,De,Nl)
BJ7E	Jewel Master - Cradle of Athena (USA) (En,Fr,Es)
BJ7P	Jewel Link Chronicles - Legend of Athena (Europe) (En,Fr,Es,It)
BJ7X	Jewel Master - Cradle of Athena (Europe) (En,Fr,De,Es,It,Nl)
BJ8P	Cooking Mama World - Hobbies & Fun (Europe) (En,Fr,De,Es,It)
BJAE	Jane's Hotel (USA) (En,Fr,Es)
BJBE	007 - Blood Stone (USA)
BJBP	007 - Blood Stone (United Kingdom)
BJCE	GoldenEye 007 (USA)
BJCP	GoldenEye 007 (United Kingdom)
BJDE	Jeopardy! (USA)
BJHP	Mysterious Case of Dr. Jekyll & Mr. Hyde, The (Europe)
BJJE	My Reading Tutor (USA)
BJLE	Jillian Michaels Fitness Ultimatum 2010 (USA) (En,Es)
BJME	Stitch Jam (USA)
BJNP	Let's Play Journalists (Europe) (En,Fr,De,Es,It)
BJOE	Percy Jackson and the Olympians - The Lightning Thief (USA) (En,Fr)
BJOP	Percy Jackson & the Lightning Thief (Europe) (En,Fr,De,Es,It)
BJRE	Junior Mystery Quest (USA) (En,Fr,Es)
BJRP	Junior Mystery Stories (Europe) (En)
BJRX	Junior Mystery Stories (Europe) (En,Fr,De,Es,It)
BJSE	Jambo! Safari - Animal Rescue (USA) (En,Fr,De,Es,It)
BJSP	Jambo! Safari - Animal Rescue (Europe) (En,Fr,De,Es,It)
BJYP	Jewel Quest - Mysteries - Curse of the Emerald Tear (Europe)
BJYX	Jewel Quest - Mysteries (Europe) (En,Fr,Nl)
BK9E	Kingdom Hearts - Re-coded (USA) (En,Fr,Es)
BK9P	Kingdom Hearts - Re-coded (Europe) (En,Fr,De,Es,It)
BKCE	America's Test Kitchen - Let's Get Cooking (USA)
BKEE	Hello Kitty - Birthday Adventures (USA) (En,Fr,De,Es,It)
BKEP	Hello Kitty - Birthday Adventures (Europe) (En,Fr,De,Es,It)
BKIE	Legend of Zelda, The - Spirit Tracks (USA) (En,Fr,Es) (Rev 1)
BKIP	Legend of Zelda, The - Spirit Tracks (Europe) (En,Fr,De,Es,It)
BKOE	Chaotic - Shadow Warriors (USA) (En,Fr)
BKQE	Pucca - Power Up (USA)
BKRE	Kamen Rider - Dragon Knight (USA) (En,Fr,Es)
BKUE	Harvest Moon DS - The Tale of Two Towns (USA)
BKUP	Harvest Moon - The Tale of Two Towns (Europe) (En,Fr,De)
BKWE	Bookworm (USA)
BKWP	Bookworm (Europe)
BKYE	Legend of Kay (USA) (En,Fr,Es)
BKYP	Legend of Kay (Europe) (En,Fr,De,Es,It)
BL9E	LEGO Star Wars III - The Clone Wars (USA) (En,Fr,Es)
BL9P	LEGO Star Wars III - The Clone Wars (Europe) (En,Fr,De,Es,It,Da)
BLAE	Major League Baseball 2K10 (USA)
BLBE	Littlest Pet Shop - Beach Friends (USA) (En,Fr,Es)
BLBP	Littlest Pet Shop - Beach Friends (Europe) (En,Fr,De,Es,Nl,Pt,Sv,No,Da,Fi)
BLCE	Littlest Pet Shop - City Friends (USA) (En,Fr,Es)
BLCP	Littlest Pet Shop - City Friends (Europe) (En,Fr,De,Es,Nl,Pt,Sv,No,Da,Fi)
BLDE	Littlest Pet Shop - Country Friends (USA) (En,Fr,Es)
BLDP	Littlest Pet Shop - Country Friends (Europe) (En,Fr,De,Es,Nl,Pt,Sv,No,Da,Fi)
BLFE	Professor Layton and the Last Specter (USA)
BLFP	Professor Layton and the Spectre's Call (Europe)
BLHE	LEGO Harry Potter - Years 1-4 (USA) (En,Fr,Es)
BLHP	LEGO Harry Potter - Years 1-4 (Europe) (En,Fr,De,Es,It,Da)
BLJE	LEGO Indiana Jones 2 - The Adventure Continues (USA) (En,Fr,Es)
BLJP	LEGO Indiana Jones 2 - The Adventure Continues (Europe) (En,Fr,De,Es,It,Da)
BLLE	Petz - Catz Playground (USA) (En,Fr,De,Es,It)
BLMP	Lernerfolg Grundschule - Mathematik Intensiv - Klasse 1-4 (Europe) (En,Fr,De,Es,It,Tr)
BLMX	Successfully Learning Mathematics (Europe) (En,Fr,De,Es,It,Tr)
BLOP	Logic Island (Europe) (En,Fr,De,Es,It)
BLPE	Lord of the Rings, The - Aragorn's Quest (USA) (En,Fr,Es,Pt)
BLPP	Lord of the Rings, The - Aragorn's Quest (Europe) (En,Fr,De,Es,It,Nl)
BLQX	Lernerfolg Grundschule - Konzentration - Der Aufmerksamkeitstrainer (Europe) (En,De,Tr)
BLRE	LEGO Rock Band (USA) (En,Fr,De,Es,It,Da)
BLRP	LEGO Rock Band (Europe) (En,Fr,De,Es,It,Da)
BLSE	Big League Sports - Summer (USA) (En,Fr)
BLSP	World Championship Sports - Summer (Europe) (En,Fr,De,Es,It)
BLTE	Balloon Pop (USA)
BM4P	Maestro! - Jump in Music (Europe) (En,Fr,De,Es,It,Nl,Pt,Sv,No,Da)
BM8E	Megamind - The Blue Defender (USA) (En,Fr)
BM8P	Megamind - The Blue Defender (Europe) (En,Fr,De,Es,It,Nl,Sv,Da)
BMCP	Mensch Aergere Dich Nicht - Das Beliebte Original (Europe) (En,Fr,De)
BMDE	Madagascar Kartz (USA) (En,Fr)
BMDP	Madagascar Kartz (Europe) (En,Fr,De,Es,It,Nl,Sv)
BMFP	Crazy Chicken Carnival (Europe) (En,Fr,De,Es,It)
BMGE	Mystery Tales - Time Travel (USA)
BMGP	Mystery Tales - Time Travel (Europe) (En,Fr,De,Es,It,Nl)
BMHP	House M.D. - The Official Game (Europe) (En,Fr,De)
BMJE	My Virtual Tutor - Reading - 1st Grade to 2nd Grade (USA)
BMKE	Marker Man Adventures (USA)
BMLE	My Virtual Tutor - Reading - Pre-K to Kindergarten (USA)
BMME	My Virtual Tutor - Reading - K to 1st Grade (USA)
BMQP	Metropolis Crime$ (Europe) (En,Fr,De,Es,It)
BMTE	Shin Megami Tensei - Strange Journey (USA)
BMUE	Marvel Super Hero Squad (USA) (En,Fr,Es)
BMUK	Marvel Super Hero Squad (Korea) (En,Ko)
BMUP	Marvel Super Hero Squad (Europe) (En,Fr,De,Nl)
BMUX	Marvel Super Hero Squad (USA) (En,Fr,Es) (Walmart Edition)
BMVE	Mahjongg Mysteries - Ancient Egypt (USA)
BMVP	Mahjongg - Ancient Egypt (Europe) (En,Fr,De,Es,It)
BMVX	Mahjong Mysteries - Ancient Egypt (Europe)
BMWX	Miffy's World (Europe) (En,Sv,No,Da,Fi)
BMWY	Miffy's World (Europe) (En,Fr,Es,Nl,Pt)
BMXE	MX vs ATV Reflex (USA) (En,Fr)
BMXP	MX vs ATV Reflex (Europe) (En,Fr,De,Es,It)
BMYE	Paws & Claws - Regal Resort (USA)
BMZP	Crazy Machines 2 (Europe) (En,Fr,De,Es,It)
BN8E	ATV Wild Ride (USA)
BNAE	Nancy Drew - The Model Mysteries (USA)
BNAP	Nancy Drew - The Model Mysteries (Europe)
BNDE	Nanda's Island (USA) (En,Fr,De,Es,It)
BNDP	Nandas Island (Europe) (En,Fr,De,Es,It)
BNIP	Natalie Brooks - Mystery at Hillcrest High (Europe) (En,Fr,De,Es,It,Nl)
BNJP	Ninja Captains (Europe) (En,Fr,De,Es,It)
BNLE	Deal or No Deal - Special Edition (USA) (En,Fr,Es)
BNME	Night at the Museum - Battle of the Smithsonian - The Video Game (USA)
BNMX	Night at the Museum 2 - The Video Game (Europe) (En,Fr,De)
BNNE	Need for Speed - Nitro (USA) (En,Fr,De,Es,It,Nl)
BNNP	Need for Speed - Nitro (Europe) (En,Fr,De,Es,It,Nl)
BNOP	Magic Encyclopedia II - Moonlight (Europe) (En,Fr,De,Nl)
BNPP	Natalie Brooks - The Treasures of the Lost Kingdom (Europe) (En,Fr,De,Nl)
BNQE	Murder in Venice (USA) (En,Fr,Es)
BNQP	Murder in Venice (Europe) (En,Fr,De,Es,It,Nl)
BNRE	Petz - Nursery (USA) (En,Fr,De,Es,It,Nl,Sv,No,Da)
BNRP	Petz - Nursery (Europe) (En,Fr,De,Es,It,Nl,Sv,No,Da)
BNSE	Nursery Mania (USA)
BNUP	Dora's Cooking Club (Europe) (En,Fr,Nl)
BNUX	Dora's Cooking Club (Europe) (En,Fr,Es,Nl)
BNVP	Treasure Master (Europe) (En,Fr,De,Nl)
BNWP	Magic Encyclopedia 3 - Illusions (Europe) (En,Fr,De,Es,It,Nl)
BNXE	Naruto Shippuden - Shinobi Rumble!! (USA)
BNYE	Marvel Super Hero Squad - The Infinity Gauntlet (USA) (En,Fr)
BNYP	Marvel Super Hero Squad - The Infinity Gauntlet (Europe) (En,Fr)
BNYY	Marvel Super Hero Squad - The Infinity Gauntlet (Europe) (En,Es)
BNZP	Retro Arcade Toppers (Europe)
BO5E	Golden Sun - Dark Dawn (USA, Australia) (En,Es)
BO5P	Golden Sun - Dark Dawn (Europe) (En,Fr,De,Es,It)
BOAP	Internado, El - Laguna Negra (Europe) (En,Fr,De,Es,It)
BOIP	Diddl in the Cheesecakeland - Diddl en Diddland (Europe) (En,Fr,De)
BOJP	One Piece - Gigant Battle! (Europe)
BOOE	Okamiden (USA)
BOOP	Okamiden (Europe)
BOUP	Goldene Amulett des Pharao, Das (Europe) (En,Fr,De,Es,It)
BOZE	100 All-Time Favorites (USA) (En,Fr,Es)
BOZP	Master All Classics (Europe) (En,Fr,De,Es,It)
BP2E	Imagine - Sweet 16 (USA) (En,Fr,Es)
BP2P	Sweet 16 (Europe) (En,Fr,De,Es,It)
BP6E	Press Your Luck - 2010 Edition (USA)
BP9E	Petz - Pony Beauty Pageant (USA) (En,Fr,Es)
BP9P	Petz - Pony Club (Europe) (En,Fr,De,Es,It)
BPAE	Discovery Kids - Spider Quest (USA) (En,Fr,Es)
BPAP	My Dangerous Pet - Spider (Europe) (En,Fr,De,Es,It)
BPDE	My Ballet Studio (USA) (En,Fr,De,Es,It)
BPDP	Diva Girls - Diva Ballerina (Europe) (En,Fr,De,Es,It)
BPFE	Princess and the Frog, The (USA) (En,Fr,Es)
BPFP	Princess and the Frog, The (Europe) (En,Fr,De,Es,It,Nl)
BPFX	Princess and the Frog, The - Taste of New Orleans Edition (USA) (En,Fr,Es)
BPFY	Princess and the Frog, The (Europe) (En,Sv,No,Da)
BPIP	Peppa Pig - Fun and Games (Europe)
BPJP	Take a Break's Puzzle Master (Europe)
BPLP	Pony Life (Europe) (En,Fr,De,Es,It)
BPME	Imagine - Party Planner (USA) (En,Fr,De,Es,It,Nl)
BPMP	Imagine - Party Planner (Europe) (En,Fr,De,Es,It,Nl)
BPNE	Discovery Kids - Snake Safari (USA) (En,Fr,Es) (Rev 1)
BPNP	My Dangerous Pet - Snake (Europe) (En,Fr,De,Es,It)
BPQE	Pet Pals - New Leash on Life (USA)
BPRE	50 Classic Games (USA)
BPRP	Classic Games - The Premium Selection (Europe) (En,Fr,De,Es,It,Nl)
BPRX	50 Jeux Incontournables (France) (En,Fr,De,Es,It,Nl)
BPSP	Pocoyo Racing (Europe) (En,Fr,De,Es,It)
BPVE	Puzzler World (USA)
BPVP	Puzzler World (Europe)
BPWE	Casual Mania (USA)
BPWP	Casual Mania (Europe) (En,Fr,De,Es,It,Nl)
BPYE	Let's Play Garden (USA) (En,Fr,Es)
BPYP	Play Gardens (Europe) (En,Fr,De,Es,It,Nl)
BPZE	Margot's Bepuzzled! (USA) (En,Fr,Es)
BPZP	Margot's Bepuzzled! (Europe) (En,Fr,De,Es,It)
BQ8E	Crafting Mama (USA)
BQGE	Cabela's Dangerous Hunts 2011 (USA)
BQKE	ATV Quad Kings (USA) (En,Fr,Es)
BQKP	ATV Quad Kings (Europe) (En,Fr,De,Es,It,Nl)
BQLE	Heathcliff! - Frantic Foto (USA) (En,Fr,Es)
BQNE	Captain America - Super Soldier (USA) (En,Fr,Es)
BQNP	Captain America - Super Soldier (Europe) (En,Fr,De,Es,It)
BQYE	Jewel Quest - Mysteries (USA)
BR2E	Price Is Right, The - 2010 Edition (USA) (En,Fr)
BR4P	Runaway - A Twist of Fate (Europe) (En,Fr,De,Es,It)
BR5P	Magical Michael Pang (Europe) (En,Fr,De,Es,It)
BR6E	Atari Greatest Hits - Volume 1 (USA)
BR6P	Atari Greatest Hits - Volume 1 (Europe) (En,Fr,De)
BR7E	Atari Greatest Hits - Volume 2 (USA)
BR9P	Horrid Henry's Horrid Adventure (Europe)
BRCP	Rollercoaster Park (Europe) (En,Fr,Nl)
BRFE	Rune Factory 3 - A Fantasy Harvest Moon (USA)
BRFP	Rune Factory 3 - A Fantasy Harvest Moon (Europe)
BRJE	Radiant Historia (USA)
BRJJ	Radiant Historia (Japan) (En,Ja) (Beta)
BRLE	Ringling Bros. and Barnum & Bailey - Circus Friends - Asian Elephants (USA)
BRLX	Ringling Bros. and Barnum & Bailey - It's My Circus - Elephant Friend (Europe) (En,Fr,De,Es,It)
BRME	Rooms - The Main Building (USA) (En,Fr,Es)
BRMP	Rooms - The Main Building (Europe) (En,Fr,De,Es,It)
BRPE	Dragon Ball Z - Attack of the Saiyans (USA) (En,Fr)
BRPP	Dragon Ball Z - Attack of the Saiyans (Europe) (En,Fr,De,Es,It)
BRQE	Honda ATV Fever (USA) (En,Fr,Es)
BRUE	Rudolph - The Red-Nosed Reindeer (USA)
BRVE	Shawn Johnson Gymnastics (USA) (En,Fr,Es)
BRZE	Beyblade - Metal Masters (USA) (En,Fr,Es)
BRZP	Beyblade - Metal Masters - Nightmare Rex (Europe) (En,Fr,De,Es,It)
BRZW	Beyblade - Metal Masters (USA) (En,Fr,Es) (Best Buy Exclusive)
BRZX	Beyblade - Metal Masters (USA) (En,Fr,Es) (Collector's Edition)
BRZY	Beyblade - Metal Masters (USA) (En,Fr,Es) (Target Exclusive)
BRZZ	Beyblade - Metal Masters (USA) (En,Fr,Es) (Toys'R'Us Exclusive)
BS2E	Smart Kid's Mega Game Mix (USA)
BS3E	Smart Boy's Gameroom 2 (USA)
BS4E	Smart Girl's Playhouse 2 (USA)
BS5E	Satisfashion - Rock the Runway (USA)
BS6E	World Championship Spelling (USA) (En,Fr)
BS6P	Mind. Body. Soul. - Spellbound 2 (Europe) (En,Fr,De,Es,It)
BS8E	Sorcerer's Apprentice, The (USA) (En,Es)
BS8P	Sorcerer's Apprentice, The (Europe) (En,De,Es,It)
BSDE	Lufia - Curse of the Sinistrals (USA)
BSFP	Street Football II (Europe) (En,Fr,It)
BSHE	Shorts (USA) (En,Fr)
BSIE	Safecracker - The Ultimate Puzzle Challenge! (USA) (En,Fr,Es)
BSIP	Safecracker - The Ultimate Puzzle Adventure (Europe) (En,Fr,De,Es,It)
BSJE	Learning To Spell (USA)
BSJP	I Did It Mum! - Spelling (Europe) (En,Fr,De,Es,It)
BSKE	Nine Hours, Nine Persons, Nine Doors (USA)
BSLE	Scribblenauts (USA) (En,Fr,Es,Pt)
BSLP	Scribblenauts (Europe) (En,Fr,De,Es,It,Nl)
BSLX	Scribblenauts (Europe) (En,Sv,No,Da,Fi)
BSME	Kids Learn - Math - A+ Edition (USA)
BSMP	GripsKids - Mathematik (Europe) (En,Fr,De,It)
BSNE	Science Papa (USA) (En,Fr)
BSNP	Science Papa (Europe) (En,Fr,De,Es,It)
BSOE	SpongeBob's Truth or Square (USA)
BSOP	SpongeBob - SpongeBob's Truth or Square (Europe) (En,De,It,Nl)
BSPE	Kids Learn - Spelling and Grammar - A+ Edition (USA)
BSRE	123 Sesame Street - Cookie's Counting Carnival - The Videogame (USA)
BSRU	123 Sesame Street - Cookie's Counting Carnival - The Videogame (Australia)
BSSE	Learn Science (USA)
BSUP	Shaun the Sheep - Off His Head (Europe) (En,Fr,De,Es,It)
BSVE	Squeeballs Party (USA)
BSVP	Squeeballs Party (Europe) (En,Fr,De,Es,It)
BSYE	Secret Saturdays, The - Beasts of the 5th Sun (USA) (En,Fr,Es)
BSYP	Secret Saturdays, The - Beasts of the 5th Sun (Europe) (En,Fr,De,Es,It)
BT2E	TrackMania Turbo (USA) (En,Fr,Es)
BT2P	TrackMania Turbo (Europe) (En,Fr,De,Es,It)
BT4P	Thomas & Friends - Hero of the Rails (Europe)
BT8E	Scene It Twilight (USA) (En,Fr,Es)
BT8P	Scene It Twilight (Europe) (En,Fr,De,Es,It)
BT9P	Pass Your Driving Theory Test - 2010 Edition (Europe)
BTBE	Tinker Bell and the Lost Treasure (USA) (En,Fr,Es)
BTBP	Tinker Bell and the Lost Treasure (Europe)
BTBX	Tinker Bell and the Lost Treasure (Europe) (En,Fr,De,Es,It,Nl)
BTBY	Tinker Bell and the Lost Treasure (Europe) (En,Sv,No,Da)
BTCE	TINCan! Escape (USA) (En,Fr,De,Es,It)
BTCP	TINCan! Escape (Europe) (En,Fr,De,Es,It)
BTDE	Imagine - Teacher - Class Trip (USA) (En,Fr,Es)
BTDP	Imagine - Teacher - School Trip (Europe) (En,Fr,De,Es,It,Nl)
BTHE	Kids Learn - 2Think - A+ Edition (USA)
BTIE	Titanic Mystery (USA)
BTIP	Titanic Mystery (Europe) (En,Fr,De)
BTJE	T.A.C. Heroes - Big Red One (USA) (En,Fr)
BTMP	Solitaire Mahjong - Ancient China Adventure (Europe) (En,Fr,De,Es,It)
BTNE	Teenage Mutant Ninja Turtles - Arcade Attack (USA) (En,Fr,Es)
BTNP	Teenage Mutant Ninja Turtles - Arcade Attack (Europe) (En,Fr,De,Es,It,Nl)
BTPE	Dreamer Series - Top Model (USA) (En,Fr,De,Es,It)
BTQE	Treasures of Montezuma, The (USA)
BTQP	Treasures of Montezuma, The (Europe) (En,Fr,De,Es,It,Nl)
BTRP	Jungle School (Europe) (En,Fr,De,Es,It,Nl)
BTUE	Tinker Bell and the Great Fairy Rescue (USA) (En,Fr,Es)
BTUP	Tinker Bell and the Great Fairy Rescue (Europe)
BTUX	Tinker Bell and the Great Fairy Rescue (Europe) (En,Fr,De,Es,It,Nl)
BTUY	Tinker Bell and the Great Fairy Rescue (Europe) (En,Sv,No,Da)
BTVE	Best Friends Tonight (USA) (En,Fr,De,Es,It)
BTVP	BFF TV (Europe) (En,Fr,De,Es,It)
BTWE	Astro Boy - The Video Game (USA) (En,Fr,De,Es,It)
BTWP	Astro Boy - The Video Game (Europe) (En,Fr,De,Es,It)
BTXE	TNA Wrestling Impact! - Cross the Line (USA)
BTYP	Restaurant Tycoon (Europe) (En,Fr,De,Es,It,Nl)
BTZE	Hidden Mysteries - Titanic - Secrets of the Fateful Voyage (USA)
BTZP	Hidden Mysteries - Titanic (Europe)
BTZX	Hidden Mysteries - Titanic (Europe) (En,Fr,Nl)
BTZY	Hidden Mysteries - Titanic - Secrets of the Fateful Voyage (Europe) (En,Fr,It)
BU7P	Generator Rex - Agent of Providence (Europe) (En,Fr,De,Es,It)
BU8E	Harry Potter and the Deathly Hallows - Part 2 (USA) (En,Fr,Es)
BU8P	Harry Potter and the Deathly Hallows - Part 2 (Europe) (En,Fr,De,Es,It)
BU9P	Pucca - Power Up (Europe) (En,Fr,De,Es,It)
BUDE	River City - Super Sports Challenge (USA)
BUEP	Emily Archer - The Curse of King Tut's Tomb (Europe)
BUFE	Petz - Puppyz & Kittenz (USA) (En,Fr,Es)
BUGE	Ultimate Game Room (USA)
BUIE	Minute to Win It (USA) (En,Fr,De,Es,It)
BUJE	Monster Jam - Path of Destruction (USA) (En,Fr)
BUJP	Monster Jam - Path of Destruction (Europe) (En,Fr,De,It,Nl)
BURE	Gummy Bears - Mini Golf (USA) (En,Fr,Es)
BUSP	OK! - First for Celebrity News - Puzzle Stars (Europe)
BUTP	Call of Atlantis (Europe) (En,Fr,De,Es,It,Nl)
BUUP	Hollywood Files - Deadly Intrigues (Europe) (En,Fr,De,Es,It,Nl)
BUVP	Match 3 Madness (Europe) (En,Fr,De,Es,It,Nl)
BUWP	Picture Puzzle Collection (Europe) (En,Fr,De,Es,It,Nl)
BUZP	Art Puzzle - Das Kunstmagazin - Echter Puzzlespass fuer Unterwegs (Europe) (En,Fr,De,Es,It)
BV2E	Animal Planet - Vet Life (USA)
BV2P	Animal Planet - Vet Life (Europe) (En,De,Es,It)
BV4E	Veggy World (USA)
BV6E	Hop (USA) (En,Fr,Es)
BV6P	Hop - The Movie (Europe) (En,Fr,De,Es,It)
BV8P	Jewel Quest IV - Heritage (Europe) (En,Fr,De,Nl)
BV9P	Jewel Quest Mysteries 2 - Trail of the Midnight Heart (Europe) (En,Fr,De,Nl)
BVAP	Take a Break's Puzzle Bonanza (Europe)
BVCP	Casual Classics (Europe) (En,Fr,De,Es,It,Nl)
BVDE	Monkey Madness - Island Escape (USA) (En,Fr,Es)
BVEE	Puzzler World 2 (USA)
BVEP	Puzzler World 2011 (Europe)
BVGE	Petz - Bunnyz Bunch (USA) (En,Fr,Es)
BVHE	JumpStart - Legend of Lost Island (USA)
BVJE	JumpStart - Deep Sea Escape (USA)
BVKP	VocabStar English Advanced (Europe) (En,Fr,De,Es,It)
BVME	Hidden Mysteries - Vampire Secrets (USA)
BVMP	Hidden Mysteries - Vampire Secrets (Europe)
BVMX	Hidden Mysteries - Vampire Secrets (Europe) (En,Fr,Nl)
BVNE	Michael Jackson - The Experience (USA) (En,Fr,Es)
BVNP	Michael Jackson - The Experience (Europe) (En,Fr,De,Es,It)
BVPE	Drawn to Life - Collection (USA) (En,Fr,Es)
BVPP	Drawn to Life - Collection (Europe) (En,Fr,De,Es,It)
BVTP	Lost Treasures of Alexandria, The (Europe) (En,Fr,De,Nl)
BVVE	Virtual Villagers - A New Home (USA) (En,Fr,Es)
BVVP	Virtual Villagers - Erschaffe dein Paradies! (Europe) (En,Fr,De,Es,It)
BVYE	LEGO Battles - Ninjago (USA) (En,Fr,Es)
BVYP	LEGO Ninjago - The Videogame (Europe) (En,Fr,De,Es,It,Nl,Da)
BW2E	Windy x Windam (USA)
BW3P	Winx Club - Rockstars (Europe) (En,Es)
BW4E	Wizards of Waverly Place - Spellbound (USA)
BW4P	Wizards of Waverly Place - Spellbound (Europe) (En,De,It)
BW6E	Hoppie (USA)
BW7E	Wheel of Fortune (USA)
BW8P	Around the World in 80 Days (Europe) (En,Fr,De)
BW8X	Around the World in 80 Days (Europe) (En,Fr,Nl)
BW9E	Star Wars - The Clone Wars - Republic Heroes (USA) (En,Fr,De,Es,It)
BW9P	Star Wars - The Clone Wars - Republic Heroes (Europe) (En,Fr,De,Es,It)
BWAP	Was Ist Was - Abenteuer Erde (Europe) (En,De)
BWBE	Plants vs. Zombies (USA)
BWBP	Plants vs. Zombies (United Kingdom)
BWBU	Plants vs. Zombies (Australia)
BWBX	Plants vs. Zombies (Europe) (En,Fr,De,Es,It,Nl) (Rondomedia)
BWBY	Plants vs. Zombies (Europe) (En,Fr,De,Es,It,Nl) (MSL)
BWDE	Where's Waldo - The Fantastic Journey (USA) (En,Fr)
BWEE	Wipeout 2 (USA)
BWFE	Happy Feet Two (USA) (En,Fr,De,Es,It,Nl)
BWGX	Wedding Planner - Dream Weddings Guaranteed (Europe) (En,De)
BWIE	Hidden Mysteries - Salem Secrets - Witch Trials of 1692 (USA)
BWIP	Hidden Mysteries - Salem Secrets (Europe)
BWLP	Willkommen in der Steinzeit - Ueberleben Ist Alles! (Europe) (En,Fr,De,Es,It)
BWMP	Wickie und die Starken Maenner (Europe) (En,Fr,De)
BWOE	Wipeout - The Game (USA)
BWPE	Challenge Me - Word Puzzles (USA) (En,Fr,Es)
BWPP	Challenge Me - Word Puzzles (Europe) (En,Fr,De,Es,It)
BWQE	Chevrolet Camaro - Wild Ride (USA) (En,Fr,Es)
BWUE	Winter's Tail - How One Little Dolphin Learned to Swim Again (USA)
BWVE	Witches & Vampires - The Secrets of Ashburry (USA)
BWVP	Witches & Vampires - The Secrets of Ashburry (Europe) (En,De)
BWXP	Winx Club - Believix in You! (Europe) (En,Fr,De,Es,It)
BX2P	Tales to Enjoy! - Little Red Riding Hood (Europe) (En,Fr,De,Es,It,Nl)
BX3P	Tales to Enjoy! - Puss in Boots (Europe) (En,Fr,De,Es,It,Nl)
BX4P	Tales to Enjoy! - The Three Little Pigs (Europe) (En,Fr,De,Es,It,Nl)
BX5P	Tales to Enjoy! - The Ugly Duckling (Europe) (En,Fr,De,Es,It,Nl)
BX6P	100 Classic Games (Europe) (En,Fr,De,Es,Nl)
BX7E	Santa Claus is Comin' to Town (USA)
BXCE	Mystery Quest - Curse of the Ancient Spirits (USA) (En,Fr)
BXCP	Ancient Spirits - Columbus' Legacy (Europe) (En,Fr,De,Nl)
BXCX	Mystery Stories - Curse of the Ancient Spirits (Europe)
BXDE	Pinkalicious - It's Party Time! (USA)
BXEE	Transformers - Dark of the Moon - Autobots (USA) (En,Fr)
BXEP	Transformers - Dark of the Moon - Autobots (Europe) (En,Fr,De,Es,It)
BXFE	Transformers - Dark of the Moon - Decepticons (USA) (En,Fr)
BXFP	Transformers - Dark of the Moon - Decepticons (Europe) (En,Fr,De,Es,It)
BXGE	Rango (USA) (En,Fr,De,Es,It)
BXGP	Rango (Europe) (En,Fr,De,Es,It)
BXJP	2 Games in 1 - Jewel Master - Cradle of Egypt + Mahjongg - Ancient Egypt (Europe) (En,Fr,De,Es,It,Nl)
BXKP	Knerten Gets Married (Europe) (En,De,Sv,No,Da)
BXME	Christmas Carol, A (USA) (En,Fr,Es)
BXMP	Christmas Carol, A (Europe) (En,Fr,Es,Nl)
BXNE	Story of Noah's Ark, The (USA)
BXQE	Squinkies - Surprise Inside (USA) (En,Fr) (Rev 1)
BXQP	Squinkies - Surprize Inside (Europe) (En,Fr,De,Es,It,Nl,Sv)
BXSE	Sonic Colors (USA) (En,Ja,Fr,De,Es,It)
BXSJ	Sonic Colors (Japan) (En,Ja,Fr,De,Es,It)
BXSP	Sonic Colours (Europe) (En,Ja,Fr,De,Es,It)
BXUP	Happy Feet 2 (Europe) (En,Fr,De,Es,It,Nl)
BXVE	Bakugan - Rise of the Resistance (USA) (En,Fr)
BXVP	Bakugan - Rise of the Resistance (Europe) (En,Fr,De,Es,It,Nl,Sv)
BXWE	Games Around the World (USA) (En,Fr)
BXXE	Johnny Test (USA) (En,Fr,Es)
BXYE	X-Men - Destiny (USA)
BXYP	X-Men - Destiny (Europe) (En,De)
BY6P	Real Crimes - The Unicorn Killer (Europe) (En,Fr,De,Nl)
BY7P	Double Pack - Cradle of Rome + Cradle of Egypt (Europe) (En,Fr,Es,It)
BY8E	18 Classic Card Games (USA)
BY8P	18 Card Games (Europe) (En,Fr,De,Es,Nl)
BYAE	Junior Island Adventure (USA)
BYBE	Yogi Bear (USA) (En,Fr,De,Es,It)
BYBP	Yogi Bear - The Video Game (Europe) (En,Fr,De,Es,It)
BYEP	Linda Hyde - Vampire Mansion (Europe) (En,Fr,Nl)
BYHE	Yard Sale Hidden Treasures - Sunnyville (USA) (En,Fr,Es)
BYLE	Style Lab - Fashion Design (USA) (En,Fr,Es)
BYRE	Generator Rex - Agent of Providence (USA) (En,Fr)
BYTE	123 Sesame Street - Ready, Set, Grover! - With Elmo - The Videogame (USA) (En,Es)
BYTU	Sesame Street - Ready, Set, Grover! (Australia)
BYUP	Youda Safari (Europe) (En,Fr,De)
BYWP	Jewel Legends - Tree of Life (Europe) (En,Fr,De,Es,Nl)
BYWX	Jewel Legends - Tree of Life (Europe) (En,Fr,Es,It)
BYXE	Yu-Gi-Oh! 5D's - World Championship 2010 - Reverse of Arcadia (USA) (En,Ja,Fr,De,Es,It)
BYXJ	Yu-Gi-Oh! 5D's - World Championship 2010 - Reverse of Arcadia (Japan) (En,Ja,Fr,De,Es,It)
BYXK	Yu-Gi-Oh! 5D's - World Championship 2010 - Reverse of Arcadia (Korea) (En,Ja,Ko)
BYXP	Yu-Gi-Oh! 5D's - World Championship 2010 - Reverse of Arcadia (Europe) (En,Ja,Fr,De,Es,It)
BYYE	Yu-Gi-Oh! 5D's - World Championship 2011 - Over the Nexus (USA) (En,Ja,Fr,De,Es,It)
BYYJ	Yu-Gi-Oh! 5D's - World Championship 2011 - Over the Nexus (Japan) (En,Ja,Fr,De,Es,It)
BYYK	Yu-Gi-Oh! 5D's - World Championship 2011 - Over the Nexus (Korea) (En,Ja,Ko)
BYYP	Yu-Gi-Oh! 5D's - World Championship 2011 - Over the Nexus (Europe) (En,Ja,Fr,De,Es,It)
BZ6E	Zoobles! Spring to Life! (USA) (En,Fr)
BZ6P	Zoobles! Spring to Life! (Europe) (En,Fr,De,Es,It)
BZ7E	Brainstorm Series - Word Up (USA) (En,Fr,Es)
BZ8E	ZhuZhu Puppies (USA)
BZ8P	ZhuZhu Puppies (Europe) (En,Fr,De,Es,It,Nl,Sv)
BZAE	Super Star Kartz (USA) (En,Fr)
BZAP	Super Star Kartz (Europe) (En,Fr,De,Es,It,Nl,Sv)
BZDE	LEGO Pirates of the Caribbean - The Video Game (USA) (En,Fr,Es)
BZDP	LEGO Pirates of the Caribbean - The Video Game (Europe) (En,Fr,De,Es,It,Nl,Sv,No,Da)
BZEE	Silly Bandz (USA) (En,Fr,Es)
BZFP	Phineas and Ferb - Across the 2nd Dimension (Europe) (En,Fr,De,Es,It,Nl)
BZFX	Phineas and Ferb - Across the 2nd Dimension (Europe) (En,Sv,Da)
BZGE	Zenses - Zen Garden (USA) (En,Fr,Es)
BZHE	Magical Zhu Zhu Princess - Carriages and Castles (USA)
BZHP	ZhuZhu Princess (Europe) (En,Fr,De,Es,It,Nl,Sv)
BZIE	Giana Sisters DS (USA)
BZJE	Squinkies 2 - Adventure Mall Surprize! (USA) (En,Fr)
BZLP	Prinzessin Lillifee Puzzle - Echter Puzzlespass fuer Unterwegs (Europe) (En,Fr,De,Es,It)
BZMJ	Korg M01 Music Workstation (Japan) (En)
BZOE	World of Zoo (USA) (En,Fr)
BZOP	World of Zoo (Europe) (En,Fr,De,Es,It,Nl,Sv,Da)
BZPP	Peppa Pig - Theme Park Fun (Europe)
BZRE	Rec Room Games (USA)
BZSE	Zombiez Seeker (USA) (En,Fr,Es)
BZUE	Smurfs, The (USA) (En,Fr)
BZUP	Smurfs, The (Europe) (En,Fr)
BZVE	Major League Baseball 2K11 (USA)
BZXE	Puzzle Quest 2 (USA) (En,Fr,Es)
BZXP	Puzzle Quest 2 (Europe) (En,Fr,De,Es,It)
BZYE	Photo Phantasy (USA) (En,Fr,Es)
BZZE	Zhu Zhu Pets (USA)
BZZP	Zhu Zhu Pets (Europe)
C24E	Phantasy Star 0 (USA)
C24P	Phantasy Star 0 (Europe)
C27E	SimAnimals - Africa (USA) (En,Ja,Fr,De,Nl,Pt)
C27J	SimAnimals - Africa (Japan) (En,Ja)
C27P	SimAnimals - Africa (Europe) (En,Ja,Fr,De,Nl,Pt)
C2BE	Powerbike (USA)
C2HP	Let's Play Pet Hospitals (Europe) (En,Fr,De,Es,It)
C2KE	Chocolatier (USA) (En,Fr)
C2ME	America's Next Top Model (USA)
C2MP	America's Next Top Model (Europe) (En,De)
C2MX	Top Model (Europe)
C2NE	Diner Dash - Flo on the Go (USA) (En,Fr)
C2QP	Best of Arcade Games DS (Europe) (En,Fr,De,Es,It,Nl,Pt)
C2SE	Pokemon Mystery Dungeon - Explorers of Sky (USA)
C2SP	Pokemon Mystery Dungeon - Explorers of Sky (Europe) (En,Fr,De,Es,It)
C2ZP	Crazy School Games (Europe) (En,Fr,De,Es,It)
C32E	Ace Attorney Investigations - Miles Edgeworth (USA)
C32P	Ace Attorney Investigations - Miles Edgeworth (Europe)
C38E	MySims - Agents (USA) (En,Fr,Es)
C38J	Boku to Sim no Machi - Agent - Nazo no Kaitou kara Hihou o Mamore Daisakusen! (Japan) (En,Ja)
C38P	MySims - Agents (Europe) (En,Fr,De,Es,It,Nl,Pt,Sv,No,Da)
C39E	Salon Superstar (USA) (En,Fr,De,Es,It)
C39P	Beauty Salon (Europe) (En,Fr,De,Es,It)
C3BE	Sudoku Ball Detective (USA) (En,Fr,Es)
C3BP	Sudoku Ball Detective (Europe) (En,Fr,De,Es,It,Nl)
C3DE	PDC World Championship Darts (USA) (En,Fr,Es,It,Nl)
C3DP	PDC World Championship Darts - The Official Video Game (Europe) (En,Fr,De,Es,It,Nl)
C3FP	Gardening Guide - How to Get Green Fingers (Europe) (En,Fr,De)
C3FU	Gardening Guide - How to Get Green Fingers (United Kingdom)
C3HE	Jewel Match (USA) (En,Fr)
C3HP	Jewel Match (Europe) (En,Fr,De)
C3HX	Jewel Match (Europe) (En,Fr,Nl)
C3JE	Professor Layton and the Unwound Future (USA)
C3JP	Professor Layton and the Lost Future (Europe)
C3PE	Neopets Puzzle Adventure (USA)
C3PP	Neopets Puzzle Adventure (Europe) (En,Fr,De,Es,Nl)
C3SP	Ico Soccer (Europe) (En,Fr,De,Es,It)
C3TE	Hardy Boys, The - Treasure on the Tracks (USA)
C3TP	Hardy Boys, The - Treasure on the Tracks (Europe) (En,Fr,De,Ru)
C3VP	Pinball Deluxe (Europe) (En,Fr,De,Es,It)
C49E	Spore Hero Arena (USA) (En,Fr,De,Es,It,Nl)
C49P	Spore Hero Arena (Europe) (En,Fr,De,Es,It,Nl)
C4BE	Discovery Kids - Parrot Pals (USA) (En,Fr,Es)
C4BP	My Pet Parrot (Europe) (En,Fr,De,Es,It)
C4KP	Original Rummikub, The - Brings People Together (Europe) (En,Fr,De,Es,It,Nl) (Games Factory Online)
C4KX	Original Rummikub, The - Brings People Together (Europe) (En,Fr,De,Es,It,Nl) (DTP Entertainment AG)
C4ME	Marvel - Ultimate Alliance 2 (USA)
C4MP	Marvel - Ultimate Alliance 2 (Europe)
C4RE	Aliens in the Attic (USA) (En,Fr,De,Es,It,Nl)
C4RP	Aliens in the Attic (Europe) (En,Fr,De,Es,It,Nl)
C4VP	Animal Planet - Emergency Vets (Europe) (En,Fr,De,Es,It)
C4YP	Top Model Academy (Europe) (En,Fr,De,Es)
C4ZE	Knock 'Em Downs - World's Fair (USA) (En,Es)
C4ZP	Knock 'Em Downs - World's Fair (Europe) (En,Es)
C53P	Fifi and the Flowertots (Europe)
C54E	Petz Fashion - Dogz & Catz (USA) (En,Fr,Es)
C54P	Petz - Fashion Stars (Europe) (En,Fr,De,Es,It,Nl)
C56E	Dreamer Series - Zoo Keeper (USA) (En,Fr,De,Es,It)
C58P	Neighbours from Hell (Europe) (En,Fr,De,Es,It)
C5AE	Space Camp (USA) (En,Fr)
C5AP	Space Camp (Europe) (En,Fr,De,Es,It)
C5BE	Little Bears (USA) (En,Fr,Es)
C5BP	Little Bears (Europe) (En,Fr,De,Es,It)
C5CP	Military History - Commander - Europe at War (Europe) (En,Fr,De,Es,It)
C5LP	Supermodel Makeover by Lauren Luke (Europe) (En,Fr,De,It)
C5ME	Dodge Racing - Charger vs Challenger (USA) (En,Fr,Es)
C5NE	Dino Pets - The Virtual Pet Game (USA)
C5NP	101 Dino Pets (Europe) (En,Fr,De,It)
C5OP	Angel Cat Sugar (Europe) (En,Fr,De,Es,It)
C5QE	Harvest Moon - Frantic Farming (USA)
C5QP	Harvest Moon - Frantic Farming (Europe)
C5QX	Harvest Moon - Frantic Farming (Europe) (En,De)
C5SE	LEGO Battles (USA) (En,Fr,Es)
C5SP	LEGO Battles (Europe) (En,Fr,De,Es,It,Da)
C5TE	Treasure World (USA)
C5UE	Are You Smarter than a 5th Grader - Game Time (USA)
C5WE	Wedding Dash (USA) (En,Fr)
C5ZE	Farmtopia (USA)
C62E	Call of Duty - Modern Warfare - Mobilized (USA)
C62P	Call of Duty - Modern Warfare - Mobilized (United Kingdom)
C65P	Horrible Histories - Ruthless Romans (Europe) (En,Fr,De,Es,It)
C67E	Hands On! Tangrams (USA)
C69E	DiRT 2 (USA) (En,Fr,Es)
C69P	Colin McRae - DiRT 2 (Europe) (En,Fr,De,Es,It)
C6BP	Langenscheidt VokabelStar Englisch fuer Einsteiger (Europe) (En,Fr,De,Es,It)
C6CE	Infinite Space (USA)
C6CP	Infinite Space (Europe)
C6DE	Dream Chronicles (USA) (En,Fr)
C6EP	Fashion Tycoon (Europe) (En,Fr,De,Es,It,Nl)
C6ME	TouchMaster 3 (USA) (En,Fr)
C6MP	TouchMaster 3 (Europe) (En,Fr,De,Es,It)
C6PE	Picross 3D (USA) (En,Fr,Es)
C6PP	Picross 3D (Europe) (En,Fr,De,Es,It)
C6QE	Guitar Hero - On Tour - Modern Hits (USA) (En,Fr)
C6QP	Guitar Hero - On Tour - Modern Hits (United Kingdom)
C6TE	Sea Park Tycoon (USA)
C6TP	Sea Park Tycoon (Europe) (En,Fr,De,Es,It,Nl,Sv,No,Da,Fi)
C6VE	Princess in Love (USA) (En,Fr,De,Es,It)
C6VP	Princess in Love (Europe) (En,Fr,De,Es,It)
C6WE	WireWay (USA) (En,Fr,Es)
C6WP	WireWay (Europe) (En,Fr,De,Es,It)
C72P	Tierbabys Puzzle - Echter Puzzlespass fuer Unterwegs (Europe) (En,Fr,De,Es,It)
C73P	Blumen & Muster Puzzle - Echter Puzzlespass fuer Unterwegs (Europe) (En,Fr,De,Es,It)
C74P	Sightseeing Puzzle - Echter Puzzlespass fuer Unterwegs (Europe) (En,Fr,De,Es,It)
C75P	Underwater Puzzle - Echter Puzzlespass fuer Unterwegs (Europe) (En,Fr,De,Es,It)
C76P	Zarah - Das Schloss des Gwoor (Europe) (En,Fr,De,Es,It)
C77P	Sternentaenzer - Das Geheimnisvolle Pferd (Europe) (En,De)
C7BE	Little League World Series Baseball 2009 (USA)
C7FE	Personal Fitness for Women (USA) (En,Fr,Es)
C7FP	Personal Trainer DS for Women (Europe) (En,Fr,De,Es,It)
C7GE	Game Hits! (USA)
C7GP	Game Hits (Europe) (En,Fr,De,Es,It,Nl)
C7LP	DJ Star (Europe) (En,Fr,De,Es,It)
C7ME	Personal Fitness for Men (USA) (En,Fr,Es)
C7MP	Personal Trainer DS for Men (Europe) (En,Fr,De,Es,It)
C7OE	Jonas (USA)
C7OP	Jonas (Europe) (En,Fr,De,Es,It,Nl)
C7OX	Jonas (Europe) (En,Sv,No,Da)
C7PE	Peggle Dual Shot (USA)
C7RP	Roary the Racing Car (United Kingdom)
C7RX	Roary the Racing Car (Europe) (En,Fr)
C7TP	Think - Train Your Senses (Europe) (En,Fr,De,It)
C7UE	Battle of Giants - Dragons (USA) (En,Fr,Es) (Rev 1)
C7UP	Combat of Giants - Dragons (Europe) (En,Fr,De,Es,It,Nl,Sv,No,Da)
C7VP	Bridge Training (Europe) (En,Fr,De,Es,It)
CA2E	Atelier Annie - Alchemists of Sera Island (USA)
CA5E	Again - Interactive Crime Novel (USA)
CA7E	Amazing Adventures - The Forgotten Ruins (USA)
CA7P	Amazing Adventures - The Forgotten Ruins (Europe) (En,Fr,De,Es,It)
CAAE	Animal Paradise - Wild (USA) (En,Fr,Es)
CABE	Animal Boxing (USA)
CAGP	Mais Ou Se Cache Carmen Sandiego - Mystere au Bout du Monde (Europe) (En,Fr)
CAJE	Animal Planet - Emergency Vets (USA) (En,Fr)
CAKE	Cake Mania 2 - Jill's Next Adventure! (USA)
CAKX	Cake Mania 2 - Jill's Next Adventure! (Europe) (En,Fr,De,Es,It,Nl)
CALE	Call of Duty - World at War (USA)
CALP	Call of Duty - World at War (Europe)
CAME	American Girl - Kit Mystery Challenge! (USA)
CANE	Dawn of Discovery (USA) (En,Fr,De,Es,It)
CANP	Anno - Create a New World (Europe) (En,Fr,De,Es,It)
CAOE	Air Traffic Chaos (USA)
CAOP	I Am an... Air Traffic Controller by DS (Europe) (En,Fr,De,Es,It)
CAPE	Sims 2, The - Apartment Pets (USA) (En,Fr,De,Es,It,Nl)
CAPP	Sims 2, The - Apartment Pets (Europe) (En,Fr,De,Es,It,Nl)
CAQP	My Animal Centre (Europe) (En,Fr,De,Es,It,Nl)
CARE	Ant Nation (USA) (En,Fr,Es)
CASE	Casper's Scare School - Classroom Capers (USA)
CASP	Casper's Scare School - Classroom Capers (Europe) (En,Fr,De,Es,It,Nl,Pt,Sv,No,Da,Fi)
CATE	Petz - Catz Clan (USA) (En,Fr,De,Es,It,Nl,Sv,No,Da)
CATP	Petz - My Kitten Family (Europe) (En,Fr,De,Es,It,Nl,Sv,No,Da)
CAVE	Avatar - The Last Airbender - Into the Inferno (USA)
CAVP	Avatar - The Legend of Aang - Into the Inferno (Europe) (En,De,It,Nl)
CAXP	Apassionata (Europe) (En,Fr,De,Es,It)
CAYE	Army Men - Soldiers of Misfortune (USA) (En,Fr,De,Es,It)
CAYP	Army Men - Soldiers of Misfortune (Europe) (En,Fr,De,Es,It)
CB3P	B Team - Metal Cartoon Squad (Europe) (En,Fr,De,Es,It)
CB6E	Space Bust-A-Move (USA) (En,Fr,De,Es,It)
CB6P	Puzzle Bobble Galaxy (Europe) (En,Fr,De,Es,It)
CB7E	Bella Sara (USA) (En,Fr,De,Es,It)
CB7P	Bella Sara (Europe) (En,Fr,De,Es,It)
CB8E	Back at the Barnyard - Slop Bucket Games (USA)
CB8P	Back at the Barnyard - Barnyard Games (Europe)
CB9E	Harvest Moon DS - Grand Bazaar (USA)
CB9P	Harvest Moon DS - Grand Bazaar (Europe) (En,Fr,De,Es,It)
CBAE	My Baby - Boy (USA) (En,Fr,Es)
CBAX	My Baby - Boy (Europe) (En,Fr,De,Es,It,Nl,Pt)
CBBE	Big Bang Mini (USA) (En,Fr,De,Es,It)
CBBP	Big Bang Mini (Europe) (En,Fr,De,Es,It)
CBDE	Bolt - Be-Awesome Edition (USA) (En,Fr,Es)
CBFE	Barbie Fashion Show - An Eye for Style (USA) (En,Fr)
CBFP	Barbie Fashion Show - An Eye for Style (Europe) (En,Fr,De)
CBGE	Bratz - Girlz Really Rock (USA) (En,Fr)
CBGP	Bratz - Girlz Really Rock (Europe) (En,Fr,De,Es,It,Nl,Sv,No,Da)
CBKE	Bolt (USA) (En,Fr,Es)
CBKP	Bolt (Europe) (En,Fr,De,Es,It,Nl)
CBKX	Bolt (Europe) (En,Sv,No,Da)
CBLE	My Fun Facts Coach (USA) (En,Fr)
CBME	Baby Life (USA) (En,Fr,Es)
CBMP	Baby Life (Europe) (En,Fr,De,Es,It,Nl)
CBNP	Real Stories - Mijn Babycreche (Europe) (En,Nl,Sv,No,Da)
CBPE	Bratz Ponyz 2 (USA) (En,Fr,Es)
CBPP	Bratz Ponyz 2 (Europe) (En,Fr,De,Es,It,Nl,Sv,No,Da)
CBQE	Ben 10 - Alien Force (USA) (En,Fr,De,Es,It)
CBQP	Ben 10 - Alien Force (Europe) (En,Fr,De,Es,It)
CBRP	Mind. Body. Soul. - Blend-It (Europe) (En,Fr,De,Es,It)
CBSE	My SAT Coach with The Princeton Review - Crack the SAT (USA)
CBTP	Asterix - Brain Trainer (Europe) (En,Fr,De,Es,It,Nl)
CBVP	Buffy the Vampire Slayer - Sacrifice (Europe) (En,Fr,De,Es,It)
CBXE	Black Sigil - Blade of the Exiled (USA)
CBYE	Babysitting Mania (USA)
CBYP	Babysitting Mania (Europe) (En,Fr,De,Es,It,Nl)
CBZP	Blood Bowl (Europe) (En,Fr,De,Es,It)
CC2E	Casper's Scare School - Spooky Sports Day (USA)
CC2P	Casper's Scare School - Spooky Sports Day (Europe) (En,Fr,De,Es,It,Nl,Pt,Sv,No,Da)
CCCE	Puzzle City (USA)
CCDE	My Secret Diary (USA)
CCDP	My Secret Diary (Europe) (En,Fr,De,Es,It,Sv,No,Da,Fi)
CCEE	Drivers Ed Portable (USA)
CCEP	Drivers' Ed Portable (Europe) (En,Fr,De,Es,It)
CCFE	Fritz Chess (USA) (En,Fr,Es)
CCFP	Fritz (Europe) (En,Fr,De,Es,It)
CCJP	Hospital Giant (Europe) (En,Fr,De,Es,It)
CCKE	SpongeBob vs the Big One - Beach Party Cook-Off (USA) (En,Fr)
CCKK	SpongeBob Yori Daesodong (Korea) (En,Ko)
CCKP	SpongeBob SquarePants - Frantic Fry Cook (Europe) (En,Fr,De,It,Nl)
CCME	TouchMaster 2 (USA) (En,Fr)
CCMP	More TouchMaster (Europe) (En,Fr,De,Es,It)
CCNP	Bibi & Tina - Die Grosse Schnitzeljagd (Europe) (En,Fr,De)
CCPE	Hannah Montana - Pop Star Exclusive (USA) (En,Fr,De,Es,It,Nl,Sv,No,Fi) (Proto)
CCRE	Color Cross (USA) (En,Fr,Es)
CCRP	Colour Cross (Europe) (En,Fr,De,Es,It)
CCWE	Wonder World - Amusement Park (USA)
CCWP	Wonder World - Amusement Park (Europe)
CCXE	Mechanic Master (USA) (En,Fr,De,Es,It)
CCXP	Mechanic Master (Europe) (En,Fr,De,Es,It)
CCYE	Chrysler Classic Racing (USA) (En,Fr,De,Es,It)
CCYP	Chrysler Classic Racing (Europe) (En,Fr,De,Es,It)
CCZE	Zoo Quest - Puzzle Fun! (USA)
CCZP	Zoo Quest - Puzzle Fun! (Europe) (En,Fr,De,Es,It,Nl,Sv,No,Da,Fi,Hu)
CD3E	Dancing with the Stars - We Dance! (USA)
CD4P	Deal or No Deal - The Banker Is Back! (Europe)
CD5E	Battle of Giants - Dinosaurs (USA) (En,Fr,Es)
CD5P	Combat of Giants - Dinosaurs (Europe) (En,Fr,De,Es,It,Nl,Sv,No,Da)
CD7P	Lucky Luke - The Daltons (Europe) (En,Fr,De,Es,It,Nl)
CD8E	Petz - Dogz Pack (USA) (En,Fr,De,Es,It,Nl,Sv,No,Da)
CD8P	Petz - My Puppy Family (Europe) (En,Fr,De,Es,It,Nl,Sv,No,Da)
CDAE	Dragonology (USA) (En,Fr,De,Es,It)
CDAP	Dragonology (Europe) (En,Fr,De,Es,It,Nl)
CDBE	Puzzle Chronicles (USA) (En,Fr,Es)
CDBP	Puzzle Chronicles (Europe) (En,Fr,De,Es,It)
CDCE	Cesar Millan's Dog Whisperer (USA) (En,Fr,Es)
CDCP	My Dog Coach - Understand Your Dog with Cesar Millan (Europe) (En,Fr,Es)
CDEP	Big Deal, The (Europe)
CDFE	Tinker Bell (USA)
CDFP	Tinker Bell (Europe) (En,Fr,De,Es,It,Nl)
CDGE	Disgaea DS (USA)
CDGP	Disgaea DS (Europe) (En,Fr)
CDIP	Diabolik - The Original Sin (Europe) (En,Fr,De,Es,It,Nl)
CDLE	Drawn to Life - SpongeBob SquarePants Edition (USA) (En,Fr)
CDLG	Drawn to Life - SpongeBob SquarePants Edition (Greece) (En,El)
CDLP	Drawn to Life - SpongeBob SquarePants Edition (Europe) (En,Fr,De,It,Nl)
CDLX	Drawn to Life - SpongeBob SquarePants Edition (Europe) (En,Sv,No,Da,Fi)
CDNE	Duke Nukem - Critical Mass (USA) (En,Fr,De,Es,It)
CDNP	Duke Nukem - Critical Mass (Europe) (En,Fr,De,Es,It)
CDPE	Dropcast (USA)
CDPP	Dropcast (Europe) (En,Fr,De,Es)
CDRE	Dora the Explorer - Dora Saves the Snow Princess (USA)
CDSE	Ener-G - Dance Squad (USA) (En,Fr,Es)
CDSP	Imagine - Modern Dancer (Europe) (En,Fr,De,Es,It)
CDUE	My Dress-Up (USA)
CDUP	My Dress-Up (Europe) (En,Fr,De,Es,It,Sv,No,Da,Fi)
CDVE	Dungeon Raiders (USA) (En,Fr,De,Es)
CDVP	Dungeon Raiders (Europe) (En,Fr,De,Es,It)
CDWP	Dora the Explorer - Dora Saves the Snow Princess (Europe)
CDWX	Dora the Explorer - Dora Saves the Snow Princess (Europe) (En,Fr,Nl)
CDXP	Driving Theory Training (Europe)
CDYP	Pferd & Pony - Die Reitakademie (Europe) (En,De)
CDZE	Dragon Ball - Origins (USA)
CDZP	Dragon Ball - Origins (Europe) (En,Fr,De,Es,It)
CE9E	Girl Time - Everything You Need for a Hip, Happening Life! (USA)
CE9P	Element Girls - Love, Fashion & Friends (Europe) (En,Fr,De,Es,It)
CEFE	Elite Forces - Unit 77 (USA) (En,Fr,De,Es,It)
CEFP	Elite Forces - Unit 77 (Europe) (En,Fr,De,Es,It)
CEJE	Emergency Room - Real Life Rescues (USA)
CENE	Imagine - Soccer Captain (USA) (En,Fr,Es)
CEPE	Age of Empires - Mythologies (USA) (En,Fr)
CEPP	Age of Empires - Mythologies (Europe) (En,Fr,De,Es,It)
CERE	Ener-G - Gym Rockets (USA) (En,Fr,Es)
CERP	Imagine - Gymnast (Europe) (En,Fr,De,Es,It,Nl,Sv,No,Da)
CEYE	Aliens - Infestation (USA) (En,Fr,De)
CF2E	Foto Frenzy - Spot the Difference (USA) (En,Fr,Es)
CF2P	Finde die Unterschiede - Foto Frenzy (Europe) (En,Fr,De,Es,It)
CF3E	Freddi Fish - ABC under the Sea (USA)
CF3P	Freddi Fish - ABC under the Sea (Europe) (En,Fr,De,Es,It,Nl)
CF4E	My Farm Around the World (USA) (En,Fr)
CF4P	My Farm Around the World (Europe) (En,Fr,De,Es,It,Pt)
CF5E	My Friends (USA) (En,Fr,Es)
CF5P	My Friends (Europe) (En,Fr,De,Es,It)
CF6E	Six Flags Fun Park (USA) (En,Fr)
CF8E	Fashion Week Jr. - Designer (USA) (En,Fr,Es)
CF8P	Fashion Designer - High Fashion (Europe) (En,Fr,De,Es,It)
CF9E	FIFA Soccer 09 (USA) (En,Fr,De,Es,It)
CF9P	FIFA 09 (Europe) (En,Fr,De,Es,It)
CFAE	G-Force (USA) (En,Fr,Es)
CFAP	G-Force (Europe) (En,Fr,Es,Nl)
CFAY	G-Force (Europe) (En,Sv,No,Da)
CFDE	Imagine - Fashion Designer - New York (USA) (En,Fr,Es,Pt)
CFDP	Imagine - Fashion Model (Europe) (En,Fr,De,Es,It,Nl,Pt,Sv,No,Da)
CFFP	Football Director DS (Europe)
CFHP	Football Academy - Build and Prove Your Football Knowledge (Europe) (En,Fr,De,Es,It)
CFIE	Final Fantasy Crystal Chronicles - Echoes of Time (USA) (En,Fr,Es)
CFIP	Final Fantasy Crystal Chronicles - Echoes of Time (Europe) (En,Fr,De,Es)
CFJE	Fast Food Panic (USA) (En,Fr,Es)
CFJP	Fast Food Panic (Europe) (En,Fr,De,Es,It)
CFME	Monster Rancher DS (USA)
CFPE	Phineas and Ferb (USA)
CFQE	Backyard Football '09 (USA)
CFRE	Super Robot Taisen OG Saga - Endless Frontier (USA)
CFSP	Real Stories - Fashion Shop (Europe) (En,Fr)
CFSX	Real Stories - Passion 4 Fashion (Europe) (En,Nl,Sv,No,Da)
CFUP	My Boyfriend (Europe) (En,Fr,De,Es,It)
CFUX	My Boyfriend (Germany) (En,De)
CFVE	My Boyfriend (Summer of My Life) (USA) (En,Fr,De,Es,It)
CFWE	Monster Frenzy (USA) (En,Fr,Es)
CFXE	Bigfoot - Collision Course (USA)
CG2P	Pferd & Pony - Mein Gestuet - Ein Leben fuer die Pferde (Europe) (En,Fr,De,Es,It)
CG3E	Gardening Mama (USA)
CG3P	Gardening Mama (Europe) (En,Fr,De,Es,It)
CG5E	Grey's Anatomy - The Video Game (USA) (En,Fr,Es)
CG5P	Grey's Anatomy - The Video Game (Europe) (En,Fr,De,Es,It)
CG6E	Guitar Rock Tour (USA) (En,Fr,Es)
CG6P	Guitar Rock Tour (Europe) (En,Fr,De,Es,It,Nl)
CGBE	My Baby - Girl (USA) (En,Fr,Es)
CGBX	My Baby - Girl (Europe) (En,Fr,De,Es,It,Nl,Pt)
CGDE	Go, Diego, Go! - Great Dinosaur Rescue (USA)
CGDP	Go, Diego, Go! - Great Dinosaur Rescue (Europe) (En,Fr,Nl)
CGEE	Imagine - Cheerleader (USA) (En,Fr,Es)
CGFE	Garfield's Fun Fest (USA)
CGFP	Garfield's Fun Fest (Europe) (En,Fr,De,Es,It)
CGHE	Hotel Giant DS (USA) (En,Fr,Es)
CGHP	Hotel Giant DS (Europe) (En,Fr,De,Es,It)
CGJP	Guild DS, The (Europe) (En,Fr,De)
CGNE	Guinness World Records - The Videogame (USA) (En,Fr,Es)
CGNP	Guinness World Records - The Videogame (Europe) (En,Fr,De,Es,It)
CGOP	Golden Balls (Europe)
CGPE	Goosebumps HorrorLand (USA)
CGPP	Goosebumps HorrorLand (Europe)
CGQE	Petz Rescue - Endangered Paradise (USA) (En,Fr,Es)
CGQP	Planet Rescue - Endangered Island (Europe) (En,Fr,De,Es,It,Nl,Sv,No,Da)
CGSE	Guitar Hero - On Tour - Decades (USA) (En,Fr)
CGSP	Guitar Hero - On Tour - Decades (United Kingdom)
CGWE	Game & Watch Collection 2 (USA) (Club Nintendo)
CH4E	Ener-G - Horse Riders (USA) (En,Fr,Es)
CH4P	Imagine - Champion Rider (Europe) (En,Fr,De,Es,It,Nl,Sv,No,Da)
CH6E	Harry Potter and the Half-Blood Prince (USA) (En,Fr,Es)
CH6J	Harry Potter to Nazo no Prince (Japan) (En,Ja)
CH6P	Harry Potter and the Half-Blood Prince (Europe) (En,Fr,De,Es,It,Nl)
CH8P	Horseland (Europe) (En,De,Nl,Sv)
CHCE	My Hero - Doctor (USA)
CHEP	Learn to Play Chess with Fritz & Chesster (Europe) (En,Fr,De,Es,It)
CHFE	Horse Life - Adventures (USA) (En,Fr,Es)
CHFP	Ellen Whitaker's Horse Life (Europe) (En,Fr,De,Es,It,Nl)
CHKE	Hell's Kitchen - The Game (USA) (En,Fr,De,Es,It)
CHKP	Hell's Kitchen - The Game (Europe) (En,Fr,De,Es,It)
CHME	High School Musical 3 - Senior Year (USA) (En,Fr,Es)
CHMP	High School Musical 3 - Senior Year (Europe) (En,Fr,De,Es,It,Nl)
CHNE	Might & Magic - Clash of Heroes (USA) (En,Fr,Es)
CHNP	Might & Magic - Clash of Heroes (Europe) (En,Fr,De,Es,It)
CHOE	My Hero - Firefighter (USA)
CHOP	Let's Play Firemen (Europe) (En,Fr,De,Es,It)
CHSP	How to Pass Your Driving Test (Europe)
CHVE	Happy Cooking (USA)
CHVP	My Happy Kitchen (Europe) (En,Fr,De,Es,It)
CHWP	Drachenspass mit Hexe Lilli (Europe) (En,Fr,De,Es,It)
CHXE	History - Great Empires - Rome (USA) (En,Fr,De,Es,It)
CHXP	History - Great Empires - Rome (Europe) (En,Fr,De,Es,It)
CHYE	Professor Heinz Wolff's Gravity (USA) (En,Fr,De,Es,It)
CHYP	Professor Heinz Wolff's Gravity (Europe) (En,Fr,De,Es,It)
CI2P	12 (Europe)
CI3E	Ice Age - Dawn of the Dinosaurs (USA) (En,Fr)
CI3P	Ice Age 3 - Dawn of the Dinosaurs (Europe) (En,Sv)
CI4E	Diva Girls - Divas on Ice (USA) (En,Fr,Es)
CI4P	Diva Girls - Princess on Ice 2 (Europe) (En,Fr,De,Es,It)
CI5E	Igor - The Game (USA)
CI5P	Igor - The Game (Europe) (En,Fr,De,Es,It)
CI7E	Hannah Montana - The Movie (USA)
CI7P	Hannah Montana - The Movie (United Kingdom)
CI7X	Hannah Montana - The Movie (Europe) (En,Es,It)
CI7Y	Hannah Montana - The Movie (Europe) (En,Fr,De,Nl)
CI7Z	Hannah Montana - The Movie (Europe) (En,Sv,No,Da)
CI9E	th!nk - Logic Trainer - KIDS! (USA)
CI9P	Kids Learn - 2Think - A+ Edition - Multiplayer (USA) (DS Broadcast)
CICE	Unsolved Crimes (USA)
CICP	Unsolved Crimes (Europe) (En,Fr,De,Es,It)
CIDE	Imagine - Interior Designer (USA) (En,Fr,Es)
CIDP	Imagine - Interior Designer (Europe) (En,Fr,De,Es,It,Nl)
CIEE	Dawn of Heroes (USA)
CIFP	Imagine - My Restaurant (Europe) (En,Fr,De,Es,It)
CIHE	Incredible Hulk, The (USA) (En,Fr,De,Es,It)
CIHP	Incredible Hulk, The (Europe) (En,Fr,De,Es,It)
CIJE	Junior Classic Games (USA) (En,Fr,De,Es,It)
CIJP	Junior Classic Games (Europe) (En,Fr,De,Es,It)
CIME	Imagine - Movie Star (USA) (En,Fr,Es)
CIMP	Imagine - Movie Star (Europe) (En,Fr,De,Es,It,Nl,Sv,No,Da)
CIOE	1 vs 100 (USA)
CIQE	Emergency! - Disaster Rescue Squad (USA)
CIQP	Emergency (Europe) (En,Fr,Es,It,Nl)
CIRE	Imagine - Rock Star (USA) (En,Fr,De,Es,It)
CIRP	Imagine - Girl Band (Europe) (En,Fr,De,Es,It)
CIRX	Imagine - Girl Band (Europe) (En,Nl,Sv,No,Da)
CISP	Dancing on Ice (Europe)
CITE	Imagine - Teacher (USA) (En,Fr,Es,Pt)
CITP	Imagine - Teacher (Europe) (En,Fr,De,Es,It,Nl,Pt,Sv,No,Da)
CIUE	Overlord Minions (USA) (En,Fr,Es)
CIUP	Overlord Minions (Europe) (En,Fr,De,Es,It)
CIXP	Pass Your Driving Theory Test (Europe)
CIYE	Knights (USA) (En,Fr,De,Es,Nl)
CIYP	Knight - Hero of the Kingdom (Europe) (En,Fr,De,Es,Nl)
CIYX	Knight - Hero of the Kingdom (Europe) (En,It,Sv,No,Fi)
CIZE	Imagine - Babysitters (USA) (En,Fr,Es,Pt)
CIZP	Imagine - Baby Club (Europe) (En,Fr,De,Es,It,Nl,Pt,Sv,No,Da)
CJ2P	MinDStorm 2 (Europe) (En,Fr,De,Es,It)
CJ3E	Humans, The - Meet the Ancestors! (USA) (En,Fr,Es)
CJ3P	Humans, The - Meet the Ancestors! (Europe) (En,Fr,De,Es,It)
CJ4E	Hidden Objects - Mystery Stories (USA) (En,Fr,Es)
CJ4P	Hidden Objects - The Big Journey (Europe) (En,De)
CJ4X	Mystery Stories (Europe) (En,Fr,De,Nl)
CJ7E	Witch's Wish (USA)
CJAE	Jagged Alliance (USA)
CJBE	Johnny Bravo in the Hukka-Mega-Mighty-Ultra-Extreme Date-O-Rama! (USA) (En,Es,It)
CJBX	Johnny Bravo in the Hukka-Mega-Mighty-Ultra-Extreme Date-O-Rama! (Europe) (En,Es,It)
CJCE	My Japanese Coach - Learn a New Language (USA)
CJCP	My Japanese Coach - Learn to Speak Japanese (Europe)
CJIP	Sam Power - Footballer (Europe) (En,Fr,De,Es,It,Nl,Sv,No,Da)
CJJE	Jelly Belly - Ballistic Beans! (USA) (En,Fr,Es)
CJJP	Jelly Belly - Ballistic Beans! (Europe) (En,Fr,De,Es,It)
CJKE	Nostalgia (USA)
CJLP	Mind Your Language - Learn Japanese! (Europe) (En,Fr,De,Es,It)
CJNE	Jumble Madness (USA)
CJOE	Jojo's Fashion Show - Design in a Dash! (USA) (En,Fr,Es)
CJOP	Jojo's Fashion Show (Europe) (En,Fr,De,Es,It)
CJPE	G.I. Joe - The Rise of Cobra (USA) (En,Fr,Es)
CJPP	G.I. Joe - The Rise of Cobra (Europe) (En,Fr,De,Es,It)
CJQE	Hysteria Hospital - Emergency Ward (USA) (En,Fr,Es)
CJQP	Hysteria Hospital - Emergency Ward (Europe) (En,Fr,De,Es,It)
CJRE	Dragon Quest Monsters - Joker 2 (USA) (En,Fr,De,Es,It)
CJRP	Dragon Quest Monsters - Joker 2 (Europe) (En,Fr,De,Es,It)
CJSP	Let's Play Fashion Designer (Europe) (En,Fr,De,Es,It)
CJWE	Junior Brain Trainer (USA) (En,Fr,De,Es,It)
CJWP	Junior Brain Trainer (Europe) (En,Fr,De,Es,It)
CJXE	Riding Academy 2 (USA)
CJXP	Pferd & Pony - Die Reitakademie - Das Entscheidende Turnier (Europe) (En,De)
CK2P	Kirikou et les Betes Sauvages (Europe) (En,Fr,De,Es,It)
CK5E	MySims - Kingdom (USA) (En,Fr,Es)
CK5J	Boku to Sim no Machi - Kingdom (Japan) (En,Ja)
CK5P	MySims - Kingdom (Europe) (En,Fr,De,Es,It,Nl,Pt,Sv,Pl,Cs,Hu)
CKAP	Benoit Sokal Last King of Africa (Europe) (En,Fr,De,Es,It)
CKBE	Left Brain, Right Brain 2 (USA)
CKBX	Left Brain, Right Brain 2 (Europe) (En,Fr,De)
CKCE	Candace Kane's Candy Factory (USA)
CKFE	Kung Fu Panda - Legendary Warriors (USA) (En,Fr)
CKFP	Kung Fu Panda - Legendary Warriors (Europe) (En,Fr,De,Es,It,Nl)
CKHE	Hotel for Dogs (USA)
CKHP	Hotel for Dogs (Europe) (En,Fr,De,Es,It)
CKJP	Dance Floor (Europe) (En,Fr,De,Es,It,Nl,Pt)
CKLP	Clueless Fashion (Europe) (Proto)
CKNE	Knights in the Nightmare (USA)
CKQE	Bratz Kidz - Slumber Party (USA) (En,Fr,Es)
CKQP	Bratz Kidz - Party (Europe) (En,Fr,De,Es,It,Sv,No,Da)
CKTE	Discovery Kids - Kitten Corner (USA) (En,Fr,Es)
CKTP	My Pet Kitten (Europe) (En,Fr,De,Es,It)
CKXE	Math Blaster in the Prime Adventure (USA)
CKZE	My DoItAll (USA) (En,Fr,Es)
CL3P	Love Is... in Bloom - The Flower Shop Garden (Europe) (En,Fr,De,Es,It,Nl,Ru)
CL6E	Chase, The - Felix Meets Felicity (USA) (En,Fr,De,Es,It)
CL7E	Build-a-Lot (USA)
CL7P	Build-a-Lot (Europe)
CL8E	Clique, The - Diss and Make Up (USA) (En,Fr,Es)
CL8P	Clique, The - Queen Teen (Europe) (En,Fr,De,Es,It)
CLBE	Imagine - Ballet Star (USA) (En,Fr,De,Es,It,Nl)
CLBP	Imagine - Ballet Dancer (Europe) (En,Fr,De,Es,It,Nl)
CLCP	Groovy Chick - My Fashion World (Europe) (En,De,Es,It)
CLEP	Successfully Learning English (Europe) (En,Fr,De,Es,It,Tr)
CLFE	Code Lyoko - Fall of X.A.N.A. (USA) (En,Fr)
CLFP	Code Lyoko - Fall of X.A.N.A. (Europe) (En,Fr)
CLGE	Learn Math (USA) (En,Es)
CLGW	Successfully Learning Mathematics (Europe) (En,Fr,De,Es,It,Ru)
CLGY	Learning Maths (Europe) (En,Fr,It)
CLHE	Little League World Series Baseball 2008 (USA)
CLIE	Monsters vs Aliens (USA) (En,Fr)
CLIP	Monsters vs Aliens (Europe) (En,Fr,Nl,Sv)
CLJE	Mario & Luigi - Bowser's Inside Story (USA) (En,Fr,Es)
CLJP	Mario & Luigi - Bowser's Inside Story (Europe) (En,Fr,De,Es,It)
CLKP	Clever Kids - Pirates (Europe)
CLNP	Mind Your Language - Lern Deutsch! (Europe) (En,Fr,De,Es,It)
CLPE	Club Penguin - Elite Penguin Force (USA)
CLPP	Club Penguin - Elite Penguin Force (Europe)
CLQE	Lord of the Rings, The - Conquest (USA) (En,Fr,De,Es,It)
CLQP	Lord of the Rings, The - Conquest (Europe) (En,Fr,De,Es,It)
CLRE	Line Rider 2 - Unbound (USA)
CLRP	Line Rider - Freestyle (Europe) (En,Fr,De,Es,It)
CLVP	Clever Kids - Farmyard Fun (Europe)
CLWE	Star Wars - The Clone Wars - Jedi Alliance (USA) (En,Fr,De,Es)
CLWP	Star Wars - The Clone Wars - Jedi Alliance (Europe) (En,Fr,De,Es)
CLXP	Mind Your Language - Apprends le Francais! (Europe) (En,Fr,De,Es,It)
CLYP	Mind Your Language - Aprende Espanol! (Europe) (En,Fr,De,Es,It)
CLZE	Shrek's Carnival Craze - Party Games (USA) (En,Fr)
CLZP	Shrek's Carnival Craze - Party Games (Europe) (En,Fr,De,Es,It,Nl)
CM3E	SimAnimals (USA) (En,Fr,De,Es,It,Nl,Pt,Sv,No,Da)
CM3J	SimAnimals (Japan) (En,Ja)
CM3K	SimAnimals (Korea) (En,Ko)
CM3P	SimAnimals (Europe) (En,Fr,De,Es,It,Nl,Pt,Sv,No,Da)
CM4E	Monster Band (USA) (En,Fr,De,Es,It)
CM4P	Music Monstars - The Ultimate Music Machine (Europe) (En,Fr,De,Es,It)
CM5E	Monster Jam - Urban Assault (USA) (En,Fr)
CM5P	Monster Jam - Urban Assault (Europe) (En,Fr,De,Es,It)
CM6E	Rhapsody - A Musical Adventure (USA)
CM6P	Rhapsody - A Musical Adventure (Europe) (En,Fr)
CM8E	Petz - Monkeyz House (USA) (En,Fr,De,Es,It,Nl,Sv,No,Da)
CM8P	Petz - My Monkey Family (Europe) (En,Fr,De,Es,It,Nl,Sv,No,Da)
CM9E	Crazy Chicken Adventure - The Pharaoh's Treasure (USA) (En,Fr,De,Es,It)
CM9P	Moorhuhn Adventure - The Pharaoh's Treasure (Europe) (En,Fr,De,Es,It)
CMDE	Madden NFL 09 (USA)
CMDP	Madden NFL 09 (Europe)
CMGE	Madagascar - Escape 2 Africa (USA)
CMGP	Madagascar - Escape 2 Africa (United Kingdom)
CMIE	Margot's Word Brain (USA) (En,Fr,Es)
CMIP	Margot's Word Brain (Europe) (En,Fr,De,Es,It)
CMJP	Mahjong - Eine Reise um die Welt (Europe) (En,Fr,De,Es,It)
CMLE	Major League Baseball 2K9 - Fantasy All-Stars (USA) (En,Fr,Es)
CMPE	Space Chimps (USA) (En,Fr)
CMPP	Space Chimps (Europe) (En,Fr,De,Es,It)
CMQX	My Horse Club (Europe) (En,De,Es,It,Nl)
CMRE	Mushroom Men - Rise of the Fungi (USA) (En,Fr,De,Es,It)
CMRP	Mushroom Men - Rise of the Fungi (Europe) (En,Fr,De,Es,It)
CMSE	MySims - Party (USA) (En,Fr,Es)
CMSP	MySims - Party (Europe) (En,Fr,De,Es,It,Nl,Pt)
CMTE	Moto Racer DS (USA) (En,Fr,Es)
CMTP	Moto Racer DS (Europe) (En,Fr,De,Es,It)
CMUE	My Make-Up (USA)
CMUP	My Make-Up (Europe) (En,Fr,De,Es,It,Sv,No,Da,Fi)
CMVE	Crazy Chicken Jump'n Run - Atlantis Quest (USA) (En,Fr,De,Es,It)
CMVP	Moorhuhn Jump'n Run - Atlantis (Europe) (En,Fr,De,Es,It)
CMWP	Mind Your Language - Learn English! (Europe) (En,Fr,De,Es,It,Pt)
CMXE	M&M's - Adventure (USA)
CN7P	Catan (Europe) (En,De)
CNAE	Jewel Quest - Solitaire Trio (USA) (En,Fr,Nl)
CNAP	Jewel Quest - Solitaire - Solitaire with a Twist! (Europe)
CNAW	Jewel Quest - Solitaire Trio (Europe)
CNAY	Jewel Quest - Solitaire Trio (Europe) (En,Fr,Nl)
CNBE	Naked Brothers Band, The - The Video Game (USA)
CNBP	Naked Brothers Band, The - The Video Game (Europe)
CNDE	Need for Speed - Undercover (USA) (En,Fr,De,Es,It,Nl)
CNDP	Need for Speed - Undercover (Europe) (En,Fr,De,Es,It,Nl)
CNGE	Imagine - Music Fest (USA) (En,Fr)
CNHP	Phineas and Ferb (Europe) (En,Fr,De,Es,It)
CNIP	Oscar der Ballonfahrer - Tierische Abenteuer (Europe) (En,De)
CNJE	Ninjatown (USA)
CNJP	Ninjatown (Europe) (En,Fr,De,Es,It)
CNME	Nancy Drew - The Mystery of the Clue Bender Society (USA)
CNMP	Nancy Drew - The Mystery of the Clue Bender Society (Europe) (En,Fr,De)
CNPP	Nadia - Megafun Land (Europe) (En,Fr)
CNRE	Naruto Shippuden - Ninja Destiny 2 (USA)
CNRP	Naruto - Ninja Destiny II - European Version (Europe) (En,Fr,De,Es,It)
CNSE	Naruto Shippuden - Naruto vs Sasuke (USA)
CNVE	Personal Trainer - Cooking (USA)
CNVP	Cooking Guide - Can't Decide What to Eat (Europe)
CNYE	My Chinese Coach - Learn a New Language (USA)
CNYP	My Chinese Coach - Learn to Speak Chinese (Europe) (En,Fr,De,Es,It)
CO5P	Clever Kids - Creepy Crawlies (Europe) (En,Fr,De,Es,It)
COCE	Underwater Attack (USA)
COLE	Mario & Sonic at the Olympic Winter Games (USA) (En,Fr,Es)
COLP	Mario & Sonic at the Olympic Winter Games (Europe) (En,Fr,De,Es,It)
CONP	I Did It Mum! 2 - Girl (Europe) (En,Fr,De,Es,It)
COOE	Moon (USA)
COOP	Moon (Europe) (En,Fr,De,Es,It)
COPE	Dreamer Series - Pop Star (USA) (En,Fr,De,Es,It,Nl)
COPP	Music Star - I Wanna Be a Popstar (Europe) (En,Fr,De,Es,It,Nl)
COPX	Vie d'Emma, La - Super Star (Europe) (En,Fr,It)
COQE	Littlest Pet Shop - Spring (USA) (En,Fr,Es)
COQP	Littlest Pet Shop - Spring (Europe) (En,Fr,De,Es,It)
COSE	Petz Rescue - Ocean Patrol (USA) (En,Fr,Es)
COSP	Planet Rescue - Ocean Patrol (Europe) (En,Fr,De,Es,It,Nl,Sv,No,Da)
COTP	I Did It Mum! 2 - Boy (Europe) (En,Fr,De,Es,It)
COUE	Desktop Tower Defense (USA)
COYE	Pony Friends 2 (USA) (En,Fr,De,Es,It)
COYP	Pony Friends 2 (Europe) (En,Fr,De,Es,It)
COZE	Wizard of Oz, The - Beyond the Yellow Brick Road (USA)
CP2E	Imagine - Makeup Artist (USA) (En,Fr)
CP3E	Viva Pinata - Pocket Paradise (USA) (En,Fr,Es)
CP3P	Viva Pinata - Pocket Paradise (Europe) (En,Fr,De,Es,It,Nl,Sv,No,Da)
CP5E	Prince of Persia - The Fallen King (USA) (En,Fr,De,Es,It)
CP5P	Prince of Persia - The Fallen King (Europe) (En,Fr,De,Es,It)
CP6P	Go! Go! Cosmo Cops! (Europe) (En,Fr,De,Es,It)
CP7E	Puffins - Island Adventure (USA) (En,Fr)
CP8E	Petz - Horseshoe Ranch (USA) (En,Fr,De,Es,It,Nl,Sv,No,Da)
CP8P	Petz - My Horse Family (Europe) (En,Fr,De,Es,It,Nl,Sv,No,Da)
CPAE	Pass the Pigs - Let the Good Swines Roll! (USA)
CPAP	Pass the Pigs - Let the Good Swines Roll! (Europe)
CPCE	Puzzler Collection (USA)
CPCP	Puzzler Collection (Europe)
CPDE	Discovery Kids - Dolphin Discovery (USA)
CPDP	My Pet Dolphin 2 (Europe) (En,Fr,De,Es,It)
CPFE	USA Today - Puzzle Craze (USA)
CPHE	Discovery Kids - Puppy Playtime (USA) (En,Fr,Es)
CPHP	My Pet Puppy (Europe) (En,Fr,De,Es,It)
CPIP	Know How - Spielend um die Ecke denken (Europe) (En,Fr,De,Es,It)
CPJE	Littlest Pet Shop - Jungle (USA) (En,Fr,Es)
CPJP	Littlest Pet Shop - Jungle (Europe) (En,Fr,De,Es,It,Nl,Sv,No,Da,Fi,Pl,Cs)
CPKP	Adventures of Pinocchio (Europe)
CPLE	Rollin' Rascals (USA)
CPLP	Animal Kororo (Europe) (En,Fr,De,Es,It)
CPME	Pipe Mania (USA) (En,Fr)
CPMP	Pipe Mania (Europe) (En,Fr,De,Es,It,Nl)
CPNP	Peter Pan's Playground (Europe)
CPOE	Discovery Kids - Pony Paradise (USA) (En,Fr,Es)
CPOP	My Pet Pony (Europe) (En,Fr,De,Es,It)
CPPE	MLB Power Pros 2008 (USA)
CPQE	Puzzle Quest - Galactrix (USA) (En,Fr,De,Es,It)
CPQP	Puzzle Quest - Galactrix (Europe) (En,Fr,De,Es,It)
CPRE	Animal Paradise (USA) (En,Fr,Es)
CPSE	Littlest Pet Shop - Garden (USA) (En,Fr,Es)
CPSP	Littlest Pet Shop - Garden (Europe) (En,Fr,De,Es,It,Nl,Sv,No,Da,Fi,Pl,Cs)
CPUE	Pokemon - Platinum Version (Europe)
CPVE	Petz Rescue - Wildlife Vet (USA) (En,Fr,Es,Pt)
CPVP	Planet Rescue - Animal Emergency (Europe) (En,Fr,De,Es,It,Nl,Pt,Sv,No,Da)
CPWE	Littlest Pet Shop - Winter (USA) (En,Fr,Es)
CPWP	Littlest Pet Shop - Winter (Europe) (En,Fr,De,Es,It,Nl,Sv,No,Da,Fi,Pl,Cs)
CPXP	Pocket Book - My Personal Diary (Europe) (En,Fr,De,Es,It,Nl)
CPXX	Emily - My Personal Diary (Europe) (En,Fr,De,Es,It,Nl)
CPZE	Paws & Claws - Pampered Pets (USA)
CQ7E	Henry Hatsworth in the Puzzling Adventure (USA) (En,Fr,De,Es,It)
CQ7P	Henry Hatsworth in the Puzzling Adventure (Europe) (En,Fr,De,Es,It)
CQ8E	Aqua Panic! (USA) (En,Fr,Es)
CQ8P	Aqua Panic! (Europe) (En,Fr,De,Es,It,Nl,Pt)
CQAE	Brain Quest - Grades 3 & 4 (USA)
CQBE	Brain Quest - Grades 5 & 6 (USA)
CQEE	Quest Trio, The - Jewels, Cards and Tiles (USA)
CQEP	Quest Trio, The (Europe)
CQEY	Quest Trio, The - Jewels, Cards and Tiles (Europe) (En,Fr,Nl)
CQJE	Mahjong Journey - Quest for Tikal (USA) (En,Fr,De,Es,It)
CQJP	Mahjongg - Ancient Mayas (Europe) (En,Fr,De,Es,It,Nl)
CQJX	Mahjongg - Ancient Mayas (Europe) (En,Fr,De,Es,It)
CQKP	NRL Mascot Mania (Australia)
CQMP	Magic Roundabout, The (Europe) (En,Fr,De,Es,It,Nl)
CQOP	Are You Smarter than a 10 Year Old - The Official Nintendo DS Game (Europe)
CQPE	Dreamer Series - Babysitter (USA) (En,Fr,Es)
CQPP	Let's Play Mums (Europe) (En,Fr,De,Es,It)
CQQP	AFL Mascot Manor (Australia)
CQRE	MySims - Racing (USA) (En,Fr,Es)
CQRP	MySims - Racing (Europe) (En,Fr,De,Es,It,Nl)
CQSE	007 - Quantum of Solace (USA) (En,Fr)
CQSP	007 - Quantum of Solace (Europe) (En,Fr)
CQTE	Pop Cutie! - Street Fashion Simulation (USA)
CQVE	Scooby-Doo! - First Frights (USA) (En,Fr,De,Es,It)
CQVP	Scooby-Doo! - First Frights (Europe) (En,Fr,De,Es,It)
CQXP	Tecktonik - World Tour (Europe) (En,Fr,De,Es,It)
CQZE	101 in 1 Explosive Megamix (USA) (En,Fr,Es)
CQZP	101 in 1 Explosive Megamix (Europe) (En,Fr,De,Es,It,Nl)
CR4P	Fee Lili-Rose 2, La - Mon Monde Merveilleux (Europe) (En,Fr,It)
CR5E	Reader Rabbit - Kindergarten (USA)
CR8E	Crash - Mind over Mutant (USA) (En,Fr,De,Es,It,Nl)
CR8P	Crash - Mind over Mutant (Europe) (En,Fr,De,Es,It,Nl)
CRAE	Cradle of Rome (USA) (En,Fr,De,Es,It,Nl)
CRAP	Jewel Master - Cradle of Rome (Germany) (En,Fr,De,Es,It,Nl)
CRAX	Jewel Master - Cradle of Rome (Europe) (En,Fr,De,Es,It,Nl)
CRBE	Mega Man Star Force 3 - Black Ace (USA)
CRCE	Jake Power - Fireman (USA) (En,Fr,Es)
CRCP	Sam Power - Firefighter (Europe) (En,Fr,De,Es,It,Nl,Sv,No,Da)
CRCU	Jake Power - Firefighter (Australia) (En,Fr,Es)
CRDE	Red Bull BC One (USA) (En,Fr,De,Es,It)
CRDP	Red Bull BC One (Europe) (En,Fr,De,Es,It)
CREE	C.O.R.E. (USA) (En,Fr,De,Es,It)
CRFE	Real Soccer 2009 (USA) (En,Fr,Es)
CRFP	Real Football 2009 (Europe) (En,Fr,De,Es,It,Nl)
CRGP	Polar Rampage (Europe) (En,Fr,De,Es,It,Pt)
CRHP	My Pet Beauty Salon (Europe) (En,Fr,De,Es,It)
CRHX	Mein Beautyhotel fuer Tiere (Germany) (En,De)
CRIE	Rayman - Raving Rabbids - TV Party (USA) (En,Fr,Es)
CRIP	Rayman - Raving Rabbids - TV Party (Europe) (En,Fr,De,Es,It,Nl)
CRJE	Jake Power - Policeman (USA) (En,Fr,Es)
CRJP	Sam Power - Policeman (Europe) (En,Fr,De,Es,It,Nl,Sv,No,Da)
CRJU	Jake Power - Policeman (Australia) (En,Fr,Es)
CRKE	Rock Revolution (USA) (En,Fr,Es)
CRKP	Rock Revolution (Europe) (En,Fr,De,Es,It,Sv,No,Da,Fi)
CRLE	Coraline (USA) (En,Fr,Es)
CRLP	Coraline (Europe) (En,Fr,De,Es,It)
CRNP	Ready Steady Cook - The Game (United Kingdom)
CROP	Have Fun with Crosswords (Europe)
CRPE	Price Is Right, The (USA) (En,Fr)
CRQE	Jake Power - Handyman (USA) (En,Fr,Es)
CRQP	Sam Power - Handyman (Europe) (En,Fr,De,Es,It,Nl,Sv,No,Da)
CRQU	Jake Power - Handyman (Australia) (En,Fr,Es)
CRRE	Mega Man Star Force 3 - Red Joker (USA)
CRSE	Bermuda Triangle - Saving the Coral (USA)
CRSP	Bermuda Triangle (Europe) (En,Fr,De,Es,It)
CRVP	Road to Vegas (Europe)
CRWE	Rubik's World (USA) (En,Fr,Es)
CRWP	Rubik's Puzzle World (Europe) (En,Fr,De,Es,It)
CRYE	Crazy Chicken - Star Karts (USA) (En,Fr,De,Es,It)
CRYP	Moorhuhn - Star Karts (Europe) (En,Fr,De,Es,It)
CRZE	Crazy Machines (USA)
CRZP	Crazy Machines (Europe) (En,Fr,De,Es,It)
CRZX	Crazy Machines (Europe) (En,De)
CS2E	Shining Stars - Super Starcade (USA)
CS3E	Sonic & SEGA All-Stars Racing (USA) (En,Fr,Es)
CS3P	Sonic & SEGA All-Stars Racing (Europe) (En,Fr,De,Es,It)
CS5E	Spider-Man - Web of Shadows (USA) (En,Fr)
CS5P	Spider-Man - Web of Shadows (Europe) (En,Fr,De)
CS6E	Sherlock Holmes - The Mystery of the Mummy (USA) (En,Fr,Es)
CS6P	Sherlock Holmes DS - The Mystery of the Mummy (Europe) (En,Fr,De,Es,It)
CS8P	Scrabble Interactive - 2009 Edition (Europe) (En,Fr)
CS9E	SpongeBob SquarePants Featuring Nicktoons - Globs of Doom (USA) (En,Fr)
CS9P	SpongeBob SquarePants Featuring Nicktoons - Globs of Doom (Europe) (En,Fr,De,Es,It)
CSAE	Safari Adventures - Africa (USA)
CSAP	Safari Adventures - Africa (Europe) (En,Fr,De,Es,It,Nl)
CSBP	Hello Baby! (Europe) (En,Fr,De,Es,It)
CSCE	Barbie Horse Adventures - Riding Camp (USA) (En,Fr)
CSCP	Barbie Horse Adventures - Riding Camp (Europe) (En,Fr,De,Es,It,Nl)
CSDE	Sushi Academy (USA) (En,Fr,Es)
CSDP	Sushi Academy (Europe) (En,Fr,De,Es,It)
CSIE	Sally's Salon (USA)
CSLE	Slingo Quest (USA)
CSMP	Totally Spies! - My Secret Diary (Europe) (En,Fr,Es,Nl)
CSNP	Sonic Chronicles - The Dark Brotherhood (Europe) (En,Fr,De,Es,It)
CSOP	Sokoban DS (Europe) (En,Fr,De,Es,It)
CSPE	Lock's Quest (USA) (En,Fr)
CSPP	Lock's Quest (Europe) (En,Fr,De,Es,It)
CSPX	Lock's Quest (Europe) (En,Sv,No,Da,Fi)
CSQE	thinkSMART Games - Scotland Yard - Hunting Mister X (USA)
CSQP	Scotland Yard - Hunting Mister X (Europe) (En,De)
CSSP	Shining Stars - Super Starcade (Europe) (En,Fr,De,Es,It)
CSTE	Are You Smarter than a 5th Grader - Make the Grade (USA)
CSUE	Shaun the Sheep (USA) (En,Ja,Fr,De,Es,It)
CSUP	Shaun the Sheep (Europe) (En,Ja,Fr,De,Es,It)
CSVE	Skate It (USA) (En,Fr,De,Es,It,Nl)
CSVP	Skate It (Europe) (En,Fr,De,Es,It,Nl)
CSWE	Star Wars - Battlefront - Elite Squadron (USA) (En,Fr)
CSWP	Star Wars - Battlefront - Elite Squadron (Europe) (En,Fr)
CSXE	Smart Boy's Toys Club (USA)
CSYE	Smart Girl's Party Game (USA)
CSZE	Smart Kid's Party Fun Pak (USA)
CT4P	Totally Spies! 4 - Around the World (Europe) (En,Fr,Es,Nl)
CT7P	Super Fun Chess (Europe) (En,De,Es,It)
CTAE	Galactic Taz Ball (USA) (En,Fr,Es,Pt)
CTAP	Galactic Taz Ball (Europe) (En,Fr,De,Es,It,Nl)
CTBE	Tecmo Bowl - Kickoff (USA)
CTDE	Paws & Claws - Pet Vet - Australian Adventures (USA)
CTDP	My Vet Practice - In Australia (Europe) (En,Fr,De,Es,It)
CTEP	Tennis Elbow (Europe) (En,Fr,De,Es,It,Nl,Pt)
CTFE	Transformers Animated - The Game (USA)
CTFP	Transformers Animated - The Game (Europe) (En,Fr,Es,It)
CTLP	City Life DS (Europe) (En,Fr,De,Es,It)
CTNP	Tootuff - Megafun Land (Europe) (En,Fr)
CTRE	TrackMania DS (USA) (En,Fr,Es)
CTRP	TrackMania DS (Europe) (En,Fr,De,Es,It)
CTVP	Family Park Tycoon (Europe) (En,De)
CTWE	Tony Hawk's Motion (USA)
CTWP	Tony Hawk's Motion (Europe)
CTXE	Tropix! ...Your Island Getaway (USA) (En,Fr,De,Es,It)
CTYP	Martin Mystery (Europe) (En,Fr,De,Es,It)
CTZE	Inkheart (USA) (En,Fr,De,Es,It)
CTZY	Inkheart (Europe) (En,Fr,De,Es,It)
CU3E	Shaun White Snowboarding (USA) (En,Fr,Es)
CU3P	Shaun White Snowboarding (Europe) (En,Fr,De,Es,It)
CU4P	Maus DS (Europe) (En,Fr,De,Es,It)
CU8P	Postman Pat - Special Delivery Service (Europe)
CUAE	Legend of the Guardians - The Owls of Ga'Hoole (USA) (En,Fr,Es,Pt)
CUAP	Legend of the Guardians - The Owls of Ga'Hoole (Europe) (En,Fr,De,Es,It,Nl)
CUBE	Ultimate Band (USA) (En,Fr,Es)
CUBP	Ultimate Band (Europe) (En,Fr,De,Es,It,Nl)
CUEP	Astrology (Europe) (En,Fr,De,Es,It)
CUFP	Dolphin Trainer (Europe) (En,Fr,De,Es,It,Nl,Pt)
CUGP	Secret Flirts - Make Everyone Fall For You! (Europe) (En,Fr,De,Es,It,Nl)
CUIE	Crime Scene (USA) (En,Fr,Es)
CUIP	Crime Scene (Europe) (En,Fr,De,Es,It)
CUPP	Peppa Pig - The Game (Europe)
CUSE	My Stop Smoking Coach with Allen Carr Easyway - Quit for Good (USA) (En,Fr,Es)
CUSP	My Health Coach - Stop Smoking with Allen Carr (Europe) (En,Fr,De,Es,It,Nl)
CUTE	futureU - The Prep Game for SAT (USA)
CUXE	Tale of Despereaux, The (USA) (En,Fr)
CUXP	Tale of Despereaux, The (Europe) (En,Fr,De,Es,It)
CUYE	Up (USA) (En,Fr)
CUYP	Up (United Kingdom)
CUZE	Pimp My Ride - Street Racing (USA) (En,Fr)
CUZP	Pimp My Ride - Street Racing (Europe) (En,Fr,De,Es,It)
CV4E	Bigs 2, The (USA)
CV5E	Rockin' Pretty (USA)
CV5P	Diva Girls - Making the Music (Europe) (En,Fr,De,Es,It)
CV6P	Lola & Virginia (Europe) (En,Fr,De,Es,It,Pt)
CV7E	Logic Machines (USA) (En,Fr,Es)
CV7P	Logic Machines (Europe) (En,Fr,De,Es,It)
CV8E	Space Invaders Extreme 2 (USA) (En,Ja,Fr,De,Es,It)
CV8P	Space Invaders Extreme 2 (Europe) (En,Ja,Fr,De,Es,It)
CV9E	I Love Beauty - Hollywood Makeover (USA) (En,Fr,Es)
CV9P	I Love Beauty - Hollywood Makeover (Europe) (En,Fr,De,Es,It)
CVAE	Burger Island (USA)
CVDP	Valentines Day (Europe)
CVFP	Bigfoot - Collision Course (Europe) (En,Fr,De,Es,It,Nl)
CVHP	Diva Girls - Diva Dancers (Europe) (En,Fr,De,Es,It)
CVIE	Shin Megami Tensei - Devil Survivor (USA)
CVLP	Visual Logic Training (Europe) (En,Fr,De,Es,It)
CVME	Travel Games for Dummies (USA)
CVMP	Travel Games for Dummies (Europe) (En,Fr,De,Es,It)
CVNE	Monster Mayhem - Build and Battle (USA)
CVQP	Was Ist Was - Versunkene Schaetze - Das Abenteuerspiel (Europe) (En,De)
CVSE	Dreamer Series - Teacher (USA) (En,Fr,Es)
CVSP	Let's Play Schools (Europe) (En,Fr,De,Es,It)
CVWP	Big Word Puzzle Book (Europe) (En,Fr,De,Es,It)
CVXE	Scrabble - Crossword Game (USA)
CW3E	Witch's Tale, A (USA)
CW5P	Who Wants to Be a Millionaire - 2nd Edition (Europe) (En,Fr,De,Es,It,Nl)
CW6E	Imagine - Wedding Designer (USA) (En,Fr,Es,Pt)
CW6P	Imagine - Dream Weddings (Europe) (En,Fr,De,Es,It,Nl,Pt,Sv,No,Da)
CW8E	Winter Sports 2 - The Next Challenge (USA) (En,Fr,De,Es,It)
CW9E	WWE SmackDown vs Raw 2009 Featuring ECW (USA) (En,Fr)
CWAE	Wonder Pets! - Save the Animals! (USA)
CWAP	Wonder Pets! - Save the Animals! (Europe)
CWBP	Jacqueline Wilson's Tracy Beaker - The Game (Europe)
CWDP	Woodleys, The - Summer Sports (Europe) (En,Fr,De,It)
CWEE	Dream Day - Wedding Destinations (USA)
CWEP	Dream Day - Wedding Destinations (Europe)
CWFE	Cate West - The Vanishing Files (USA)
CWFP	Cate West - The Vanishing Files (Europe) (En,Fr,De,Es,It)
CWIE	Smart Girl's Winter Wonderland (USA)
CWJE	SmileyWorld - Island Challenge (USA) (En,Fr,Es)
CWJP	SmileyWorld - Island Challenge (Europe) (En,Fr,De,Es,It)
CWOE	Wordmaster (USA)
CWOP	Wordmaster (Europe)
CWPE	Western Riding Academy (USA)
CWPP	Pferd & Pony - Mein Westernpferd (Germany) (En,De)
CWQE	Where the Wild Things Are (USA) (En,Fr,Es)
CWQP	Where the Wild Things Are (Europe) (En,Fr,De,Es,It)
CWRP	Wendy - Das Pferdehospital (Europe) (En,De)
CWSP	Winter Sports 2009 - The Next Challenge (Europe) (En,Fr,De,Es,It)
CWTE	Just in Time Translations - Say It in 6 Languages (USA) (En,Ja,Fr,De,Es,It,Zh)
CWUE	X-Men Origins - Wolverine (USA) (En,Fr)
CWUP	X-Men Origins - Wolverine (Europe) (En,Fr,De,Es,It)
CWYP	Winx Club - Your Magic Universe (Europe) (En,Fr,De,Es,It)
CX5E	Backyard Baseball '10 (USA)
CXGE	XG Blast! (USA) (En,Fr,De,Es,It)
CXGP	XG Blast! (Europe) (En,Fr,De,Es,It)
CXHE	My Horse & Me - Riding for Gold (USA) (En,Fr,Es)
CXHP	My Horse & Me 2 (Europe) (En,Fr,De,Es,It,Nl,Sv,No,Da,Fi)
CXKP	Galactik Football (Europe) (En,Fr,De,Es,It)
CXLP	So Blonde - Back to the Island (Europe) (En,Fr,De,Es,It)
CXME	Monster Racers (USA) (En,Fr,Es)
CXOE	Transformers - Revenge of the Fallen - Decepticons Version (USA) (En,Fr)
CXOP	Transformers - Revenge of the Fallen - Decepticons Version (Europe) (En,Fr)
CXPE	Astrology DS - The Stars in Your Hands (USA) (En,Fr,Es)
CXPP	Russel Grant's Astrology (Europe) (En,Fr,De,Es,It)
CXRE	Transformers - Revenge of the Fallen - Autobots Version (USA) (En,Fr)
CXRP	Transformers - Revenge of the Fallen - Autobots Version (Europe) (En,Fr)
CXSE	Dreamer Series - Shop Owner (USA) (En,Fr,Es)
CXSP	Let's Play Shops (Europe) (En,Fr,De,Es,It)
CXUE	WWE SmackDown vs Raw 2010 Featuring ECW (USA) (En,Fr,Es)
CXUP	WWE SmackDown vs Raw 2010 Featuring ECW (Europe) (En,Fr,De,Es,It)
CY7E	Wizards of Waverly Place (USA) (En,Fr,Es)
CY7P	Wizards of Waverly Place (Europe) (En,Fr,De,Es,It,Nl)
CY8E	Yu-Gi-Oh! 5D's - Stardust Accelerator - World Championship 2009 (USA) (En,Ja,Fr,De,Es,It)
CY8J	Yu-Gi-Oh! 5D's - Stardust Accelerator - World Championship 2009 (Japan) (En,Ja,Fr,De,Es,It)
CY8K	Yu-Gi-Oh! 5D's - Stardust Accelerator - World Championship 2009 (Korea) (En,Ja,Ko)
CY8P	Yu-Gi-Oh! 5D's - Stardust Accelerator - World Championship 2009 (Europe) (En,Ja,Fr,De,Es,It)
CY9E	Club Penguin - EPF - Herbert's Revenge (USA) (En,Fr,Es)
CY9P	Club Penguin - EPF - Herbert's Revenge (Europe) (En,Fr)
CYBE	B. Sokal Syberia (USA) (En,Fr,Es)
CYBP	Syberia (Europe) (En,Fr,De,Es,It)
CYCE	Wordfish (USA)
CYCP	Word Academy (Europe)
CYEE	Legacy of Ys - Books I & II (USA)
CYFP	Secret Files 2 - Puritas Cordis (Europe) (En,Fr,De,Es,It)
CYHE	Our House (USA)
CYIE	Mystery P.I. - Portrait of a Thief (USA)
CYKE	Imagine - Boutique Owner (USA) (En,Fr,Es)
CYKP	Imagine - My Boutique (Europe) (En,Fr,De,Es,It)
CYLP	Prinzessin Lillifee - Meine Liebsten Freunde (Europe) (En,De)
CYPP	Hello, Pocoyo! (Europe) (En,Fr,De,Es,It)
CYQE	Drama Queens (USA)
CYQP	Drama Queens (Europe)
CYRP	Chase, The - Felix Meets Felicity (Europe) (En,Fr,De,Es,It)
CYSE	Robocalypse (USA)
CYUE	Fashion Studio - Paris Collection (USA) (En,Fr,Es)
CYUP	My Paris Fashion House (Europe) (En,Fr,De,Es,It,Nl,Sv,No,Da)
CYWE	Squishy Tank (USA)
CYXE	Roogoo Attack! (USA) (En,Fr,De,Es,It)
CYYP	Giana Sisters DS (Europe) (En,Fr,De,Es,It)
CZ2E	Mechanic Master 2 (USA)
CZ2P	Mechanic Master 2 (Europe) (En,Fr,De,Es,It)
CZ4E	Zorro - Quest for Justice (USA) (En,Fr,De,Es,It)
CZ4P	Zorro - Quest for Justice (Europe) (En,Fr,De,Es,It)
CZ9E	Jake Hunter Detective Story - Memories of the Past (USA)
CZAE	Cloudy with a Chance of Meatballs (USA) (En,Fr,De,Es,It)
CZAP	Cloudy with a Chance of Meatballs (United Kingdom)
CZAX	Cloudy with a Chance of Meatballs (Europe) (En,Fr,De,Es,It)
CZJP	Schatz der Delfine, Der (Europe) (En,Fr,De,Es,It)
CZLP	Mein Eigener Tierbaby-Zoo (Europe) (En,Fr,De,Es,It)
CZME	Imagine - Family Doctor (USA) (En,Fr,Es)
CZMP	Imagine - Doctor (Europe) (En,Fr,De,Es,It,Nl,Sv,No,Da)
CZNE	Puzzle Kingdoms (USA) (En,Fr,De,Es,It)
CZNP	Puzzle Kingdoms (Europe) (En,Fr,De,Es,It)
CZOE	Zenses - Ocean (USA) (En,Fr,Es)
CZOP	Zenses - Ocean (Europe) (En,Fr,De,Es,It,Nl,Sv,No,Da)
CZQE	Little Red Riding Hood's Zombie BBQ (USA)
CZRE	Zenses - Rainforest (USA) (En,Fr,Es)
CZRP	Zenses - Rainforest (Europe) (En,Fr,De,Es,It,Sv,No,Da)
CZVE	Zoo Vet - Endangered Animals (USA)
CZVP	My Pet Zoo Vet (Europe) (En,Fr,De,Es,It)
DSAR	Action Replay DS (World) (v1.02)
DSGB	SuperCard DSONE (World) (v1.00)
IA8P	Active Health with Carol Vorderman (Europe)
IMWE	Personal Trainer - Walking (USA) (En,Fr,Es)
IMWP	Walk with Me! (Europe) (En,Fr,De,Es,It) (Rev 1)
IPGE	Pokemon - SoulSilver Version (Europe)
IPKE	Pokemon - HeartGold Version (Europe)
IRAO	Pokemon - White Version (USA, Europe) (NDSi Enhanced)
IRBO	Pokemon - Black Version (USA, Europe) (NDSi Enhanced)
IRDO	Pokemon - White Version 2 (USA, Europe) (NDSi Enhanced)
IREO	Pokemon - Black Version 2 (USA, Europe) (NDSi Enhanced)
NTRJ	8BallAllstars (Europe) (En,Fr,De,Es,It) (Multiplayer) (DS Broadcast)
R4DS	R4i Ultra (World)
TADE	Kirby Mass Attack (USA) (En,Fr,Es)
TADP	Kirby Mass Attack (Europe) (En,Fr,De,Es,It)
TAME	Amazing Spider-Man, The (USA) (En,Fr,Es)
TAMP	Amazing Spider-Man, The (Europe) (En,Fr,De,Es,It)
TASE	Silverlicious (USA)
TATE	Adventure Time - Hey Ice King! Why'd You Steal Our Garbage!! (USA)
TAXE	Xia-Xia (USA)
TAXP	Xia-Xia (Europe) (En,Fr,De,Es,It,Nl)
TB6E	Disney Big Hero 6 - Battle in the Bay (USA)
TB6P	Disney Big Hero 6 - Battle in the Bay (Europe)
TB6X	Disney Big Hero 6 - Battle in the Bay (Europe) (En,Fr,De,Es,It,Nl)
TBAE	Barbie - Dreamhouse Party (USA) (En,Fr,Es)
TBAP	Barbie - Dreamhouse Party (Europe) (En,Fr,De,Es,It,Nl,Sv,No,Da,Fi)
TBBX	Secrets of the Titanic 1912-2012 (Europe) (En,Fr)
TBEE	Ben 10 - Omniverse (USA) (En,Fr,Es)
TBEP	Ben 10 - Omniverse (Europe) (En,Fr,De,Es,It)
TBGE	Bubble Guppies (USA)
TBGP	Bubble Guppies (Europe)
TBHE	Big Time Rush - Backstage Pass (USA)
TBMP	Winter in Blue Mountain (Europe) (En,De,Sv,No,Da)
TBRE	Brave (USA) (En,Fr,Es)
TBRP	Brave (Europe) (En,Fr,De,Es,It,Nl)
TBRY	Brave (Europe) (En,Sv,No,Da)
TBTE	Battleship (USA) (En,Fr)
TBTP	Battleship (Europe) (En,Fr,De,Es,It)
TC2E	Jewel Master - Cradle of Egypt 2 (USA) (En,Fr,Es,It)
TC2P	Jewel Master - Cradle of Egypt 2 (Europe) (En,Fr,De,Es,It,Nl)
TC2X	Jewel Master - Cradle of Egypt 2 (Europe) (En,Fr,Es,It)
TC3P	Smurfs Collection, The (Europe) (En,Fr,De,Es,It,Nl,Sv,No,Da)
TCBD	LEGO Legends of Chima - Laval's Journey (Germany) (En,Fr,De,Es,It,Nl,Da)
TCBE	LEGO Legends of Chima - Laval's Journey (USA) (En,Fr,Es,Pt)
TCBF	LEGO Legends of Chima - Laval's Journey (France) (En,Fr,De,Es,It,Nl,Da)
TCBP	LEGO Legends of Chima - Laval's Journey (Europe) (En,Fr,De,Es,It,Nl,Da)
TCCE	To-Fu Collection (USA) (En,Fr,De,Es,It)
TCCP	To-Fu Collection (Europe) (En,Fr,De,Es,It)
TCDE	Croods, The - Prehistoric Party! (USA) (En,Fr,Es)
TCDP	Croods, The - Prehistoric Party! (Europe) (En,Fr,De,Es,It)
TCFP	3 in 1 - Horses (Europe) (En,Fr,De)
TCGE	Ice Age 4 - Continental Drift - Arctic Games (USA) (En,Fr)
TCGP	Ice Age 4 - Continental Drift - Arctic Games (Europe) (En,Sv)
TCLE	iCarly - Groovy Foodie! (USA)
TCLP	iCarly - Groovy Foodie! (Europe)
TCME	Camping Mama - Outdoor Adventures (USA)
TCMP	Cooking Mama World - Outdoor Adventures (Europe) (En,Fr,De,Es,It)
TCNE	Cloudy with a Chance of Meatballs 2 (USA)
TCNX	Cloudy with a Chance of Meatballs 2 (Europe) (En,Fr,De,It,Nl)
TCRE	Jewel Master - Cradle of Persia (USA) (En,Fr,Es)
TCRP	Jewel Master - Cradle of Persia (Europe) (En,Fr,De,Es,It,Nl)
TCRX	Jewel Master - Cradle of Persia (Europe) (En,Fr,Es,It)
TCSE	Scribblenauts Collection (USA)
TCWE	Winx Club - Magical Fairy Party (USA) (En,Fr,Es)
TCWP	Winx Club - Magical Fairy Party (Europe) (En,Fr,De,Es,It)
TCXP	1001 Crosswords (Europe)
TCYE	Mama's Combo Pack - Volume 1 (USA)
TCZE	Mama's Combo Pack - Volume 2 (USA)
TDDP	Driver Dan's Story Train (Europe)
TDJE	Doodle Jump Journey (USA)
TDUE	Nickelodeon Team Umizoomi and Dora's Fantastic Flight (USA)
TDUP	Dora & Friends' - Fantastic Flight (Europe)
TDUX	Nickelodeon Dora and Friends' - Fantastic Flight (Europe) (En,Fr,Es,Nl)
TDVE	Shin Megami Tensei - Devil Survivor 2 (USA)
TDVP	Shin Megami Tensei - Devil Survivor 2 (Europe)
TERP	Everything's Rosie (Europe)
TF2E	Disney Two Pack - Frozen Olaf's Quest + Big Hero 6 - Battle in the Bay (USA)
TFBE	Disney Frozen - Olaf's Quest (USA)
TFBP	Disney Frozen - Olaf's Quest (Europe)
TFBX	Disney Frozen - Olaf's Quest (Europe) (En,Fr,De,It,Nl)
TFNE	Finding Nemo - Escape to the Big Blue - Special Edition (USA)
TFNP	Finding Nemo - Escape to the Big Blue - Special Edition (Europe) (En,Es)
TGAP	Gardenscapes (Europe) (En,Fr,De,Nl)
TGGE	Gogo's Crazy Bones (USA)
TGGP	Gogo's Crazy Bones (Europe) (En,Fr)
TGPE	Winx Club - Saving Alfea (USA) (En,Fr,Es)
TGPP	Winx Club - Saving Alfea (Europe) (En,Fr,De,Es,It,Pt)
TGRP	Disney Violetta - Rhythm & Music (Europe) (En,Fr,De,Es,It,Pt)
TGSE	I Spy - Game Pack (USA)
TGTP	Captain Morgane and the Golden Turtle (Europe) (En,Fr,De,Es,It)
TH2E	Victorious - Taking the Lead (USA) (En,Fr,De,Es,It)
TH2P	Victorious - Taking the Lead (Europe) (En,Fr,De,Es,It)
THEP	Hidden Expedition - Titanic (Europe) (En,Fr,De,Nl)
THUE	ThunderCats (USA) (En,Fr,De,Es,It)
THUP	ThunderCats (Europe) (En,Fr,De,Es,It)
THVE	Hotel Transylvania (USA)
THVP	Hotel Transylvania (United Kingdom)
THVX	Hotel Transylvania (Europe) (En,Fr,It) (Rev 1)
THVY	Hotel Transylvania (Europe) (En,Fr,Nl)
TJ3P	Jewel Match 3 (Europe) (En,Fr,De,Nl)
TJ5P	Jewel Quest 5 - The Sleepless Star (Europe) (En,Fr,De,Nl)
TJAP	Jewel Master - Atlantis (Europe) (En,Fr,De,Es,It,Nl)
TJDP	Jewel Link Double Pack (Europe)
TJDX	Atlantic Quest + Galactic Quest (Europe) (En,Fr,De,Nl)
TJLP	Jewel Link - Galactic Quest (Europe)
TJMP	Jewel Adventures (Europe) (En,Fr,De,Es,It,Nl)
TJMX	Jewel Adventures (Europe)
TJSP	Jewel Link - Safari Quest (Europe)
TKLE	Kids Learn - Math and Spelling Bundle (USA)
TKSE	2 Game Pack - My Amusement Park + Digging for Dinosaurs (USA)
TLAP	Jewel Link - Legends of Atlantis (Europe) (En,Fr,Es,It)
TLDP	Successfully Learning English - Year 2+3 (Europe) (En,Fr,De,Es,It,Tr)
TLEP	Successfully Learning English - Year 4+5 (Europe) (En,Fr,De,Es,It,Tr)
TLFP	Successfully Learning Mathematics - Year 2+3 (Europe) (En,Fr,De,Es,It,Tr)
TLHP	Successfully Learning Mathematics - Year 4+5 (Europe) (En,Fr,De,Es,It,Tr)
TLJE	LEGO Friends (USA) (En,Fr,Es,Pt)
TLJP	LEGO Friends (Europe) (En,Fr,De,Es,It,Nl,Da)
TLKE	Transformers - Ultimate Autobots Edition (USA) (En,Fr)
TLKP	Transformers - Ultimate Autobots Edition (Europe) (En,Fr,De,Es,It)
TLLE	Lalaloopsy - Carnival of Friends (USA)
TLMD	LEGO Marvel Super Heroes - Universe in Peril (Germany) (En,Fr,De,Es,It,Nl,Da)
TLME	LEGO Marvel Super Heroes - Universe in Peril (USA) (En,Fr,Es,Pt)
TLMF	LEGO Marvel Super Heroes - L'Univers en Peril (France) (En,Fr,De,Es,It,Nl,Da)
TLMP	LEGO Marvel Super Heroes - Universe in Peril (Europe) (En,Fr,De,Es,It,Nl,Da)
TLPE	2-Pack - Pinkalicious - It's Party Time! & Silverlicious - Sweet Adventure (USA)
TLRE	LEGO The Lord of the Rings (USA) (En,Fr,Es,Pt)
TLRP	LEGO The Lord of the Rings (Europe) (En,Fr,De,Es,It,Nl,Da)
TLRW	LEGO The Lord of the Rings (USA) (En,Fr,Es-XL,Pt-BR)
TLRX	LEGO The Lord of the Rings (France) (En,Fr,De,Es,It,Nl,Da)
TLRY	LEGO The Lord of the Rings (Germany) (En,Fr,De,Es,It,Nl,Da)
TLRZ	LEGO The Lord of the Rings (Spain) (En,Fr,De,Es,It,Nl,Da)
TLSE	Turbo - Super Stunt Squad (USA) (En,Fr,Es)
TLSP	Turbo - Super Stunt Squad (Europe) (En,Fr,De,Es,It)
TLUE	SpongeBob SquarePants - Plankton's Robotic Revenge (USA) (En,Fr)
TLUP	SpongeBob SquarePants - Plankton's Robotic Revenge (Europe) (En,Fr,De,Es,It,Nl,Sv)
TLVE	Moshi Monsters - Katsuma Unleashed (USA)
TLVP	Moshi Monsters - Katsuma Unleashed (Europe)
TLWP	2 in 1 - My Riding Stables + My Western Horse (Europe) (En,Fr,De)
TM3E	Madagascar 3 (USA) (En,Fr,Es)
TM3P	Madagascar 3 - Europe's Most Wanted (Europe) (En,Fr,De,Es,It,Nl,Ru)
TM6E	Monster High - 13 Wishes (USA) (En,Fr,Es)
TM6P	Monster High - 13 Wishes (Europe) (En,Fr,De,Es,It,Nl,Sv,No,Da,Fi)
TM7P	3 in 1 - My Vet Practice & Riding Star & My Vet Practice in Australia (Europe) (En,Fr,De,Es,It)
TMAP	Mahjong Mysteries - Ancient Athena (Europe) (En,Fr,De,Es,It,Nl)
TMCP	Cooking Mama World - Combo Pack - Volume 1 (Europe) (En,Fr,De,Es,It)
TMDP	Cooking Mama World - Combo Pack - Volume 2 (Europe) (En,Fr,De,Es,It)
TMGP	2 in 1 - My Riding Stables + My Riding Stables - Life with Horses (Europe) (En,Fr,De,Es,It)
TMHE	Monster High - Skultimate Roller Maze (USA) (En,Fr,Es)
TMHP	Monster High - Skultimate Roller Maze (Europe) (En,Fr,De,Es,It,Nl,Sv,No,Da,Fi)
TMLE	Major League Baseball 2K12 (USA)
TMNE	Moshi Monsters - Moshlings Theme Park (USA)
TMNP	Moshi Monsters - Moshlings Theme Park (Europe)
TMQP	2 in 1 - My Little Baby + My Boyfriend (Europe) (En,Fr,De,Es,It,Sv,No,Da)
TMSE	Jewel Link Mysteries - Mountains of Madness (USA) (En,Fr,Es)
TMSP	Mystery Stories - Mountains of Madness (Europe) (En,Fr,De,Es,It,Nl)
TMTE	Kids Learn & Play - Pets & Vets Bundle (USA)
TMTP	2 in 1 - My Vet Practice + My Pet Hotel 2 (Europe) (En,Fr,De,Es,It)
TMUP	2 in 1 - My Pet School + Best Friends - My Horse (Europe) (En,Fr,De)
TMVP	2 in 1 - My Pet Hotel + My Vet Practice - In the Country (Europe) (En,Fr,De)
TMWP	Merlin - A Servant of Two Masters (Europe)
TMYP	Mahjong Mysteries - Ancient Athena (Europe) (En,Fr,Es,It)
TMZP	2 in 1 - Mahjong + Mahjong Around the World (Europe) (En,Fr,De,Es,It)
TPAE	Trash Pack, The (USA)
TPAP	Trash Pack, The (Europe)
TPBP	Puzzler Brain Games (Europe) (En,Fr,De,Es,It)
TPDE	Disney Planes (USA) (En,Fr,Es)
TPDP	Disney Planes (Europe) (En,Es)
TPDY	Disney Planes (Europe) (En,Sv,Fi)
TPFE	Phineas and Ferb - Quest for Cool Stuff (USA)
TPFP	Phineas and Ferb - Quest for Cool Stuff (Europe) (En,Fr,De,Es,It)
TPLP	Pippi Longstocking (Europe) (En,Fr,De,Nl,Sv,No,Da,Fi)
TPRP	Mystery Case Files - Prime Suspects (Europe) (En,Fr,De,Es,It,Nl)
TPTE	Transformers Prime (USA) (En,Fr)
TPTP	Transformers Prime - The Game (United Kingdom)
TPUE	Poptropica Adventures (USA) (En,Fr)
TPUP	Poptropica Adventures (Europe)
TPWP	Puzzler World 2012 (Europe)
TPXP	Puzzler World 2013 (Europe) (En,Fr,De,Es,It)
TQ3P	3 in 1 - Animals (Europe) (En,Fr,De)
TQSP	Fireman Sam - Action Stations (Europe)
TQTP	Beauty Academy (Europe) (En,Fr,De,Nl)
TQUP	Jewel Link - Arctic Quest (Europe)
TR2E	Smurfs 2, The (USA) (En,Fr,Es)
TR2P	Smurfs 2, The (Europe) (En,Fr,De,Es,It,Nl,Sv,No,Da)
TRAP	Raa Raa the Noisy Lion (Europe)
TRCP	Combo Pack - Madagascar 3 - Europe's Most Wanted + Croods, The - Prehistoric Party! (Europe) (En,Fr,De,Es,It)
TRHP	Mystery Case Files - Ravenhearst (Europe) (En,Fr,De,Es,It,Nl)
TRQE	Disney Planes - Fire & Rescue (USA) (En,Fr,Es) (Proto)
TRQP	Disney Planes - Fire & Rescue (Europe) (En,Fr,De,Es,It) (Proto 1)
TRRE	Ram Racing (USA) (En,Fr,Es)
TRRP	Ram Racing (Europe) (En,Fr,De,Es,It)
TRWE	Wreck-It Ralph (USA) (En,Fr)
TRWP	Wreck-It Ralph (Europe) (En,Fr,De,Es,It,Nl,Sv)
TRYE	Rise of the Guardians (USA) (En,Fr,Es)
TRYP	Rise of the Guardians (Europe) (En,Fr,De,Es,It)
TRZE	Zuma's Revenge (USA)
TTDS	DSTT (World)
UBRP	Nintendo DS Browser (USA, Europe) (En,Fr,De,Es,It)
UGDA	Nintendo DS Guide (World) (Wi-Fi Kiosk)
UORE	WarioWare - D.I.Y. (USA)
UORP	WarioWare - Do It Yourself (Europe) (En,Fr,De,Es,It)
UXBP	Jam with the Band (Europe) (En,Fr,De,Es,It)
UZPP	Learn with Pokemon - Typing Adventure (Europe)
V2GE	Mario vs. Donkey Kong - Mini-Land Mayhem! (USA) (En,Fr,Es) (Rev 1) (NDSi Enhanced)
V2GV	Mario vs. Donkey Kong - Mini-Land Mayhem! (Europe) (En,Fr,De,Es,It) (NDSi Enhanced)
V3JP	Just Sing! - Vol. 3 (Europe) (En,Fr,De) (NDSi Enhanced)
VAAE	Art Academy (USA) (En,Fr,Es) (NDSi Enhanced)
VAAV	Art Academy (Europe) (En,Fr,De,Es,It) (NDSi Enhanced)
VACE	Assassin's Creed II - Discovery (USA) (En,Fr,Es) (NDSi Enhanced)
VACV	Assassin's Creed II - Discovery (Europe) (En,Fr,De,Es,It,Nl,Sv,No,Da) (NDSi Enhanced)
VADP	Animal Life - Dinosaurs (Europe) (En,Fr,De,Es,It) (NDSi Enhanced)
VAEP	Animal Life - Eurasia (Europe) (En,Fr,De,Es,It) (NDSi Enhanced)
VAFP	Animal Life - Africa (Europe) (En,Fr,De,Es,It) (NDSi Enhanced)
VALE	Alice in Wonderland (USA) (En,Fr,Es) (NDSi Enhanced)
VALV	Alice in Wonderland (Europe) (En,Fr,De,Es,It,Nl) (NDSi Enhanced)
VAMP	Animal Life - North America (Europe) (En,Fr,De,Es,It) (NDSi Enhanced)
VAOE	Crime Lab - Body of Evidence (USA) (En,Fr,Es) (NDSi Enhanced)
VAOP	Crime Lab - Body of Evidence (Europe) (En,Es,It,Nl) (NDSi Enhanced)
VAOV	Crime Lab - Body of Evidence (United Kingdom) (NDSi Enhanced)
VASP	Animal Life - Australia (Europe) (En,Fr,De,Es,It) (NDSi Enhanced)
VATE	Imagine - Artist (USA) (En,Fr,Es) (NDSi Enhanced)
VATV	Imagine - Artist (Europe) (En,Fr,De,Es,It,Nl) (NDSi Enhanced)
VAVE	James Cameron's Avatar - The Game (USA) (En,Fr,Es) (NDSi Enhanced)
VAVV	James Cameron's Avatar - The Game (Europe) (En,Fr,De,Es,It,Nl) (NDSi Enhanced)
VB3E	Knock 'Em Downs - World's Fair (USA) (En,Fr,Es) (NDSi Enhanced)
VBAE	Imagine - Babyz Fashion (USA) (En,Fr,Es) (NDSi Enhanced)
VBAV	Baby Fashion Star (Europe) (En,Fr,De,Es,It,Nl,Sv,No,Da) (NDSi Enhanced)
VBLE	Biggest Loser, The (USA) (NDSi Enhanced)
VBLV	Biggest Loser USA, The (Europe) (NDSi Enhanced)
VBRE	Bratz - Fashion Boutique (USA) (NDSi Enhanced)
VBSE	Petz - Dolphinz Encounter (USA) (En,Fr,Es) (NDSi Enhanced)
VBSV	Dolphin Island - Underwater Adventures (Europe) (En,Fr,De,Es,It,Nl) (NDSi Enhanced)
VBTE	Bejeweled Twist (USA) (NDSi Enhanced)
VBTP	Bejeweled Twist (Europe) (En,Fr,De,Es,It,Nl) (VBTP) (NDSi Enhanced)
VBTU	Bejeweled Twist (Australia) (En,Fr,De,Es,It,Nl) (NDSi Enhanced)
VBTX	Bejeweled Twist (Europe) (En,Fr,De,Es,It,Nl) (VBTX) (NDSi Enhanced)
VBVE	SpongeBob's Boating Bash (USA) (NDSi Enhanced)
VBVS	SpongeBob's Boating Bash (Europe) (En,Es) (NDSi Enhanced)
VBVV	SpongeBob's Boating Bash (Europe) (En,De) (NDSi Enhanced)
VC2E	New Carnival Games (USA) (En,Fr,Es) (NDSi Enhanced)
VC2V	New Carnival - Funfair Games (Europe) (En,Fr,De,Es,It,Nl) (NDSi Enhanced)
VC6E	CSI - Crime Scene Investigation - Unsolved! (USA) (En,Fr,Es) (NDSi Enhanced)
VC6V	CSI - Crime Scene Investigation - Unsolved! (Europe) (En,Fr,De,Es,It) (NDSi Enhanced)
VCAE	Cars 2 (USA) (En,Fr,Es) (NDSi Enhanced)
VCAV	Cars 2 (Europe) (En,Es) (NDSi Enhanced)
VCAW	Cars 2 (Europe) (En,Sv,Fi) (NDSi Enhanced)
VCDE	Solatorobo - Red the Hunter (USA) (En,Fr,De,Es,It) (NDSi Enhanced)
VCDV	Solatorobo - Red the Hunter (Europe) (En,Fr,De,Es,It) (NDSi Enhanced)
VCGE	Cheer We Go (USA) (NDSi Enhanced)
VCKE	My Healthy Cooking Coach - Easy Way to Cook Healthy (USA) (NDSi Enhanced)
VCKV	My Cooking Coach - Prepare Healthy Recipes (Europe) (NDSi Enhanced)
VCME	Camp Rock - The Final Jam (USA) (En,Fr,Es) (NDSi Enhanced)
VCMP	Camp Rock - The Final Jam (Europe) (En,Fr,De,Es,It,Nl) (NDSi Enhanced)
VCMV	Camp Rock - The Final Jam (Europe) (En,Sv,No,Da) (NDSi Enhanced)
VCWE	Classic Word Games (USA) (NDSi Enhanced)
VCWV	Classic Word Games (Europe) (NDSi Enhanced)
VD2E	de Blob 2 (USA) (En,Fr) (NDSi Enhanced)
VD2V	de Blob 2 (Europe) (En,Fr,De,Es,It,Nl) (NDSi Enhanced)
VD4P	Dance! - It's Your Stage (Europe) (En,De) (NDSi Enhanced)
VDEE	Fossil Fighters Champions (USA) (NDSi Enhanced)
VDXE	Daniel X - The Ultimate Power (USA) (En,Fr,De,Es,It) (NDSi Enhanced)
VELE	FIFA Soccer 11 (USA) (En,Fr,De,Es,It) (NDSi Enhanced)
VELV	FIFA 11 (Europe) (En,Fr,De,Es,It) (NDSi Enhanced)
VEMP	2 in 1 - Music for Kids + Englisch Macht Spass - Eine Reise nach London! (Europe) (En,De) (NDSi Enhanced)
VESE	Emily the Strange - Strangerous (USA) (NDSi Enhanced)
VESP	Emily the Strange - Strangerous (Europe) (En,De) (VESP) (NDSi Enhanced)
VESV	Emily the Strange - Strangerous (Europe) (En,Fr) (VESV) (NDSi Enhanced)
VESX	Emily the Strange - Strangerous (Europe) (En,Fr) (VESX) (NDSi Enhanced)
VETP	1000 Cooking Recipes from Elle a Table (Europe) (En,Fr,De,Es,It) (NDSi Enhanced)
VFBE	Petz Fantasy - Moonlight Magic (USA) (En,Fr,Es) (NDSi Enhanced)
VFNE	Fancy Nancy - Tea Party Time! (USA) (NDSi Enhanced)
VFSE	Imagine - Fashion Designer - World Tour (USA) (En,Fr,Es) (NDSi Enhanced)
VFSP	Girls Life - Fashion Addict (Europe) (Beta 1)
VFSV	Girls Life - Fashion Addict (Europe) (En,Fr,De,Es,It,Nl) (NDSi Enhanced)
VFZE	Petz Fantasy - Sunshine Magic (USA) (En,Fr,Es) (NDSi Enhanced)
VFZV	Petz - Fantasy (Europe) (En,Fr,De,Es,It,Nl,Sv,No,Da) (NDSi Enhanced)
VGRE	Grease - The Official Video Game (USA) (En,Fr,De,Es,It) (NDSi Enhanced)
VGRV	Grease - The Official Video Game (Europe) (En,Fr,De,Es,It) (NDSi Enhanced)
VGYE	Imagine - Gymnast (USA) (En,Fr,Es) (NDSi Enhanced)
VH9E	Petz - Horsez Family (USA) (En,Fr,Es) (NDSi Enhanced)
VH9V	Imagine - Champion Rider (Europe) (En,Fr,De,Es,It) (NDSi Enhanced)
VHWE	Hot Wheels - Track Attack (USA) (En,Fr) (NDSi Enhanced)
VHWV	Hot Wheels - Track Attack (Europe) (En,Fr,De,Es,It,Nl) (NDSi Enhanced)
VHWX	Hot Wheels - Track Attack (Brazil) (En,Es,Pt) (NDSi Enhanced)
VICE	iCarly (USA) (En,Fr) (NDSi Enhanced)
VICP	iCarly (Europe) (En,Fr,De,Es,It,Nl) (NDSi Enhanced)
VICU	iCarly (Australia) (NDSi Enhanced)
VIDE	Imagine - Resort Owner (USA) (En,Fr,Es) (NDSi Enhanced)
VIDV	Imagine - Dream Resort (Europe) (En,Fr,De,Es,It) (NDSi Enhanced)
VIFE	Imagine - Fashion Stylist (USA) (En,Fr,Es) (NDSi Enhanced)
VIFV	Imagine - Fashion Paradise (Europe) (En,Fr,De,Es,It,Pt) (NDSi Enhanced)
VIJE	iCarly 2 - iJoin the Click! (USA) (NDSi Enhanced)
VIJV	iCarly 2 - iJoin the Click! (Europe) (En,De,Es,It) (NDSi Enhanced)
VJ2P	Jigapix - Love is (Europe) (En,Fr,De,Es,It,Nl) (NDSi Enhanced)
VJ3E	Jigapix - Wild World (USA) (En,Fr,Es) (NDSi Enhanced)
VJ3P	Jigapix - Wild World (Europe) (En,Fr,De,Es,It,Nl) (NDSi Enhanced)
VJ4E	Jigapix - Wonderful World (USA) (En,Fr,Es) (NDSi Enhanced)
VJ4P	Jigapix - Wonderful World (Europe) (En,Fr,De,Es,It,Nl) (NDSi Enhanced)
VJ6E	Jigapix - Pets (USA) (En,Fr,Es) (NDSi Enhanced)
VJ6P	Jigapix - Pets (Europe) (En,Fr,De,Es,It,Nl) (NDSi Enhanced)
VJCE	You Don't Know Jack (USA) (NDSi Enhanced)
VJSE	Jam Sessions 2 (USA) (En,Fr,Es) (NDSi Enhanced)
VJTE	Just Sing (USA) (En,Fr) (NDSi Enhanced)
VJTP	Just Sing! (Europe) (En,Fr,De,Nl) (NDSi Enhanced)
VJVP	Just Sing! - Vol. 2 (Europe) (En,Fr,De) (VJVP) (NDSi Enhanced)
VJVV	Just Sing! - Vol. 2 (Europe) (En,Fr,De) (VJVV) (NDSi Enhanced)
VJWE	Style Lab - Jewelry Design (USA) (En,Fr,Es) (NDSi Enhanced)
VJWV	Girls Life - Jewellery Style (Europe) (En,Fr,De,Es,It,Nl) (NDSi Enhanced)
VKGE	Korg DS-10+ Synthesizer (USA) (NDSi Enhanced)
VKGJ	Korg DS-10+ Synthesizer (Japan) (En,Ja) (NDSi Enhanced)
VKHE	Brainstorm Series - Treasure Chase (USA) (En,Fr,De,Es,It) (NDSi Enhanced)
VKHP	Know How 2 (Europe) (En,Fr,De,Es,It) (NDSi Enhanced)
VKPJ	Korg DS-10+ Synthesizer Limited Edition (Japan) (En,Ja) (NDSi Enhanced)
VKUE	Kung Fu Panda 2 (USA) (En,Fr) (VKUE) (NDSi Enhanced)
VKUV	Kung Fu Panda 2 (Europe) (En,Fr,De,Es,It,Nl) (NDSi Enhanced)
VKUY	Kung Fu Panda 2 (USA) (En,Fr) (VKUY) (NDSi Enhanced)
VLAE	An M. Night Shyamalan Film - The Last Airbender (USA) (En,Fr) (NDSi Enhanced)
VLAV	An M. Night Shyamalan Film - The Last Airbender (Europe) (En,Fr,De,Es,It) (NDSi Enhanced)
VLCE	Lovely Lisa and Friends (USA) (En,Fr) (NDSi Enhanced)
VLIP	Lost Identities (Europe) (En,De) (VLIP) (NDSi Enhanced)
VLIV	Lost Identities (Europe) (En,De) (VLIV) (NDSi Enhanced)
VM2E	Monster High - Ghoul Spirit (USA) (En,Fr) (Rev 1) (Little Orbit) (NDSi Enhanced)
VM2V	Monster High - Ghoul Spirit (Europe) (En,Fr,De,Es,It,Nl) (THQ) (NDSi Enhanced)
VM2X	Monster High - Ghoul Spirit (Europe) (En,Fr,De,Es,It,Nl) (Little Orbit) (NDSi Enhanced)
VM4E	Kids Learn Music - A+ Edition (USA) (NDSi Enhanced)
VM4P	Music for Kids (Europe) (En,De) (NDSi Enhanced)
VMCE	James Patterson Women's Murder Club - Games of Passion (USA) (En,Fr) (NDSi Enhanced)
VMCV	James Patterson Women's Murder Club - Games of Passion (Europe) (En,Fr,De,Es,It) (NDSi Enhanced)
VMEE	Paws & Claws - Marine Rescue (USA) (NDSi Enhanced)
VMEP	Meine Tierarztpraxis - SOS am Ozean (Europe) (En,De) (NDSi Enhanced)
VMGE	Moxie Girlz (USA) (NDSi Enhanced)
VMKV	Girls Life - Makeover (Europe) (En,Fr,De,Es,It,Nl) (NDSi Enhanced)
VMOE	Style Lab - Makeover (USA) (En,Fr,Es) (NDSi Enhanced)
VMYE	Chronicles of Mystery - The Secret Tree of Life (USA) (En,Fr,Es) (NDSi Enhanced)
VMYV	Chronicles of Mystery - The Secret Tree of Life (Europe) (En,Fr,De,Es,It,Nl) (NDSi Enhanced)
VMZE	Barbie - Jet, Set & Style! (USA) (En,Fr) (NDSi Enhanced)
VMZV	Barbie - Jet, Set & Style! (Europe) (En,Fr,Nl) (NDSi Enhanced)
VMZY	Barbie - Jet, Set & Style! (Europe) (En,Fr,Nl) (VMZY) (NDSi Enhanced)
VP9E	Penguins of Madagascar, The - Dr. Blowhole Returns Again! (USA) (En,Fr) (NDSi Enhanced)
VP9V	Penguins of Madagascar, The - Dr. Blowhole Returns Again! (Europe) (En,Fr) (NDSi Enhanced)
VPEE	Penguins of Madagascar, The (USA) (En,Fr) (NDSi Enhanced)
VPEV	Penguins of Madagascar, The (Europe) (En,Fr) (NDSi Enhanced)
VPFE	Phineas and Ferb - Ride Again (USA) (En,Es) (NDSi Enhanced)
VPFV	Phineas and Ferb - Ride Again (Europe) (En,De,Es,It,Nl) (NDSi Enhanced)
VPIE	Pictionary (USA) (En,Fr,Es) (NDSi Enhanced)
VPIP	Pictionary (Europe) (En,Fr,De,Es,It,Nl) (NDSi Enhanced)
VPPE	Prince of Persia - The Forgotten Sands (USA) (En,Fr,De,Es,It,Nl) (NDSi Enhanced)
VPPV	Prince of Persia - The Forgotten Sands (Europe) (En,Fr,De,Es,It,Nl) (NDSi Enhanced)
VPVE	Imagine - Animal Doctor Care Center (USA) (En,Fr,Es) (NDSi Enhanced)
VPVV	Imagine - Rescue Vet (Europe) (En,Fr,De,Es,It) (NDSi Enhanced)
VPYP	Pokemon Conquest (Europe) (NDSi Enhanced)
VPYT	Pokemon Conquest (USA, Australia) (NDSi Enhanced)
VRGE	Rabbids Go Home - A Comedy Adventure (USA) (En,Fr,Es) (NDSi Enhanced)
VRGV	Rabbids Go Home (Europe) (En,Fr,De,Es,It,Nl) (NDSi Enhanced)
VRIE	Rio (USA) (En,Fr,De,Es,It,Nl) (NDSi Enhanced)
VRIV	Rio (Europe) (En,Fr,De,Es,It,Nl) (NDSi Enhanced)
VRPE	Imagine - Reporter (USA) (En,Fr,Es) (NDSi Enhanced)
VRPV	Imagine - Journalist (Europe) (En,Fr,De,Es,It,Nl,Sv,No,Da) (NDSi Enhanced)
VS3E	Sims 3, The (USA) (En,Fr,Es) (NDSi Enhanced)
VS3V	Sims 3, The (Europe) (En,Fr,De,Es,It,Nl) (NDSi Enhanced)
VS5E	Are You Smarter than a 5th Grader - Back to School (USA) (NDSi Enhanced)
VSGE	Sushi Go-Round (USA) (En,Fr,De,Es,It) (NDSi Enhanced)
VSKE	Shrek - Forever After (USA) (En,Fr) (NDSi Enhanced)
VSKV	Shrek - Forever After (Europe) (En,Fr) (NDSi Enhanced)
VSNE	Sonny with a Chance (USA) (En,Fr,Es) (NDSi Enhanced)
VSNV	Sonny with a Chance (Europe) (En,Fr,De,Es,It) (NDSi Enhanced)
VSOE	Sonic Classic Collection (USA) (En,Fr,Es) (NDSi Enhanced)
VSOV	Sonic Classic Collection (Europe) (En,Fr,De,Es,It) (NDSi Enhanced)
VSPE	Scripps Spelling Bee (USA) (NDSi Enhanced)
VT3E	Toy Story 3 (USA) (En,Fr,Es) (NDSi Enhanced)
VT3V	Toy Story 3 (Europe) (En,Fr,De,Es,It,Nl) (NDSi Enhanced)
VT3X	Toy Story 3 (Europe) (En,Sv,No,Da,Fi) (NDSi Enhanced)
VT3Z	Toy Story 3 - To The Rescue! Edition (USA) (En,Fr,Es) (Target Exclusive) (NDSi Enhanced)
VT4E	TouchMaster - Connect (USA) (En,Fr,Es) (NDSi Enhanced)
VT4V	TouchMaster 4 - Connect (Europe) (En,Fr,De,Es,It) (NDSi Enhanced)
VTEE	TRON - Evolution (USA) (En,Fr,Es) (NDSi Enhanced)
VTEV	TRON - Evolution (Europe) (En,Fr,De,Es,It,Nl) (NDSi Enhanced)
VTEX	TRON - Evolution (Europe) (En,Sv,No,Da) (NDSi Enhanced)
VTIE	Paws & Claws - Pampered Pets 2 (USA) (NDSi Enhanced)
VTIP	VIPs - Very Important Pets (Europe) (En,De) (NDSi Enhanced)
VTPV	Phineas and Ferb - 2 Disney Games (Europe) (En,Fr,De,Es,It,Nl) (NDSi Enhanced)
VTTP	Murder on the Titanic (Europe) (En,Fr,De,Nl) (NDSi Enhanced)
VVNP	VIP News (Europe) (En,De) (NDSi Enhanced)
VWVE	Vampire Legends - Power of Three (USA) (NDSi Enhanced)
VWVP	Witches & Vampires - Ghost Pirates of Ashburry (Europe) (En,De) (VWVP) (NDSi Enhanced)
VWVV	Witches & Vampires - Ghost Pirates of Ashburry (Europe) (En,De) (VWVV) (NDSi Enhanced)
VYFP	Youda Farmer (Europe) (En,Fr,De) (NDSi Enhanced)
VYGP	Youda Legend - The Curse of the Amsterdam Diamond (Europe) (En,Fr,De) (NDSi Enhanced)
VYLP	Youda Legend - The Golden Bird of Paradise (Europe) (En,Fr,De) (NDSi Enhanced)
VZUE	ZhuZhu Pets 2 Featuring The Wild Bunch (USA) (En,Fr) (NDSi Enhanced)
VZUV	ZhuZhu Pets Featuring The Wild Bunch (Europe) (En,Fr,De,Es,It) (NDSi Enhanced)
Y44E	Manaphy Distribution 2007 (USA) (Wi-Fi Kiosk) (Save Data)
Y58E	Secret Key Distribution 2009 (USA) (Wi-Fi Kiosk) (Save Data)
Y5XP	Shaymin Distribution 2009 (Europe) (En,Fr,De,Es,It) (Wi-Fi Kiosk) (Save Data)
Y6DE	Dragonite Distribution 2008 (USA) (Wi-Fi Kiosk) (Save Data)
Y6OE	Shaymin-Regigigas Distribution 2009 (USA) (Wi-Fi Kiosk) (Save Data)
Y6XE	Arceus Distribution 2009 (USA) (Wi-Fi Kiosk) (Save Data)
Y6XP	Arceus Distribution 2010 (Europe) (En,Fr,De,Es,It) (Wi-Fi Kiosk) (Save Data)
Y7WE	7 Wonders of the Ancient World (USA)
Y7WP	7 Wonders of the Ancient World (Europe) (En,Fr,De,Es,It)
Y7YE	Pichu-Jirachi Distribution 2010 (USA) (Wi-Fi Kiosk) (Save Data)
Y82E	Secret Egg Distribution 2011 (USA) (Wi-Fi Kiosk) (Save Data)
Y83E	Best Buy Nintendo Zone Beacon (USA) (Wi-Fi Kiosk)
Y85P	Zoroark Distribution 2011 (Europe) (En,Fr,De,Es,It) (Wi-Fi Kiosk) (Save Data)
Y85Z	Zoroark Distribution 2011 (USA) (En,Fr) (Wi-Fi Kiosk) (Save Data)
Y86P	Karrablast-shelmet Distribution 2011 (Europe) (En,Fr,De,Es,It) (Wi-Fi Kiosk) (Save Data)
Y8CE	Celebi Distribution 2011 (USA) (Wi-Fi Kiosk) (Save Data)
Y8CP	Celebi Distribution 2011 (Europe) (En,Fr,De,Es,It) (Wi-Fi Kiosk) (Save Data)
Y8IE	Professor Layton and the Unwound Future (USA) (Video)
Y8KP	Liberty Pass Distribution (Europe) (En,Ja) (Wi-Fi Kiosk) (Save Data)
Y8PE	Raikou-Entei-Suicune-Celebi Distribution 2011 (USA) (Wi-Fi Kiosk) (Save Data)
Y8QP	Darkrai Distribution 2011 (Europe) (En,Fr,De,Es,It) (Wi-Fi Kiosk) (Save Data)
Y8SE	Ash's PIKACHU! Distribution 2011 (USA) (Wi-Fi Kiosk) (Save Data)
Y9FL	Futureshop Canada Nintendo Zone Beacon (Canada) (Wi-Fi Kiosk)
Y9HE	Meloetta Distribution 2013 (USA, Europe) (En,Fr,De,Es,It) (Wi-Fi Kiosk) (Save Data)
Y9JZ	Keldeo Distribution 2012 (USA, Europe) (En,Fr,De,Es,It) (Wi-Fi Kiosk) (Save Data)
Y9OE	Shiny Dialga-Palkia-Giratina Distribution 2013 (USA) (Wi-Fi Kiosk) (Save Data)
Y9OP	Shiny Dialga-Palkia-Giratina Distribution 2013 (Europe) (En,Fr,De,It) (Wi-Fi Kiosk) (Save Data)
Y9OZ	Shiny Dialga-Palkia-Giratina Distribution 2013 (Europe) (En,Fr,Es,It) (Wi-Fi Kiosk) (Save Data)
YA3E	Arctic Tale (USA)
YA3P	Arctic Tale (Europe) (En,Fr,De,Es,It)
YA7E	Pet Vet - Down Under (USA) (En,Fr)
YA7P	My Animal Centre in Australia (Europe) (En,Fr,De,Es,It,Nl)
YA8E	World Championship Games - A Track & Field Event (USA) (En,Fr,Es)
YA8P	International Athletics (Europe) (En,Fr,De,Es,It)
YA9P	Chicken Attack DS (Europe) (En,Fr,De)
YAAE	Arkanoid DS (USA) (En,Fr,De,Es,It)
YAAP	Arkanoid DS (Europe) (En,Fr,De,Es,It)
YABE	Backyard Baseball '09 (USA)
YADP	Telly Addicts (Europe)
YAFE	AMF Bowling Pinbusters! (USA)
YAFP	AMF Bowling Pinbusters! (Europe) (En,Fr,De,Es,It)
YAGE	Animal Genius (USA)
YAGP	Animal Genius (Europe) (En,Fr,De,Es,It,Nl,Sv,No,Da)
YAHE	Assassin's Creed - Altair's Chronicles (USA) (En,Fr,Es)
YAHP	Assassin's Creed - Altair's Chronicles (Europe) (En,Fr,De,Es,It)
YAIE	Alvin and the Chipmunks (USA) (En,Fr)
YAIP	Alvin and the Chipmunks (Europe) (En,Fr,De,Es,It)
YAJE	American Girl - Julie Finds a Way (USA)
YAKD	Ankh - Der Fluch des Skarabaeenkoenigs (Germany) (En,Fr,De)
YAKF	Ankh - La Malediction du Roi Scarabee (France) (En,Fr)
YAKP	Ankh - Curse of the Scarab King (Europe) (En,Es,It,Nl,Pl,Ru)
YAME	2 Game Pack! - Monster Trucks Mayhem + ATV - Thunder Ridge Riders (USA)
YAMP	2 Games on 1 Card - Monster Trucks Mayhem & ATV - Thunder Ridge Riders (Europe) (En,Fr,De,Es,It)
YAPP	Allied Ace Pilots (Europe) (En,Fr,De,Es,It)
YARE	Backyard Football (USA)
YATE	MX vs. ATV Untamed (USA)
YATP	MX vs. ATV Untamed (Europe)
YAUE	All Star Cheer Squad (USA)
YAUP	All Star Cheerleader (Europe) (En,De,Es)
YAVE	Avatar - The Last Airbender - The Burning Earth (USA)
YAVP	Avatar - The Legend of Aang - The Burning Earth (Europe)
YAWE	Away - Shuffle Dungeon (USA)
YAWP	Away - Shuffle Dungeon (Europe) (En,Fr,De,Es,It)
YAXP	Left or Right - Ambidextrous Challenge (Europe) (En,Fr,De,Es,It)
YAYE	Nicktoons - Attack of the Toybots (USA)
YAYP	Nicktoons - Attack of the Toybots (United Kingdom)
YAYX	Nicktoons - Attack of the Toybots (Europe) (En,Fr)
YAZE	Petz - Wild Animals - Dolphinz (USA) (En,Fr,Es)
YAZP	Dolphin Island (Europe) (En,Fr,De,Es,It,Nl)
YB2E	Bomberman Land Touch! 2 (USA)
YB2P	Bomberman Land Touch! 2 (Europe) (En,Fr,De,Es,It)
YB3E	Harvest Moon DS - Sunshine Islands (USA)
YB3P	Harvest Moon DS - Sunshine Islands (Europe) (En,Fr,De,Es,It)
YB4E	Bee Movie Game (USA)
YB4P	Bee Movie Game (Europe)
YB5E	Let's Ride - Friends Forever (USA)
YB5P	Real Stories - Best Friends - Mon Poulain, Mon Cheval (Europe) (En,Fr,De,It,Sv,No,Da)
YB5X	Best Friends - Mijn Paard (Europe) (En,Nl)
YB7E	Broken Sword - Shadow of the Templars - The Director's Cut (USA) (En,Fr,De,Es,It)
YB7P	Broken Sword - Shadow of the Templars - The Director's Cut (Europe) (En,Fr,De,Es,It)
YB9E	Bratz - 4 Real (USA)
YB9P	Bratz - 4 Real (Europe) (En,Fr)
YBAP	Bomberman 2 (Europe) (En,Fr,De,Es,It)
YBBP	Bob the Builder - Festival of Fun (Europe) (En,Fr,De,Nl)
YBBY	Bob the Builder - Festival of Fun (Europe) (En,Pt,No,Da,Fi)
YBBZ	Bob the Builder - Festival of Fun (Europe) (En,Es)
YBCE	Brain Challenge (USA) (En,Fr,Es)
YBCP	Brain Challenge (Europe) (En,Fr,De,Es,It,Nl)
YBEY	Englisch Buddy (Europe) (En,Fr,De)
YBEZ	English Buddy (Europe) (En,Fr,De,Es,It,Nl)
YBGP	Best of Board Games DS (Europe) (En,Fr,De,Es,It,Pt)
YBHP	Build-A-Bear Workshop - Where Best Friends Are Made (Europe) (En,Da)
YBJP	Beetle Junior DS (Europe) (En,Fr,De)
YBLE	Balls of Fury (USA)
YBLP	Balls of Fury (Europe) (En,Fr,De,Es,It)
YBNE	100 Classic Books (USA)
YBNP	100 Classic Book Collection (Europe)
YBOE	Boogie (USA) (En,Fr,Es)
YBOP	Boogie (Europe) (En,Fr,De,Es,It,Nl,Pt)
YBPE	Barbie as the Island Princess (USA)
YBPP	Barbie as the Island Princess (United Kingdom)
YBQP	Boulder Dash - Rocks! (Europe) (En,Fr,De,Es,It)
YBRE	Baby Pals (USA)
YBRP	Baby Pals (Europe) (En,Fr,De,Es,It)
YBTE	Bleach - The 3rd Phantom (USA)
YBTP	Bleach - The 3rd Phantom (Europe) (En,Fr)
YBUE	Blue Dragon - Awakened Shadow (USA)
YBUP	Blue Dragon - Awakened Shadow (United Kingdom)
YBVE	Build-A-Bear Workshop - Where Best Friends Are Made (USA) (En,Fr,Es)
YBWE	Petz - Bunnyz (USA) (En,Fr,De,Es,It,Nl)
YBWP	Bunnyz (Europe) (En,Fr,De,Es,It,Nl)
YBXE	Betty Boop's Double Shift (USA)
YBXP	Betty Boop's Double Shift (Europe) (En,Fr,De,Es,It)
YBYE	Bratz - Super Babyz (USA)
YBYP	Bratz - Super Babyz (Europe) (En,Fr)
YBZE	Bratz Ponyz (USA) (En,Fr,Es)
YBZP	Bratz Ponyz (Europe) (En,Fr,De,Es,It,Da)
YC2E	SimCity - Creator (USA) (En,Fr,Es)
YC2P	SimCity - Creator (Europe) (En,Fr,De,Es,It,Nl)
YC5E	Command and Destroy (USA)
YC5P	Command and Destroy (Europe) (En,Fr,De,Es,It)
YC8E	Petz - Catz 2 (USA) (En,Fr,Es)
YC8P	Catz 2 (Europe) (En,Fr,De,Es,It,Nl,Sv,No,Da)
YCEE	Chessmaster - The Art of Learning (USA) (En,Fr,Es)
YCEP	Chessmaster - The Art of Learning (Europe) (En,Fr,De,Es,It,Nl)
YCGE	Rock Blast (USA)
YCIE	Petz - Wild Animals - Tigerz (USA) (En,Fr,Es)
YCIP	Tigerz (Europe) (En,Fr,De,Es,It,Nl)
YCJP	Crazy Frog Collectables - Art School (Europe) (En,Fr,De,Es,It)
YCME	Cars - Mater-National Championship (USA)
YCMP	Cars - Mater-National Championship (Europe) (En,Sv,Da)
YCOE	Call of Duty 4 - Modern Warfare (USA)
YCOP	Call of Duty 4 - Modern Warfare (United Kingdom)
YCQE	Cooking Mama 2 - Dinner with Friends (USA)
YCQP	Cooking Mama 2 - Dinner with Friends (Europe) (En,Fr,De,Es,It)
YCSE	Chicken Shoot (USA) (En,Fr,De,Es,It)
YCSP	Chicken Shoot (Europe) (En,Fr,De,Es,It)
YCTE	Contra 4 (USA)
YCUE	CrossworDS (USA, Australia)
YCUP	Nintendo Presents - Crossword Collection (Europe)
YCVE	What's Cooking - Jamie Oliver (USA) (En,Fr,Es)
YCVP	What's Cooking - Jamie Oliver (Europe) (En,Fr,De,Es,It)
YCXE	Retro Game Challenge (USA)
YCYE	Crayola Treasure Adventures (USA)
YCYP	Crayola Treasure Adventures (Europe) (En,Fr,De,Es,It)
YCZP	Crazy Pig (Europe) (En,Fr,De,Es,It,Nl)
YD2E	Petz - Dogz 2 (USA) (En,Fr,De,Es,It)
YD2P	Dogz 2 (Europe) (En,Fr,De,Es,It)
YD4P	Nintendogs - Jack Russell Relay Mode (Europe) (Kiosk)
YDCE	Let's Pilates! (USA) (En,Fr,De,Es,It)
YDDE	Boing! Docomodake DS (USA) (En,Fr,De,Es,It)
YDDP	Boing! Docomodake DS (Europe) (En,Fr,De,Es,It)
YDEE	de Blob (USA) (Proto)
YDHE	Ducati Moto (USA)
YDHP	Ducati Moto (Europe) (En,Fr,De,Es,It)
YDIE	Digimon World Championship (USA)
YDJE	Drake & Josh - Talent Showdown (USA) (En,Fr)
YDLE	Deal or No Deal (USA)
YDME	CSI - Crime Scene Investigation - Dark Motives (USA) (En,Fr,De,Es,It)
YDMP	CSI - Crime Scene Investigation - Dark Motives (Europe) (En,Fr,De,Es,It)
YDPP	My Pet Dolphin (Europe) (En,Fr,De,Es,It)
YDQE	Dragon Quest IX - Sentinels of the Starry Skies (USA) (En,Fr,Es)
YDQP	Dragon Quest IX - Sentinels of the Starry Skies (Europe) (En,Fr,De,Es,It)
YDRE	Dora the Explorer - Dora Saves the Mermaids (USA)
YDRP	Dora the Explorer - Dora Saves the Mermaids (Europe)
YDRX	Dora the Explorer - Dora Saves the Mermaids (Europe) (En,Fr,De,Nl)
YDTE	Dementium - The Ward (USA)
YDTP	Dementium - The Ward (Europe) (En,Fr,De,Es,It)
YDVE	Super Dodgeball Brawlers (USA)
YDWE	Drawn to Life (USA) (En,Fr)
YDWP	Drawn to Life (Europe) (En,Fr,De,Es,It)
YDXP	Donkey Xote (Europe) (En,Fr,De,Es,It)
YDYP	Crystal Mines (Australia) (En,Fr,De,Es,It)
YDZP	Maths Made Simple (Europe) (En,Fr,De,Es,It)
YEAE	Dark Spire, The (USA)
YECE	Enchanted (USA) (En,Fr,De,Es,It,Nl)
YECP	Enchanted (Europe) (En,Fr,De,Es,It,Nl)
YEDE	Elements of Destruction (USA)
YEDP	Elements of Destruction (Europe) (En,Fr,De,Es)
YEEP	Inazuma Eleven (Europe)
YEHP	Berlitz - English Dictionary (Europe) (En,Fr,De,Es,It)
YEJP	Mahjongg DS (Europe) (En,Fr,De,Es,It,Nl)
YEKE	Glory of Heracles (USA)
YEMP	Mind. Body. Soul. - Nutrition Matters (Europe) (En,Fr,De,Es,It)
YENP	Elvenland (Europe) (En,Fr,De)
YENX	Jewel Land (Europe) (En,Fr,De)
YEQE	Go, Diego, Go! - Safari Rescue (USA)
YEQP	Go, Diego, Go! - Safari Rescue (Europe)
YEQX	Go, Diego, Go! - Safari Rescue (Europe) (En,Fr)
YEQY	Go, Diego, Go! - Safari Rescue (Europe) (En,Fr,Nl)
YERE	Elebits - The Adventures of Kai and Zero (USA) (En,Fr)
YERP	Eledees - The Adventures of Kai and Zero (Europe) (En,Fr,De,Es,It)
YETE	Tigre, El - The Adventures of Manny Rivera (USA)
YETP	Tigre, El - The Adventures of Manny Rivera (Europe)
YEXE	Exit DS (USA) (En,Fr,De,Es,It)
YEXP	Exit DS (Europe) (En,Ja,Fr,De,Es,It)
YF3E	FIFA Street 3 (USA) (En,Fr,Es)
YF3P	FIFA Street 3 (Europe) (En,Fr,De,Es,It)
YF4E	Final Fantasy IV (USA) (En,Fr,Es)
YF4P	Final Fantasy IV (Europe) (En,Fr,De,Es,It)
YF7E	DSTTi (World)
YF7P	Fish Tycoon (Europe) (En,Fr,De,Es,It)
YF8E	FIFA Soccer 08 (USA) (En,Fr,De,Es,It)
YF8P	FIFA 08 (Europe) (En,Fr,De,Es,It)
YF9E	My Fashion Studio (USA) (En,Fr,Es)
YF9P	Fashion Designer - Style Icon (Europe) (En,Fr,De,Es,It)
YFCE	Mystery Case Files - MillionHeir (USA) (En,Fr,Es)
YFCP	Mystery Case Files - MillionHeir (Europe) (En,Fr,De,Es,It)
YFEE	Fire Emblem - Shadow Dragon (USA)
YFEP	Fire Emblem - Shadow Dragon (Europe) (En,Fr,De,Es,It)
YFGP	Big Catch - Bass Fishing (Europe) (En,Fr,De,Es,It)
YFHE	Imagine - Fashion Designer (USA) (En,Fr,Es)
YFHP	Imagine - Fashion Designer (Europe) (En,Fr,De,Es,It,Nl,Sv,No,Da)
YFIE	Foster's Home for Imaginary Friends - Imagination Invaders (USA)
YFIP	Foster's Home for Imaginary Friends - Imagination Invaders (Europe)
YFME	My World, My Way (USA)
YFPE	Pet Pals - Animal Doctor (USA)
YFRE	Ferrari Challenge - Trofeo Pirelli (USA) (En,Fr)
YFRP	Ferrari Challenge - Trofeo Pirelli - European Series (Europe) (En,Fr,De,Es,It)
YFTE	Pokemon Mystery Dungeon - Explorers of Time (USA)
YFTP	Pokemon Mystery Dungeon - Explorers of Time (Europe) (En,Fr,De,Es,It)
YFWE	Rain Drops (USA)
YFXE	Gourmet Chef - Cook Your Way to Fame (USA) (En,Fr,Es)
YFYE	Pokemon Mystery Dungeon - Explorers of Darkness (USA)
YFYP	Pokemon Mystery Dungeon - Explorers of Darkness (Europe) (En,Fr,De,Es,It)
YG2E	Glory Days 2 (USA) (En,Fr,Es)
YG2P	Glory Days 2 (Europe) (En,Fr,De,Es,It)
YG3E	Phoenix Wright - Ace Attorney - Trials and Tribulations (USA)
YG3J	Gyakuten Saiban 3 (Japan) (En,Ja)
YG3P	Phoenix Wright - Ace Attorney - Trials and Tribulations (Europe)
YG4E	Suikoden - Tierkreis (USA) (En,Fr,Es)
YG4P	Suikoden - Tierkreis (Europe) (En,Fr,De,Es,It)
YG6E	Grid (USA) (En,Fr,Es)
YG6P	Race Driver - Grid (Europe) (En,Fr,De,Es,It)
YG8E	Yu-Gi-Oh! - World Championship 2008 (USA) (En,Ja)
YG8J	Yu-Gi-Oh! Duel Monsters - World Championship 2008 (Japan) (En,Ja)
YG8K	Yu-Gi-Oh! - World Championship 2008 (Korea) (En,Ja,Ko)
YG8P	Yu-Gi-Oh! - World Championship 2008 (Europe) (En,Ja,Fr,De,Es,It)
YGAP	Equestrian Training (Europe)
YGCE	Quick Yoga Training - Learn in Minutes a Day (USA) (En,Fr,De,Es,It)
YGCP	Personal Yoga Training - Learn in 15 Minutes a Day (Europe) (En,Fr,De,Es,It)
YGDE	Diary Girl (USA)
YGDP	Winx Club - Secret Diary 2009 (Europe) (En,Fr,De,Es,It)
YGFE	Garfield Gets Real (USA)
YGFP	Garfield Gets Real (Europe) (En,Fr,De,Es,It)
YGHE	Guitar Hero - On Tour (USA) (En,Fr)
YGHP	Guitar Hero - On Tour (United Kingdom)
YGIP	Solitaire (Europe) (En,Fr,De,Es,It)
YGJE	George of the Jungle and the Search for the Secret (USA)
YGJP	George of the Jungle (Europe) (En,Fr,De,Es,It)
YGLE	Geometry Wars - Galaxies (USA)
YGLP	Geometry Wars - Galaxies (Europe) (En,Fr,De,Es,It)
YGNE	Gauntlet (USA) (En,Fr,Es) (Proto)
YGNP	Gauntlet (Europe) (En,Fr,De,Es,It) (Proto)
YGOP	Dragon Hunters (Europe) (En,Fr,De,Es,It)
YGQE	Ghostbusters - The Video Game (USA) (En,Fr,Es)
YGQP	Ghostbusters - The Video Game (Europe) (En,Fr,De,Es,It,Nl)
YGSE	Secret Files - Tunguska (USA) (En,Fr,De,Es,It)
YGSP	Secret Files - Tunguska (Europe) (En,Fr,De,Es,It)
YGTE	Di-Gata Defenders (USA) (En,Fr,Es)
YGTP	Di-Gata Defenders (Europe) (En,Fr,De,Es,It)
YGWE	Dr. Seuss - How the Grinch Stole Christmas! (USA)
YGWP	Dr. Seuss - How the Grinch Stole Christmas! (Europe) (En,Fr,De,Es,It)
YGXE	Grand Theft Auto - Chinatown Wars (USA) (En,Fr,De,Es,It)
YGXP	Grand Theft Auto - Chinatown Wars (Europe) (En,Fr,De,Es,It)
YGZP	Godzilla Unleashed (Europe) (En,Fr,De,Es,It)
YH2E	Hannah Montana - Music Jam (USA)
YH2P	Hannah Montana - Music Jam (Europe) (En,Fr,De,Es,It,Nl)
YH2X	Hannah Montana - Music Jam (Europe) (En,Sv,No,Da)
YHCP	Heracles - Battle with the Gods (Europe) (En,Fr,De,Es,It)
YHDE	Mummy, The - Tomb of the Dragon Emperor (USA) (En,Fr,De,Es,It)
YHDP	Mummy, The - Tomb of the Dragon Emperor (Europe) (En,Fr,De,Es,It)
YHFE	Holly Hobbie & Friends (USA)
YHFP	Holly Hobbie & Friends (Europe) (En,Fr,De,Es,It)
YHLE	Time Hollow (USA) (En,Fr)
YHLP	Time Hollow (Europe) (En,Fr,De,Es,It)
YHNE	Flower, Sun and Rain - Murder and Mystery in Paradise (USA)
YHNP	Flower, Sun and Rain - Murder and Mystery in Paradise (Europe) (En,Fr,De,Es,It)
YHRE	Homie Rollerz (USA) (En,Es)
YHSE	My Horse & Me (USA) (En,Fr,Es)
YHSP	My Horse & Me (Europe) (En,Fr,De,Es,It,Nl,Sv,Da)
YHUE	Hurry Up Hedgehog! (USA)
YHUP	Hurry Up Hedgehog! (Europe) (En,Fr,De,Es,It)
YHWE	Hot Wheels - Beat That! (USA)
YHWP	Hot Wheels - Beat That! (Europe)
YHXE	Horse Life (USA)
YHXP	Whitaker Family Presents, The - Horse Life (Europe) (En,Fr,De,Es,It,Nl,Pt)
YHYP	Happy Hippo's World Tour (Europe) (En,Fr,De,Es,It)
YHZE	Petz - Horsez 2 (USA) (En,Fr,Es)
YHZP	Pippa Funnell 2 - Farm Adventures (Europe) (En,Fr,De,Es,It,Nl,Sv,No,Da)
YI2P	Fizz (Europe) (En,Fr,De,Es,It)
YI3E	High School Musical 2 - Work This Out! (USA) (En,Fr,De,Es,It,Nl)
YI3P	High School Musical 2 - Work This Out! (Europe) (En,Fr,De,Es,It,Nl)
YI5E	Indianapolis 500 Legends (USA)
YI8E	Smart Girl's Magical Book Club (USA)
YIAE	Iron Chef America - Supreme Cuisine (USA)
YIBE	Imagine - Babyz (USA) (En,Fr,Es)
YIBP	Imagine - Babies (Europe) (En,Fr,De,Es,It,Nl)
YICE	Insecticide (USA)
YIDE	Smart Kid's Gameclub (USA)
YIFE	My French Coach - Learn a New Language (USA)
YIFP	My French Coach - Level 1 - Learn to Speak French (Europe)
YIGP	Street Football (Europe) (En,Fr,De,Es,It)
YIHE	Cory in the House (USA)
YIHP	Cory in the House (Europe)
YIIE	Matchstick (USA) (En,Es)
YIIP	Matchstick Puzzle by DS (Europe) (En,Fr,De,Es,It)
YIKE	Etrian Odyssey II - Heroes of Lagaard (USA)
YIME	Iron Man (USA) (En,Fr,Es)
YIMP	Iron Man (Europe) (En,Fr,De,Es,It)
YIOP	Solitaire DS (Europe) (En,Fr,De,Es,It)
YIRE	Nancy Drew - The Hidden Staircase (USA)
YISE	My Spanish Coach - Learn a New Language (USA)
YISP	My Spanish Coach - Level 1 (Europe) (En,Es)
YITE	Smart Boy's Winter Wonderland (USA)
YIVE	Dragon Quest IV - Chapters of the Chosen (USA) (En,Fr,Es)
YIVP	Dragon Quest - The Chapters of the Chosen (Europe) (En,Fr,De,Es,It)
YIYE	Championship Pony (USA)
YIYP	Mary King's Riding School (Europe) (En,Fr,De,Es,It)
YIZE	Izuna 2 - The Unemployed Ninja Returns (USA)
YJ2E	Juiced 2 - Hot Import Nights (USA)
YJ2P	Juiced 2 - Hot Import Nights (Europe) (En,Fr,De,Es,It)
YJ5P	Travel Coach - Europe 1 (Europe) (En,Fr,De,Es,It)
YJ9E	Korg DS-10 Synthesizer (USA)
YJ9J	Korg DS-10 Synthesizer (Japan) (En)
YJ9P	Korg DS-10 Synthesizer (Europe) (En,Fr,De,Es,It)
YJAE	Theresia.. (USA)
YJBE	LEGO Batman - The Videogame (USA) (En,Fr,Es)
YJBP	LEGO Batman - The Videogame (Europe) (En,Fr,De,Es,It,Da)
YJCE	Journey to the Center of the Earth (USA)
YJCP	Journey to the Center of the Earth (Europe) (En,Fr,De,Es,It)
YJDE	John Deere - Harvest in the Heartland (USA)
YJDP	Farm Life - Manage Your Own Farm (Europe) (En,Fr,De,Es,It,Nl)
YJEE	Jenga - World Tour (USA)
YJEP	Jenga - World Tour (Europe) (En,Fr,De,Es,It)
YJFP	Travel Coach - Europe 2 (Europe) (En,De,Nl,El,Tr)
YJGE	Jake Hunter - Detective Chronicles (USA)
YJKP	Jackass - The Game DS (Europe) (En,Fr,De,Es,It)
YJLE	I Love Babies (USA)
YJLP	My Little Baby (Europe) (En,De)
YJLX	My Little Baby (Europe) (En,Fr,De,Es)
YJLY	My Little Baby (Europe) (En,Fr,De,Es,It,Sv,No,Da)
YJME	Fab 5 Soccer (USA)
YJPU	PokerDome Poker Master - No Limit Texas Hold'em Poker (Australia)
YJQE	Jewel Quest - Expeditions (USA)
YJQP	Jewel Quest - Expeditions (Europe) (En,Es,It)
YJQX	Jewel Quest - Expeditions (Europe) (En,Fr,Nl)
YJUE	Tokyo Beat Down (USA)
YJVE	I Heart Geeks (USA)
YJWP	Moorhuhn - Jewel of Darkness (Europe) (En,Fr,De)
YJXP	Jetix Puzzle Buzzle (Europe) (En,Fr,De,Es,It,Nl,Sv,No,Da,Fi)
YJYP	1 vs 100 (Australia)
YJZE	Let's Draw! (USA) (En,Fr,Es)
YJZP	Let's Draw! (Europe) (En,Es,It)
YK3P	Kilari - Deviens une Star (Europe) (En,Fr,Es,It)
YK6E	L.O.L. (USA)
YK6J	Archime DS (Japan) (En,Ja)
YK6P	Bakushow - Challenge Your Friends! (Europe) (En,Fr,De,Es,It)
YKBE	Heavy Armor Brigade (USA)
YKFE	Kung Fu Panda (USA)
YKFL	Kung Fu Panda (Canada) (En,Fr)
YKFP	Kung Fu Panda (Europe)
YKGE	Kingdom Hearts - 358-2 Days (USA) (En,Fr)
YKGP	Kingdom Hearts - 358-2 Days (Europe) (En,Fr,De,Es,It)
YKHE	Fossil Fighters (USA)
YKWE	Kirby Super Star Ultra (USA)
YKWP	Kirby Super Star Ultra (Europe) (En,Fr,De,Es,It)
YL2E	Luminous Arc 2 (USA)
YL2P	Luminous Arc 2 (Europe)
YL3E	Lost in Blue 3 (USA)
YL3P	Lost in Blue 3 (Europe) (En,Fr,De,Es,It)
YL8E	Survivor (USA)
YLAP	Deal or No Deal - The Official Nintendo DS Game (Europe)
YLAU	Deal or No Deal (Australia)
YLBE	Major League Baseball 2K8 - Fantasy All-Stars (USA) (En,Fr,Es)
YLDE	Master of the Monster Lair (USA)
YLDP	Dungeon Maker (Europe) (En,Fr,De,Es,It)
YLEE	Soul Bubbles (USA) (En,Fr,De,Es,It)
YLEP	Soul Bubbles (Europe) (En,Fr,De,Es,It)
YLFP	Lanfeust of Troy (Europe) (En,Fr,De,Es,It)
YLGE	LEGO Star Wars - The Complete Saga (USA)
YLGP	LEGO Star Wars - The Complete Saga (Europe) (En,Fr,De,Es,It,Da)
YLHE	Hero's Saga - Laevatein Tactics (USA)
YLIE	Lovely Lisa (USA) (En,Fr,Es)
YLIP	Lovely Lisa (Europe) (En,Fr,Es)
YLJE	LEGO Indiana Jones - The Original Adventures (USA) (En,Fr,De,Es,It,Da)
YLJP	LEGO Indiana Jones - The Original Adventures (Europe) (En,Fr,De,Es,It,Da)
YLKE	Legend of Kage 2, The (USA) (En,Fr,De,Es,It)
YLKP	Legend of Kage 2, The (Europe) (En,Fr,De,Es,It)
YLNE	Looney Tunes - Cartoon Conductor (USA) (En,Fr,De,Es,It)
YLNP	Looney Tunes - Cartoon Concerto (Europe) (En,Fr,De,Es,It)
YLPE	Neves (USA) (En,Ja)
YLPJ	Hamekomi Lucky Puzzle DS (Japan) (En,Ja)
YLPP	Neves (Europe) (En,Fr,De,Es,It)
YLRE	Left Brain, Right Brain - Use Both Hands, Train Both Sides (USA)
YLTE	Professor Layton and the Diabolical Box (USA)
YLTP	Professor Layton and Pandora's Box (Europe)
YLUP	Last Window - The Secret of Cape West (Europe) (En,Fr,De,Es,It)
YLWP	Go West! - A Lucky Luke Adventure (Europe) (En,Fr,De,Es,It,Nl)
YLXE	Luxor - Pharaoh's Challenge (USA)
YLXP	Luxor - Pharaoh's Challenge (Europe) (En,Fr,De,Es,It)
YLYE	My Weight Loss Coach - Improve Your Health (USA) (En,Fr,Es)
YLYP	My Health Coach - Manage Your Weight (Europe) (En,Fr,De,Es,It,Nl)
YLZE	Rhythm Heaven (USA)
YLZP	Rhythm Paradise (Europe) (En,Fr,De)
YLZX	Rhythm Paradise (Europe) (En,Es,It)
YM2E	Mega Brain Boost (USA)
YM6P	Mystery Mansion (Europe) (En,Fr,De,Es,It)
YM7E	Metal Slug 7 (USA)
YM7P	Metal Slug 7 (Europe) (En,Fr,De,Es,It)
YM9E	Emma at the Farm (USA) (En,Fr,Es)
YM9P	Emma at the Farm (Europe) (En,Fr,De,Es,It,Nl,Pt)
YM9X	Emma at the Farm (Europe) (En,De,Sv,No,Da,Fi)
YMFE	Mazes of Fate DS (USA)
YMFP	Mazes of Fate DS (Europe) (En,Fr,De,Es,It)
YMJE	Disney Princess - Magical Jewels (USA)
YMJP	Disney Princess - Magical Jewels (Europe) (En,Fr,De,Es,It,Nl)
YMME	Chicken Hunter (USA) (En,Fr,De,Es,It,Nl)
YMMP	Moorhuhn DS (Europe) (En,Fr,De,Es,It,Nl)
YMNP	Nadia's World (Europe) (En,Fr,Es)
YMOE	Monster Jam (USA)
YMOP	Monster Jam (Europe)
YMQX	Real Adventures - Wild Horses - The Quest for the Golden Horse (Europe) (En,Fr,De,Es,It)
YMQY	Real Adventures - Wild Horses - The Quest for the Golden Horse (Europe) (En,Nl,Sv,No,Da)
YMRP	Mr Bean (Europe) (En,Fr,De,Es,It,Nl,Pt,Sv,No,Da,Fi)
YMTP	Meine Tierschule (Germany) (En,De)
YMTX	My Pet School (Europe) (En,Fr,Es,It)
YMTZ	Mijn Dierenschool (Netherlands) (En,Nl)
YMUE	Paws & Claws - Pet Vet 2 (USA)
YMUP	My Vet Practice - In the Country (Europe) (En,Fr,De,Es,It)
YMVE	OMG 26 - Our Mini Games (USA)
YMWP	Monde de Titeuf, Le (Europe) (En,Fr,Es)
YMXE	Mah Jong Quest - Expeditions (USA)
YMXP	Mah Jong Quest - Expeditions (Europe) (En,Es,It)
YMXX	Mah Jong Quest - Expeditions (Europe) (En,Fr,Nl)
YMYE	Myst (USA) (En,Fr)
YMYP	Myst (Europe) (En,Fr,De)
YMZE	M&M's - Kart Racing (USA)
YN5E	Naruto - Path of the Ninja (USA)
YNDE	Napoleon Dynamite - The Game (USA)
YNGE	Ninja Gaiden - Dragon Sword (USA)
YNGP	Ninja Gaiden - Dragon Sword (Europe) (En,Fr,De,Es,It)
YNIE	Ninja Reflex (USA) (En,Fr,De,Es,It)
YNIP	Ninja Reflex (Europe) (En,Fr,De,Es,It)
YNJE	Mini Ninjas (USA) (En,Fr,Es)
YNJP	Mini Ninjas (Europe) (En,Fr,De,Es,It,Nl)
YNKE	Miami Law (USA) (En,Fr,Es)
YNKP	Miami Crisis (Europe) (En,Fr,De,Es,It)
YNLE	Mission Runway (USA)
YNLY	America's Next Top Model (Europe) (En,Fr,Es,It)
YNLZ	America's Next Top Model (Europe) (En,Fr,Es,It,Sv,No,Da)
YNME	Namco Museum DS (USA)
YNMP	Namco Museum DS (Europe) (En,Fr,De,Es,It)
YNNE	Magician's Quest - Mysterious Times (USA) (En,Fr,Es)
YNNP	Enchanted Folk and the School of Wizardry (Europe) (En,Fr,De,Es,It)
YNPE	Need for Speed - ProStreet (USA) (En,Fr,De,Es,It)
YNPP	Need for Speed - ProStreet (Europe) (En,Fr,De,Es,It)
YNWE	Nancy Drew - The Deadly Secret of Olde World Park (USA)
YNWP	Nancy Drew - The Deadly Secret of Olde World Park (Europe) (En,Fr,De,Es,It)
YNXE	N+ (USA)
YNYE	Aly & AJ Adventure, The (USA)
YNYP	Aly & AJ Adventure, The (Europe) (En,Fr,De,Es,It)
YNZE	Petz - Dogz Fashion (USA)
YNZP	Fashion Dogz (Europe)
YO8E	Legend of Spyro, The - Dawn of the Dragon (USA) (En,Fr,De,Es,It,Nl)
YO8P	Legend of Spyro, The - Dawn of the Dragon (Europe) (En,Fr,De,Es,It,Nl)
YOEE	Orcs & Elves (USA) (En,Fr,De,Es,It)
YOEP	Orcs & Elves (Europe) (En,Fr,De,Es,It)
YOGE	Avalon Code (USA)
YOGP	Avalon Code (Europe) (En,Fr,De)
YONP	Music - Music for Everyone (Europe) (En,Fr,De,Es,It)
YOPE	Plushees (USA)
YOVE	Solitaire Overload (USA)
YOZP	Cornelsen Trainer - Mathe - Klasse 6 (Europe) (En,De)
YP2E	Pokemon Ranger - Shadows of Almia (USA)
YP2P	Pokemon Ranger - Shadows of Almia (Europe) (En,Fr,De,Es,It)
YP3P	Clever Kids - Dino Land (Europe) (En,Fr,De,Es,It,Pt)
YP4E	My Pet Shop (USA) (En,Fr,De,Es,It)
YP4P	My Pet Shop (Europe) (En,Fr,De,Es,It)
YP5E	I Spy - Fun House (USA)
YP5P	I Spy - Fun House (Europe)
YP5X	I Spy - Fun House (Europe) (En,Ru) (Proto)
YP6P	Postman Pat (Europe) (En,Fr,De,Es,It,Nl,Pt,Sv,No,Da,Fi)
YP8E	Pirates - Duels on the High Seas (USA)
YP8P	Pirates - Duels on the High Seas (Europe) (En,Fr,De,Es,It)
YP9E	Steal Princess (USA)
YPDP	Cosmetic Paradise (Europe) (En,Fr,It)
YPGE	EA Playground (USA) (En,Fr,De,Es,It)
YPGP	EA Playground (Europe) (En,Fr,De,Es,It)
YPHE	Puzzle de Harvest Moon (USA)
YPIE	PictoImage (USA) (En,Fr,De,Es,It)
YPIP	PictoImage - Sketch and Guess on Your DS! (Europe) (En,Fr,De,Es,It)
YPLE	Puppy Luv - Spa and Resort (USA)
YPLP	Puppy Luv - Spa and Resort (Europe)
YPNE	Polar Bowler (USA)
YPOE	Populous DS (USA)
YPOP	Populous DS (Europe) (En,Fr,De,Es,It)
YPRE	Power Rangers - Super Legends (USA) (En,Fr,De,Es,It)
YPRP	Power Rangers - Super Legends (Europe) (En,Fr,De,Es,It)
YPTE	Puppy Palace (USA) (En,Fr,Es)
YPTP	My Puppy Shop (Europe) (En,Fr,De,Es,It,Nl,Sv,Da)
YPUP	Clever Kids - Pony World (Europe) (En,Fr,De,Es,It,Pt)
YPVE	Imagine - Animal Doctor (USA) (En,Fr,Es)
YPVP	Imagine - Pet Vet (Europe) (En,Fr,De,Es,It,Nl,Sv,No,Da)
YPXP	Pic Pic (Europe)
YPZP	Real Adventures - Pet Vet (Europe) (En,Fr)
YPZX	Real Adventures - Pet Vet (Europe) (En,Nl,Sv,No,Da)
YQ3E	Shrek - Ogres & Dronkeys (USA)
YQ3P	Shrek - Ogres & Dronkeys (United Kingdom)
YQ4P	Deep Sea Aquarium by DS (Europe) (En,Fr,It)
YQBE	Barnyard Blast - Swine of the Night (USA) (En,Fr,Es,Pt)
YQBP	Barnyard Blast - Swine of the Night (Europe) (En,Fr,De,Es,It,Pt)
YQCE	thinkSMART - Chess for Kids (USA) (En,Fr,Es)
YQCP	Chess for Kids (Europe) (En,Fr,De,Es,It)
YQFP	My French Coach - Level 2 - Improve Your French (Europe)
YQKE	World Cup of Pool (USA)
YQKP	World Cup of Pool (Europe) (En,Fr,De,Es,It)
YQLE	Monster Lab (USA) (En,Fr,De,Es,It)
YQLP	Monster Lab (Europe) (En,Fr,De,Es,It)
YQNE	Chronicles of Narnia, The - Prince Caspian (USA) (En,Fr,Es)
YQNP	Chronicles of Narnia, The - Prince Caspian (United Kingdom)
YQNX	Chronicles of Narnia, The - Prince Caspian (Europe) (En,Fr,Es,Nl)
YQNY	Chronicles of Narnia, The - Prince Caspian (Europe) (En,De,It,Sv,No,Da)
YQOP	Times, The - Crossword Challenge (Europe)
YQPE	Imagine - Ice Champions (USA) (En,Fr,Es)
YQRP	Cocoto Racers (Europe) (En,Fr,De,Es,It)
YQSP	My Spanish Coach - Level 2 - Improve Your Spanish (Europe)
YQUE	Chrono Trigger (USA) (En,Fr)
YQUJ	Chrono Trigger (Japan) (En,Ja)
YQUP	Chrono Trigger (Europe) (En,Fr)
YQVE	Emma in the Mountains (USA) (En,Fr,Es)
YQVP	Emma in the Mountains (Europe) (En,Fr,De,Es,It,Nl,Pt)
YQWP	Sun, The - Crossword Challenge (Europe)
YQXE	Yamaha Supercross (USA)
YQXP	Yamaha Supercross (Europe) (En,Fr,De,Es,It)
YR2P	Runaway - The Dream of the Turtle (Europe) (En,Fr,De)
YR5E	Pet Adoption Center (USA) (En,Fr,De,Nl)
YR5P	Emily - My Animal Shelter (Europe) (En,Fr,It)
YR5X	My Own Pet Shelter (Europe) (En,Fr,De,Nl)
YR6E	Dreamer Series - Puppy Trainer (USA) (En,Es)
YR6P	Emily - My Dog Paradise (Europe) (En,Fr,It)
YR6X	My Dogs Paradise (Europe) (En,Fr,De,Es,It,Nl)
YR7P	Pop Town (Europe) (En,Fr,It)
YR8E	Midnight Play! Pack (USA) (En,Fr,Es)
YR8P	Midnight Play! Pack (Europe) (En,Fr,De,Es,It)
YR9E	Castlevania - Order Of Ecclesia (USA) (Video)
YR9P	Castlevania - Order of Ecclesia (Europe) (En,Fr,De,Es,It)
YRAE	Spitfire Heroes - Tales of the Royal Air Force (USA)
YRBE	Ragnarok DS (USA)
YRDP	Riding Star 3 (Europe) (En,Fr,De,Es,It)
YRFE	Real Soccer 2008 (USA) (En,Fr,Es)
YRFP	Real Football 2008 (Europe) (En,Fr,De,Es,It,Nl)
YRIE	Pirates (USA) (En,Fr,De,Es,Nl)
YRIP	Pirates - Boarding! (Europe) (En,Fr,De,Es,Nl)
YRIX	Pirates - Boarding! (Europe) (En,It,Sv,No,Da)
YRJP	Travel Coach - Europe 3 (Europe) (En,De,Pl,Ru,Cs)
YRLE	Ratatouille - Food Frenzy (USA)
YRLP	Ratatouille - Food Frenzy (Europe) (En,Fr,De,Es,It,El)
YRME	My Secret World by Imagine (USA) (En,Fr,Es,Pt)
YRMP	My Secret World by Imagine (Europe) (En,Fr,De,Es,It,Nl,Pt,Sv,No,Da)
YROE	Princess Debut (USA)
YROP	Princess Debut - The Royal Ball (Europe) (En,Fr,De)
YRQE	Pony Luv (USA) (En,Fr)
YRQP	Pony Luv (Europe) (En,Fr,De)
YRRE	Rayman - Raving Rabbids 2 (USA) (En,Fr,Es)
YRRP	Rayman - Raving Rabbids 2 (Europe) (En,Fr,De,Es,It,Nl)
YRTE	Dreamer Series - Horse Trainer (USA) (En,Fr,De,Es)
YRTY	Mi Escuela de Equitacion (Europe) (En,Fr,De,Es)
YRVE	Mega Man Star Force 2 - Zerker x Ninja (USA)
YRVP	Mega Man Star Force 2 - Zerker x Ninja (Europe) (En,Fr,De,Es,It)
YRWE	Mega Man Star Force 2 - Zerker x Saurian (USA)
YRWP	Mega Man Star Force 2 - Zerker x Saurian (Europe) (En,Fr,De,Es,It)
YRZP	Asterix at the Olympic Games (Europe) (En,Fr,De,Es,It,Nl)
YS2E	Sims 2, The - Castaway (USA) (En,Fr,De,Es,It,Nl,Pt)
YS2P	Sims 2, The - Castaway (Europe) (En,Fr,De,Es,It,Nl,Pt)
YS3E	Sea Monsters - A Prehistoric Adventure (USA)
YS3P	Sea Monsters - A Prehistoric Adventure (Europe) (En,Fr,De,Es,It)
YS5E	Are You Smarter than a 5th Grader (USA)
YS5P	Are You Smarter than a 5th Grader (Australia)
YS6E	Sid Meier's Civilization Revolution (USA) (En,Fr,De,Es,It)
YS6P	Sid Meier's Civilization Revolution (Europe) (En,Fr,De,Es,It)
YS7E	Mister Slime (USA) (En,Fr,Es)
YS7P	Mr. Slime Jr. (Europe) (En,Fr,De,Es,It,Nl,Sv,No,Da)
YS8E	Spiderwick Chronicles, The (USA) (En,Fr,De,Es,It)
YSAE	Sarah - Keeper of the Unicorn (USA) (En,Es)
YSBP	Scrabble Interactive - 2007 Edition (Europe) (En,Fr)
YSCE	Learn Chess (USA)
YSFE	Spider-Man - Friend or Foe (USA)
YSFP	Spider-Man - Friend or Foe (Europe)
YSHE	Spanish for Everyone! (USA)
YSIE	Tom Clancy's Splinter Cell - Conviction (USA) (Proto)
YSJP	Subbuteo (Europe) (En,Fr,De,Es,It)
YSLE	Sands of Destruction (USA)
YSNP	World Snooker Championship - Season 2007-08 (Europe)
YSOP	Stratego - Next Edition (Europe) (En,Fr,De,Es,Nl)
YSPE	Spore Creatures (USA) (En,Fr,De,Es,It,Nl)
YSPJ	Spore Creatures (Japan) (En,Ja)
YSPK	Spore Creatures (Korea) (En,Ko)
YSPP	Spore Creatures (Europe) (En,Fr,De,Es,It,Nl)
YSQE	Brain Voyage (USA) (En,Fr,Es)
YSQP	Dr Reiner Knizia's Brainbenders (Europe) (En,Fr,De,Es,It)
YSRE	Hello Kitty - Daily (USA)
YSRP	Hello Kitty - Daily (Europe)
YSSE	Legendary Starfy, The (USA)
YSTE	Star Wars - The Force Unleashed (USA) (En,Fr,De,Es,It)
YSTP	Star Wars - The Force Unleashed (Europe) (En,Fr,De,Es,It)
YSWE	Reversal Challenge (USA)
YSXE	Strawberry Shortcake - The Four Seasons Cake (USA) (En,Fr,Es)
YSXP	Strawberry Shortcake - The Four Seasons Cake (Europe) (En,Fr,De,Es,It,Nl)
YSYE	Showtime Championship Boxing (USA)
YSYP	Showtime Championship Boxing (Europe) (En,Fr,De,Es,It)
YSZE	Simpsons Game, The (USA)
YSZP	Simpsons Game, The (Europe)
YT2E	Best of Tests DS (USA) (En,Fr,Es)
YT2P	Best of Tests DS (Europe) (En,Fr,De,Es,It,Pt)
YT3E	Tamagotchi Connection - Corner Shop 3 (USA)
YT3P	Tamagotchi Connexion - Corner Shop 3 (Europe) (En,Fr,De,Es,It)
YT4E	Tak - Mojo Mistake (USA)
YT5P	Tangram Mania (Europe) (En,Fr,De,Es,It)
YT7E	SEGA Superstars Tennis (USA) (En,Fr,De,Es,It)
YT7P	SEGA Superstars Tennis (Europe) (En,Fr,De,Es,It)
YT8E	Tiger Woods PGA Tour 08 (USA) (En,Fr)
YT8P	Tiger Woods PGA Tour 08 (Europe) (En,Fr)
YT9E	Tony Hawk's Proving Ground (USA)
YT9P	Tony Hawk's Proving Ground (Europe) (En,Fr,De,Es,It)
YTAX	MTV Fan Attack (Europe) (En,Fr,De,Es,It)
YTAY	MTV Fan Attack (Europe) (En,Nl,Sv,No,Da)
YTEE	Tom Clancy's EndWar (USA) (En,Fr)
YTEP	Tom Clancy's EndWar (Europe) (En,Fr,De,Es,It)
YTJE	Cheetah Girls, The - Passport to Stardom (USA)
YTLE	th!nk - Logic Trainer (USA)
YTLP	Think - Train Your Brain - Logic Trainer (Europe) (En,De)
YTME	Tsumiki - Block Drop Mania (USA) (En,Fr,Es)
YTMP	Tsumiki - The Infernal Tower (Europe) (En,Fr,De,Es,It)
YTRE	Tornado (USA) (En,Fr)
YTRP	Tornado (Europe) (En,Fr)
YTSP	Totally Spies! 3 - Secret Agents (Europe) (En,Fr,De,Es,It,Nl)
YTVE	Thrillville - Off the Rails (USA) (En,Fr,Es)
YTVP	Thrillville - Off the Rails (Europe) (En,Fr,De,Es,It)
YTZE	Teenage Zombies - Invasion of the Alien Brain Thingys (USA)
YTZP	Teenage Zombies - Invasion of the Alien Brain Thingys (Europe) (En,Fr,De,Es,It)
YU2P	Paint by DS - Classic Masterpieces (Europe) (En,Fr,It)
YU3P	Happy Bakery (Europe) (En,Fr,De,Es,It)
YU6E	National Geographic - Panda (USA) (En,Fr)
YU6J	National Geographic - Panda (USA) (En,Fr) (Beta 1)
YU6P	Petz - My Baby Panda (Europe) (En,Fr,De,Es,It,Nl,Sv,No,Da)
YUBE	Dream Pinball 3D (USA) (En,Fr,De,Es,It)
YUBP	Dream Pinball 3D (Europe) (En,Fr,De,Es,It)
YUHE	My Little Pony - Pinkie Pie's Party (USA)
YUIE	Princess on Ice (USA) (En,Fr,Es)
YUIP	Princess on Ice (Europe) (En,Fr,De,Es,It)
YUKE	Hello Kitty - Big City Dreams (USA) (En,Fr,Es)
YUKP	Hello Kitty - Big City Dreams (Europe) (En,Fr,De,Es,It,Nl,Pt)
YUKX	Hello Kitty - Big City Dreams (Europe) (En,Sv,No,Da)
YUSE	Ultimate Puzzle Games - Sudoku Edition (USA)
YUSP	Super Fun Sudoku (Europe) (En,De,Es,It)
YUTE	Ultimate Mortal Kombat (USA) (En,Fr,De,Es,It)
YUTP	Ultimate Mortal Kombat (Europe) (En,Fr,De,Es,It)
YUWP	Undercover - Dual Motives (Europe) (En,Fr,De,Es,It)
YUXE	Top Spin 3 (USA)
YUXP	Top Spin 3 (Europe) (En,Fr,De,Es,It)
YV4E	Spectrobes - Beyond the Portals (USA)
YV4P	Spectrobes - Beyond the Portals (Europe) (En,Fr,De,Es,It,Nl)
YV5E	Dragon Quest V - Hand of the Heavenly Bride (USA) (En,Fr,Es)
YV5P	Dragon Quest - The Hand of the Heavenly Bride (Europe) (En,Fr,De,Es,It)
YVIE	Dragon Quest VI - Realms of Revelation (USA) (En,Fr,Es)
YVIP	Dragon Quest VI - Realms of Reverie (Europe) (En,Fr,De,Es,It)
YVJE	thinkSMART - Labyrinth (USA) (En,Fr)
YVJP	Labyrinth (Europe) (En,Fr,De) (Ravensburger)
YVPE	Valkyrie Profile - Covenant of the Plume (USA)
YVPP	Valkyrie Profile - Covenant of the Plume (Europe)
YVSE	From the Abyss (USA)
YVSP	From the Abyss (Europe) (En,Fr,De,Es,It)
YVTE	Operation - Vietnam (USA)
YVTP	Operation - Vietnam (Europe) (En,Fr,Es,It)
YW2E	Advance Wars - Days of Ruin (USA) (En,Fr,Es)
YW2P	Advance Wars - Dark Conflict (Europe) (En,Fr,De,Es,It)
YW3E	Hello Kitty - Party (USA) (En,Fr,De,Es,It,Nl)
YW3P	Happy Party with Hello Kitty & Friends! (Europe) (En,Fr,De,Es,It,Nl)
YW4E	Spectral Force - Genesis (USA)
YW4P	Spectral Force - Genesis (Europe)
YW5P	Who Wants to Be a Millionaire - 1st Edition (Europe) (En,Fr,De,Es,It,Nl)
YW7E	Commando - Steel Disaster (USA) (En,Fr,Es)
YW8E	Pro Evolution Soccer 2008 (USA) (En,Es)
YW8P	Pro Evolution Soccer 2008 (Europe) (En,Fr,De,Es,It)
YW9P	WWE SmackDown vs Raw 2009 Featuring ECW (United Kingdom)
YW9X	WWE SmackDown vs Raw 2009 Featuring ECW (Europe) (En,Fr,De,Es,It)
YWBE	World Series of Poker 2008 - The Official Video Game - Battle for the Bracelets (USA)
YWBP	World Series of Poker 2008 - The Official Video Game - Battle for the Bracelets (Europe)
YWCE	Winx Club - Mission Enchantix (USA) (En,Fr,De,Es,It)
YWCP	Winx Club - Mission Enchantix (Europe) (En,Fr,De,Es,It)
YWDE	I Love Horses (USA)
YWDP	I Love Horses (Europe) (En,Fr,De,Es,It)
YWDX	I Love Horses (Europe) (En,Fr,Es,It,Nl)
YWDZ	I Love Horses (Europe) (En,Fr,Es,It,Nl) (Rev 1) (YWDZ)
YWGD	Wilden Huehner und die Jagd nach dem Rubinherz, Die (Europe) (En,De,Sv)
YWHP	Water Horse, The - Legend of the Deep (Europe) (En,Fr,De,Es,It,Nl,Pt,Sv,No,Da,Fi)
YWJE	WordJong (USA)
YWJP	WordJong (Europe)
YWKE	Don King Boxing (USA) (En,Fr,De,Es,It)
YWKP	Don King Boxing (Europe) (En,Fr,De,Es,It)
YWLE	WALL-E (USA) (En,Fr)
YWLP	WALL-E (Europe)
YWLX	WALL-E (Europe) (En,Sv,No,Da)
YWOP	Top Trumps - Doctor Who (Europe)
YWQE	Double Sequence - The Q-Virus Invasion (USA) (En,Fr,De,Es,It)
YWRE	Wacky Races - Crash & Dash (USA) (En,Fr,De,Es,It)
YWRP	Wacky Races - Crash & Dash (Europe) (En,Fr,De,Es,It)
YWSE	Sonic Chronicles - The Dark Brotherhood (USA) (En,Fr,De,Es,It)
YWXP	CrossworDS (Europe) (En,Fr,De,Es,It)
YWZE	Zubo (USA) (En,Fr,Es)
YWZJ	Toobo (Japan) (En,Ja)
YWZP	Zubo (Europe) (En,Fr,De,Es,It,Nl,Sv)
YX8E	Tomb Raider - Underworld (USA) (En,Fr,Es)
YX8P	Tomb Raider - Underworld (Europe) (En,Fr,De,Nl)
YX8X	Tomb Raider - Underworld (Europe) (En,Es,It)
YXVP	Double Sequence - The Q-Virus Invasion (Europe) (En,Fr,De,Es,It)
YXXE	Space Invaders Extreme (USA) (En,Ja,Fr,De,Es,It)
YXXP	Space Invaders Extreme (Europe) (En,Ja,Fr,De,Es,It)
YXYE	USA Today - Crossword Challenge (USA) (En,Es)
YYBE	Blue Dragon Plus (USA)
YYBP	Blue Dragon Plus (Europe) (En,Fr,De,Es,It)
YYCE	Carnival Games (USA) (En,Fr)
YYCP	Carnival Games (Europe) (En,Fr,De,Es,It,Nl)
YYEP	Cornelsen Trainer - Mathe - Klasse 5 (Europe) (En,De)
YYHP	Doodle Hex (Europe) (En,Fr,De,Es,It)
YYJE	Dokapon Journey (USA)
YYKE	Trauma Center - Under the Knife 2 (USA)
YYLX	Prinzessin Lillifee - Meine Wunderbare Welt (Germany) (En,De)
YYRE	Speed Racer - The Videogame (USA) (En,Fr,Es,Pt)
YYRJ	Speed Racer (Japan) (En,Ja)
YYRP	Speed Racer - The Videogame (Europe) (En,Fr,De,Es,It,Nl)
YYTE	Toy Shop (USA)
YYTP	Toy Shop Tycoon (Europe) (En,Fr,De,Es,It,Pt)
YYUE	Defendin' DePenguin (USA) (En,Es)
YYUP	Defendin' DePenguin (Europe) (Rev 1)
YYWE	Touch Mechanic (USA) (En,Fr,Es)
YZHE	Zoo Hospital (USA)
YZHP	Zoo Hospital (United Kingdom)
YZHX	Zoo Hospital (Europe) (En,Fr,De,Es,It)
YZTE	Zoo Tycoon 2 DS (USA)
YZTP	Zoo Tycoon 2 DS (Europe) (En,Fr,De,Es,It)
YZXE	Mega Man ZX - Advent (USA)
YZXP	Mega Man ZX - Advent (Europe) (En,Ja,Fr,De,Es,It)
YZYE	Zoey 101 - Field Trip Fiasco (USA)
